; generated by PrusaSlicer 2.9.6 on 2026-09-08 at 21:05:19 UTC

; EXPERIMENTAL. Clay profiles for Potterbot 9. Layer height 1.5 mm from official 3D Potter Fine except the 1 mm nozzle (0.8 mm so extrusion width stays above layer height). Line width equals the installed nozzle. Bottoms are Archimedean chords; tops are rectilinear; sparse infill is grid. 15% infill overlap so bottoms meet the wall. PrusaSlicer Preview draws flat clay beads as rounder tubes — the dark grid is the viewer, not missing clay. Speeds from official Cura (40 mm/s print, 80 travel, 20 bottom). Printer retract is E-80 at 17 mm/s with 5 mm Z-hop (official end feed, not FAQ 1000 mm/s). Spiral vase walls do not travel so they do not retract; skirt, bottoms, infill, and hops between objects do. End G-code still pulls E-500.

; external perimeters extrusion width = 7.00mm
; perimeters extrusion width = 7.00mm
; infill extrusion width = 7.00mm
; solid infill extrusion width = 7.00mm
; top infill extrusion width = 7.00mm
; first layer extrusion width = 7.00mm

;TYPE:Custom
; EXPERIMENTAL PrusaSlicer Potterbot 9 - not production-ready
; Start matches official Cura 3D Potter Standard
T0
G21
G90
M83
M107
G28 ;Home all
G21 ; set units to millimeters
G90 ; use absolute coordinates
M83 ; use relative distances for extrusion
M107 ; disable fan
;LAYER_CHANGE
;Z:1.5
;HEIGHT:1.5
G1 E-80 F1020 ; retract
G1 Z6.5 F960 ; lift
G1 X115.708 Y110.549 F4800 ; move to first layer point
G1 Z1.5 F960 ; move to first layer point
G1 E90 F1020 ;  ; unretract
M204 P500 ; adjust acceleration
;TYPE:Skirt/Brim
;WIDTH:7
G1 F2400
G1 X122.366 Y104.007 E38.87351 ; skirt
G1 X130.333 Y97.555 E42.69552 ; skirt
G1 X138.117 Y92.402 E38.87738 ; skirt
G1 X147.561 Y87.407 E44.49338 ; skirt
G1 X157.067 Y83.566 E42.69875 ; skirt
G1 X166.017 Y80.915 E38.8743 ; skirt
G1 X176.509 Y78.898 E44.49556 ; skirt
G1 X186.723 Y78.005 E42.69995 ; skirt
G1 X197.405 Y78.169 E44.49198 ; skirt
G1 X206.254 Y79.158 E37.0824 ; skirt
G1 X215.401 Y81.019 E38.87445 ; skirt
G1 X225.611 Y84.164 E44.49259 ; skirt
G1 X235.049 Y88.17 E42.70008 ; skirt
G1 X243.252 Y92.624 E38.87364 ; skirt
G1 X252.096 Y98.617 E44.49206 ; skirt
G1 X259.95 Y105.208 E42.70063 ; skirt
G1 X267.388 Y112.877 E44.49303 ; skirt
G1 X273.199 Y120.182 E38.8744 ; skirt
G1 X278.998 Y129.154 E44.49065 ; skirt
G1 X283.093 Y137.061 E37.08398 ; skirt
G1 X286.934 Y146.567 E42.69875 ; skirt
G1 X289.9 Y156.83 E44.49087 ; skirt
G1 X291.778 Y167.347 E44.4924 ; skirt
G1 X292.51 Y176.653 E38.8759 ; skirt
G1 X292.414 Y185.557 E37.08416 ; skirt
G1 X291.342 Y195.754 E42.70092 ; skirt
G1 X289.143 Y206.208 E44.48998 ; skirt
G1 X286.336 Y215.111 E38.87706 ; skirt
G1 X282.33 Y224.549 E42.70008 ; skirt
G1 X277.17 Y233.903 E44.49021 ; skirt
G1 X271.883 Y241.596 E38.87527 ; skirt
G1 X265.292 Y249.45 E42.70063 ; skirt
G1 X257.623 Y256.888 E44.49303 ; skirt
G1 X250.667 Y262.446 E37.08109 ; skirt
G1 X241.719 Y268.283 E44.49301 ; skirt
G1 X232.21 Y273.153 E44.49315 ; skirt
G1 X223.933 Y276.434 E37.08024 ; skirt
G1 X213.669 Y279.4 E44.49488 ; skirt
G1 X203.152 Y281.278 E44.4924 ; skirt
G1 X194.277 Y281.995 E37.08165 ; skirt
G1 X183.595 Y281.831 E44.49198 ; skirt
G1 X174.321 Y280.774 E38.87297 ; skirt
G1 X164.292 Y278.643 E42.6997 ; skirt
G1 X155.389 Y275.836 E38.87706 ; skirt
G1 X145.952 Y271.83 E42.69625 ; skirt
G1 X137.748 Y267.376 E38.8773 ; skirt
G1 X129.248 Y261.642 E42.70107 ; skirt
G1 X121.05 Y254.792 E44.49153 ; skirt
G1 X114.507 Y248.134 E38.87643 ; skirt
G1 X108.054 Y240.166 E42.70137 ; skirt
G1 X102.217 Y231.219 E44.48952 ; skirt
G1 X97.907 Y222.939 E38.87524 ; skirt
G1 X93.926 Y213.025 E44.49271 ; skirt
G1 X91.1 Y203.17 E42.69672 ; skirt
G1 X89.398 Y193.991 E38.87889 ; skirt
G1 X88.505 Y183.777 E42.69995 ; skirt
G1 X88.669 Y173.095 E44.49198 ; skirt
G1 X89.658 Y164.246 E37.0824 ; skirt
G1 X91.857 Y153.792 E44.48998 ; skirt
G1 X95.137 Y143.624 E44.49483 ; skirt
G1 X98.67 Y135.451 E37.08172 ; skirt
G1 X103.83 Y126.097 E44.49021 ; skirt
G1 X109.117 Y118.404 E38.87527 ; skirt
G1 X115.033 Y111.354 E38.32867 ; skirt
M204 P1000 ; adjust acceleration
M204 T2000 ; adjust acceleration
G1 X120.144 Y115.642 F4800 ; move to first skirt point
M204 P500 ; adjust acceleration
G1 F2400
G1 X120.631 Y115.061 E3.15726 ; skirt
G1 X126.791 Y109.008 E35.96682 ; skirt
G1 X134.306 Y102.923 E40.27073 ; skirt
G1 X142.67 Y97.471 E41.57993 ; skirt
G1 X150.33 Y93.484 E35.96377 ; skirt
G1 X159.594 Y89.759 E41.58338 ; skirt
G1 X167.576 Y87.408 E34.65414 ; skirt
G1 X177.069 Y85.563 E40.27474 ; skirt
G1 X187.014 Y84.677 E41.58144 ; skirt
G1 X196.997 Y84.834 E41.5808 ; skirt
G1 X205.577 Y85.812 E35.96404 ; skirt
G1 X215.036 Y87.823 E40.27382 ; skirt
G1 X223.272 Y90.419 E35.96357 ; skirt
G1 X232.174 Y94.198 E40.2759 ; skirt
G1 X239.763 Y98.318 E35.9627 ; skirt
G1 X248.031 Y103.915 E41.58107 ; skirt
G1 X255.669 Y110.346 E41.58327 ; skirt
G1 X262.386 Y117.302 E40.27107 ; skirt
G1 X267.577 Y123.806 E34.65638 ; skirt
G1 X273.029 Y132.17 E41.57993 ; skirt
G1 X277.016 Y139.83 E35.96377 ; skirt
G1 X280.639 Y148.796 E40.2735 ; skirt
G1 X283.407 Y158.389 E41.58132 ; skirt
G1 X285.157 Y168.219 E41.58214 ; skirt
G1 X285.748 Y185.149 E70.55039 ; skirt
G1 X284.737 Y194.767 E40.27624 ; skirt
G1 X282.677 Y204.536 E41.57913 ; skirt
G1 X280.081 Y212.772 E35.96357 ; skirt
G1 X276.302 Y221.674 E40.2759 ; skirt
G1 X271.476 Y230.414 E41.57932 ; skirt
G1 X266.774 Y237.28 E34.65695 ; skirt
G1 X260.369 Y244.939 E41.58066 ; skirt
G1 X253.198 Y251.886 E41.58061 ; skirt
G1 X246.694 Y257.077 E34.65638 ; skirt
G1 X238.33 Y262.529 E41.57993 ; skirt
G1 X229.441 Y267.076 E41.58175 ; skirt
G1 X221.704 Y270.139 E34.65504 ; skirt
G1 X213.424 Y272.592 E35.9647 ; skirt
G1 X203.931 Y274.437 E40.27474 ; skirt
G1 X193.986 Y275.323 E41.58144 ; skirt
G1 X184.003 Y275.166 E41.5808 ; skirt
G1 X175.423 Y274.188 E35.96404 ; skirt
G1 X165.964 Y272.177 E40.27382 ; skirt
G1 X157.728 Y269.581 E35.96357 ; skirt
G1 X148.544 Y265.664 E41.58159 ; skirt
G1 X141.237 Y261.682 E34.6564 ; skirt
G1 X133.22 Y256.274 E40.27424 ; skirt
G1 X125.561 Y249.869 E41.58066 ; skirt
G1 X119.508 Y243.709 E35.96682 ; skirt
G1 X113.423 Y236.194 E40.27073 ; skirt
G1 X107.971 Y227.83 E41.57993 ; skirt
G1 X103.984 Y220.17 E35.96377 ; skirt
G1 X100.361 Y211.204 E40.2735 ; skirt
G1 X97.593 Y201.611 E41.58132 ; skirt
G1 X96.019 Y193.12 E35.96445 ; skirt
G1 X95.177 Y183.486 E40.27514 ; skirt
G1 X95.334 Y173.503 E41.5808 ; skirt
G1 X96.263 Y165.233 E34.65824 ; skirt
G1 X98.323 Y155.464 E41.57913 ; skirt
G1 X101.392 Y145.963 E41.58139 ; skirt
G1 X104.698 Y138.326 E34.65761 ; skirt
G1 X109.524 Y129.586 E41.57932 ; skirt
G1 X114.415 Y122.469 E35.96421 ; skirt
G1 X119.469 Y116.447 E32.74148 ; skirt
M204 P1000 ; adjust acceleration
G1 X124.58 Y120.735 F4800 ; move to first skirt point
M204 P500 ; adjust acceleration
G1 F2400
G1 X125.555 Y119.573 E6.31719 ; skirt
G1 X131.216 Y114.01 E33.05425 ; skirt
G1 X138.278 Y108.291 E37.84533 ; skirt
G1 X144.896 Y103.911 E33.05121 ; skirt
G1 X153.1 Y99.56 E38.67447 ; skirt
G1 X161.526 Y96.156 E37.84668 ; skirt
G1 X169.135 Y93.902 E33.04992 ; skirt
G1 X178.056 Y92.168 E37.84813 ; skirt
G1 X187.305 Y91.348 E38.66989 ; skirt
G1 X196.589 Y91.5 E38.66975 ; skirt
G1 X204.279 Y92.368 E32.22949 ; skirt
G1 X213.364 Y94.288 E38.67151 ; skirt
G1 X220.933 Y96.675 E33.05258 ; skirt
G1 X229.299 Y100.225 E37.84846 ; skirt
G1 X236.273 Y104.012 E33.05009 ; skirt
G1 X243.807 Y109.094 E37.84741 ; skirt
G1 X250.927 Y115.055 E38.67248 ; skirt
G1 X257.385 Y121.727 E38.671 ; skirt
G1 X262.325 Y127.938 E33.05063 ; skirt
G1 X267.275 Y135.56 E37.84959 ; skirt
G1 X270.94 Y142.6 E33.05423 ; skirt
G1 X274.344 Y151.026 E37.84668 ; skirt
G1 X276.913 Y159.948 E38.66663 ; skirt
G1 X278.536 Y169.091 E38.67262 ; skirt
G1 X279.152 Y176.805 E32.22834 ; skirt
G1 X279 Y186.089 E38.66975 ; skirt
G1 X278.101 Y193.975 E33.05511 ; skirt
G1 X276.161 Y203.055 E38.66846 ; skirt
G1 X270.275 Y218.799 E70.00056 ; skirt
G1 X265.782 Y226.925 E38.67046 ; skirt
G1 X261.406 Y233.307 E32.22674 ; skirt
G1 X255.445 Y240.427 E38.67248 ; skirt
G1 X248.773 Y246.885 E38.671 ; skirt
G1 X242.722 Y251.709 E32.22843 ; skirt
G1 X234.94 Y256.775 E38.67157 ; skirt
G1 X226.672 Y261 E38.66856 ; skirt
G1 X219.474 Y263.844 E32.23219 ; skirt
G1 X210.552 Y266.413 E38.66663 ; skirt
G1 X201.409 Y268.036 E38.67262 ; skirt
G1 X193.695 Y268.652 E32.22834 ; skirt
G1 X184.411 Y268.5 E38.66975 ; skirt
G1 X168.943 Y266.05 E65.22179 ; skirt
G1 X160.067 Y263.325 E38.66823 ; skirt
G1 X151.701 Y259.775 E37.84846 ; skirt
G1 X144.727 Y255.988 E33.05009 ; skirt
G1 X137.193 Y250.906 E37.84741 ; skirt
G1 X130.073 Y244.945 E38.67248 ; skirt
G1 X124.51 Y239.284 E33.05425 ; skirt
G1 X118.791 Y232.222 E37.84533 ; skirt
G1 X113.725 Y224.44 E38.67157 ; skirt
G1 X110.06 Y217.4 E33.05423 ; skirt
G1 X106.656 Y208.974 E37.84668 ; skirt
G1 X104.087 Y200.052 E38.66663 ; skirt
G1 X102.64 Y192.248 E33.05486 ; skirt
G1 X101.848 Y183.195 E37.84654 ; skirt
G1 X102 Y173.911 E38.66975 ; skirt
G1 X102.868 Y166.221 E32.22949 ; skirt
G1 X104.788 Y157.136 E38.67151 ; skirt
G1 X107.175 Y149.567 E33.05258 ; skirt
G1 X110.725 Y141.201 E37.84846 ; skirt
G1 X115.218 Y133.075 E38.67046 ; skirt
G1 X119.713 Y126.535 E33.04972 ; skirt
G1 X123.905 Y121.54 E27.15748 ; skirt
M204 P1000 ; adjust acceleration
M204 T500 ; adjust acceleration
G1 X135.13 Y131.127 F4800 ; move to first perimeter point
M204 T2000 ; adjust acceleration
M204 P500 ; adjust acceleration
;TYPE:External perimeter
G1 F2400
G1 X135.604 Y130.572 E3.03962 ; perimeter
G1 X138.267 Y127.767 E16.10786 ; perimeter
G1 X141.072 Y125.104 E16.10786 ; perimeter
G1 X144.013 Y122.593 E16.10518 ; perimeter
G1 X147.081 Y120.238 E16.10735 ; perimeter
G1 X150.243 Y118.065 E15.97844 ; perimeter
G1 X155.848 Y114.764 E27.09025 ; perimeter
G1 X159.282 Y113.052 E15.98014 ; perimeter
G1 X162.8 Y111.522 E15.97684 ; perimeter
G1 X168.932 Y109.35 E27.09229 ; perimeter
G1 X172.629 Y108.325 E15.9775 ; perimeter
G1 X176.405 Y107.488 E16.10741 ; perimeter
G1 X180.219 Y106.85 E16.10466 ; perimeter
G1 X184.031 Y106.415 E15.97866 ; perimeter
G1 X190.538 Y106.132 E27.12497 ; perimeter
G1 X194.366 Y106.232 E15.9477 ; perimeter
G1 X198.221 Y106.535 E16.10422 ; perimeter
G1 X202.056 Y107.04 E16.10929 ; perimeter
G1 X205.858 Y107.745 E16.1039 ; perimeter
G1 X209.619 Y108.648 E16.10837 ; perimeter
G1 X213.298 Y109.737 E15.97887 ; perimeter
G1 X219.391 Y112.016 E27.09213 ; perimeter
G1 X222.882 Y113.607 E15.97746 ; perimeter
G1 X226.285 Y115.378 E15.97664 ; perimeter
G1 X231.832 Y118.777 E27.09338 ; perimeter
G1 X234.956 Y121.005 E15.98017 ; perimeter
G1 X237.958 Y123.394 E15.97798 ; perimeter
G1 X242.755 Y127.789 E27.09493 ; perimeter
G1 X245.396 Y130.572 E15.97833 ; perimeter
G1 X247.907 Y133.513 E16.10518 ; perimeter
G1 X250.262 Y136.581 E16.10735 ; perimeter
G1 X252.452 Y139.768 E16.10435 ; perimeter
G1 X254.473 Y143.065 E16.1052 ; perimeter
G1 X256.303 Y146.437 E15.97796 ; perimeter
G1 X258.988 Y152.329 E26.96584 ; perimeter
G1 X261.15 Y158.432 E26.96454 ; perimeter
G1 X262.175 Y162.129 E15.9775 ; perimeter
G1 X263.005 Y165.875 E15.97912 ; perimeter
G1 X263.967 Y172.309 E27.09319 ; perimeter
G1 X264.268 Y176.134 E15.97902 ; perimeter
G1 X264.369 Y180 E16.10601 ; perimeter
G1 X264.268 Y183.866 E16.10601 ; perimeter
G1 X263.967 Y187.691 E15.97902 ; perimeter
G1 X263.01 Y194.094 E26.96242 ; perimeter
G1 X261.499 Y200.39 E26.96515 ; perimeter
G1 X260.345 Y204.049 E15.97835 ; perimeter
G1 X258.99 Y207.672 E16.10924 ; perimeter
G1 X257.448 Y211.219 E16.10753 ; perimeter
G1 X255.723 Y214.68 E16.10493 ; perimeter
G1 X253.818 Y218.045 E16.10391 ; perimeter
G1 X251.74 Y221.307 E16.1074 ; perimeter
G1 X249.495 Y224.456 E16.10605 ; perimeter
G1 X247.106 Y227.458 E15.97798 ; perimeter
G1 X242.732 Y232.232 E26.96522 ; perimeter
G1 X237.958 Y236.606 E26.96522 ; perimeter
G1 X234.956 Y238.995 E15.97798 ; perimeter
G1 X231.807 Y241.24 E16.10605 ; perimeter
G1 X228.546 Y243.318 E16.10388 ; perimeter
G1 X225.18 Y245.223 E16.10753 ; perimeter
G1 X221.719 Y246.948 E16.10493 ; perimeter
G1 X218.2 Y248.478 E15.98066 ; perimeter
G1 X212.068 Y250.65 E27.09229 ; perimeter
G1 X208.371 Y251.675 E15.9775 ; perimeter
G1 X204.625 Y252.505 E15.97912 ; perimeter
G1 X198.191 Y253.467 E27.09319 ; perimeter
G1 X194.366 Y253.768 E15.97902 ; perimeter
G1 X190.5 Y253.869 E16.10601 ; perimeter
G1 X186.634 Y253.768 E16.10601 ; perimeter
G1 X182.809 Y253.467 E15.97902 ; perimeter
G1 X176.375 Y252.505 E27.09319 ; perimeter
G1 X172.629 Y251.675 E15.97912 ; perimeter
G1 X168.932 Y250.65 E15.9775 ; perimeter
G1 X162.829 Y248.488 E26.96454 ; perimeter
G1 X156.937 Y245.803 E26.96584 ; perimeter
G1 X153.565 Y243.973 E15.97796 ; perimeter
G1 X150.268 Y241.952 E16.1052 ; perimeter
G1 X147.081 Y239.762 E16.10435 ; perimeter
G1 X144.013 Y237.407 E16.10735 ; perimeter
G1 X141.072 Y234.896 E16.10518 ; perimeter
G1 X138.267 Y232.233 E16.10786 ; perimeter
G1 X135.604 Y229.428 E16.10786 ; perimeter
G1 X133.093 Y226.487 E16.10518 ; perimeter
G1 X130.738 Y223.419 E16.10735 ; perimeter
G1 X128.548 Y220.232 E16.10435 ; perimeter
G1 X126.527 Y216.935 E16.1052 ; perimeter
G1 X124.697 Y213.563 E15.97796 ; perimeter
G1 X122.012 Y207.671 E26.96584 ; perimeter
G1 X119.848 Y201.561 E26.9948 ; perimeter
G1 X118.825 Y197.871 E15.94718 ; perimeter
G1 X117.995 Y194.125 E15.97912 ; perimeter
G1 X117.033 Y187.691 E27.09319 ; perimeter
G1 X116.732 Y183.866 E15.97902 ; perimeter
G1 X116.632 Y180.031 E15.97684 ; perimeter
G1 X116.916 Y173.524 E27.12515 ; perimeter
G1 X117.35 Y169.719 E15.94922 ; perimeter
G1 X117.988 Y165.905 E16.10466 ; perimeter
G1 X118.825 Y162.129 E16.10741 ; perimeter
G1 X119.85 Y158.432 E15.9775 ; perimeter
G1 X122.022 Y152.3 E27.09229 ; perimeter
G1 X123.552 Y148.781 E15.98066 ; perimeter
G1 X125.264 Y145.348 E15.97641 ; perimeter
G1 X128.569 Y139.737 E27.12024 ; perimeter
G1 X130.738 Y136.581 E15.94842 ; perimeter
G1 X133.093 Y133.513 E16.10735 ; perimeter
G1 X134.448 Y131.925 E8.69381 ; perimeter
M204 P1000 ; adjust acceleration
;LAYER_CHANGE
;Z:3
;HEIGHT:1.5
G1 Z1.500 F960 ; simple layer change
G1 F2400
G1 Z1.506 X135.604 Y130.572 E0.02842 ; perimeter
G1 Z1.518 X138.267 Y127.767 E0.19603 ; perimeter
G1 Z1.531 X141.072 Y125.104 E0.33029 ; perimeter
G1 Z1.543 X144.013 Y122.593 E0.46444 ; perimeter
G1 Z1.556 X147.081 Y120.238 E0.59876 ; perimeter
G1 Z1.568 X150.243 Y118.065 E0.72607 ; perimeter
G1 Z1.589 X155.848 Y114.764 E1.61074 ; perimeter
G1 Z1.602 X159.281 Y113.052 E1.08201 ; perimeter
G1 Z1.614 X162.8 Y111.522 E1.21444 ; perimeter
G1 Z1.635 X168.953 Y109.344 E2.44810 ; perimeter
G1 Z1.647 X172.629 Y108.325 E1.56133 ; perimeter
G1 Z1.660 X176.405 Y107.488 E1.71729 ; perimeter
G1 Z1.672 X180.219 Y106.85 E1.85120 ; perimeter
G1 Z1.685 X184.031 Y106.415 E1.96883 ; perimeter
G1 Z1.706 X190.552 Y106.132 E3.73176 ; perimeter
G1 Z1.718 X194.366 Y106.232 E2.31197 ; perimeter
G1 Z1.731 X198.221 Y106.535 E2.47742 ; perimeter
G1 Z1.743 X202.056 Y107.04 E2.61248 ; perimeter
G1 Z1.756 X205.858 Y107.745 E2.74580 ; perimeter
G1 Z1.768 X209.619 Y108.648 E2.88082 ; perimeter
G1 Z1.781 X213.298 Y109.737 E2.98978 ; perimeter
G1 Z1.802 X219.362 Y112.005 E5.42117 ; perimeter
G1 Z1.823 X225.225 Y114.803 E5.81851 ; perimeter
G1 Z1.835 X228.545 Y116.682 E3.54736 ; perimeter
G1 Z1.847 X231.807 Y118.76 E3.73072 ; perimeter
G1 Z1.860 X234.956 Y121.005 E3.86463 ; perimeter
G1 Z1.872 X237.958 Y123.394 E3.96600 ; perimeter
G1 Z1.893 X242.755 Y127.789 E7.10529 ; perimeter
G1 Z1.906 X245.396 Y130.572 E4.32221 ; perimeter
G1 Z1.918 X247.907 Y133.513 E4.49074 ; perimeter
G1 Z1.931 X250.262 Y136.581 E4.62559 ; perimeter
G1 Z1.943 X252.435 Y139.743 E4.72068 ; perimeter
G1 Z1.964 X255.736 Y145.348 E8.38330 ; perimeter
G1 Z1.977 X257.448 Y148.781 E5.07611 ; perimeter
G1 Z1.989 X258.978 Y152.3 E5.20960 ; perimeter
G1 Z2.010 X261.15 Y158.432 E9.21173 ; perimeter
G1 Z2.022 X262.175 Y162.129 E5.56465 ; perimeter
G1 Z2.035 X263.005 Y165.875 E5.69733 ; perimeter
G1 Z2.056 X263.967 Y172.309 E10.03986 ; perimeter
G1 Z2.068 X264.268 Y176.134 E6.05342 ; perimeter
G1 Z2.081 X264.368 Y179.969 E6.18468 ; perimeter
G1 Z2.102 X264.085 Y186.469 E10.86878 ; perimeter
G1 Z2.114 X263.65 Y190.281 E6.54153 ; perimeter
G1 Z2.126 X263.017 Y194.065 E6.67335 ; perimeter
G1 Z2.148 X261.499 Y200.39 E11.69385 ; perimeter
G1 Z2.160 X260.345 Y204.05 E7.03136 ; perimeter
G1 Z2.172 X258.99 Y207.672 E7.21970 ; perimeter
G1 Z2.185 X257.448 Y211.218 E7.35315 ; perimeter
G1 Z2.197 X255.723 Y214.68 E7.48968 ; perimeter
G1 Z2.210 X253.818 Y218.045 E7.62167 ; perimeter
G1 Z2.222 X251.757 Y221.281 E7.69419 ; perimeter
G1 Z2.243 X247.887 Y226.511 E13.42781 ; perimeter
G1 Z2.256 X245.396 Y229.428 E8.04880 ; perimeter
G1 Z2.268 X242.755 Y232.211 E8.18254 ; perimeter
G1 Z2.289 X237.958 Y236.606 E14.25526 ; perimeter
G1 Z2.302 X234.956 Y238.995 E8.53848 ; perimeter
G1 Z2.314 X231.807 Y241.24 E8.74115 ; perimeter
G1 Z2.327 X228.546 Y243.318 E8.87416 ; perimeter
G1 Z2.339 X225.18 Y245.223 E9.01042 ; perimeter
G1 Z2.352 X221.719 Y246.948 E9.14318 ; perimeter
G1 Z2.364 X218.2 Y248.478 E9.20477 ; perimeter
G1 Z2.385 X212.068 Y250.65 E15.98480 ; perimeter
G1 Z2.397 X208.371 Y251.675 E9.55903 ; perimeter
G1 Z2.410 X204.625 Y252.505 E9.69211 ; perimeter
G1 Z2.431 X198.191 Y253.467 E16.81316 ; perimeter
G1 Z2.443 X194.366 Y253.768 E10.04818 ; perimeter
G1 Z2.456 X190.5 Y253.869 E10.26227 ; perimeter
G1 Z2.468 X186.634 Y253.768 E10.39649 ; perimeter
G1 Z2.481 X182.809 Y253.467 E10.44664 ; perimeter
G1 Z2.502 X176.375 Y252.505 E18.09259 ; perimeter
G1 Z2.514 X172.629 Y251.675 E10.80283 ; perimeter
G1 Z2.526 X168.932 Y250.65 E10.93383 ; perimeter
G1 Z2.547 X162.829 Y248.488 E18.82878 ; perimeter
G1 Z2.568 X156.937 Y245.803 E19.20595 ; perimeter
G1 Z2.581 X153.565 Y243.973 E11.51212 ; perimeter
G1 Z2.593 X150.268 Y241.952 E11.73801 ; perimeter
G1 Z2.606 X147.081 Y239.762 E11.87159 ; perimeter
G1 Z2.618 X144.013 Y237.407 E12.00805 ; perimeter
G1 Z2.631 X141.072 Y234.896 E12.14065 ; perimeter
G1 Z2.643 X138.267 Y232.233 E12.27693 ; perimeter
G1 Z2.656 X135.604 Y229.428 E12.41118 ; perimeter
G1 Z2.668 X133.093 Y226.487 E12.54333 ; perimeter
G1 Z2.681 X130.738 Y223.419 E12.67927 ; perimeter
G1 Z2.693 X128.548 Y220.232 E12.81111 ; perimeter
G1 Z2.706 X126.527 Y216.935 E12.94600 ; perimeter
G1 Z2.718 X124.697 Y213.563 E12.97581 ; perimeter
G1 Z2.739 X122.012 Y207.671 E22.27541 ; perimeter
G1 Z2.760 X119.85 Y201.568 E22.65056 ; perimeter
G1 Z2.772 X118.825 Y197.871 E13.55340 ; perimeter
G1 Z2.785 X117.995 Y194.125 E13.68689 ; perimeter
G1 Z2.806 X117.031 Y187.669 E23.66770 ; perimeter
G1 Z2.818 X116.732 Y183.866 E13.96208 ; perimeter
G1 Z2.831 X116.631 Y180 E14.28877 ; perimeter
G1 Z2.843 X116.732 Y176.134 E14.42299 ; perimeter
G1 Z2.856 X117.033 Y172.309 E14.44139 ; perimeter
G1 Z2.877 X117.995 Y165.875 E24.86589 ; perimeter
G1 Z2.889 X118.825 Y162.129 E14.79761 ; perimeter
G1 Z2.901 X119.85 Y158.432 E14.92820 ; perimeter
G1 Z2.923 X122.03 Y152.28 E25.77912 ; perimeter
G1 Z2.935 X123.552 Y148.782 E15.19786 ; perimeter
G1 Z2.947 X125.277 Y145.32 E15.54401 ; perimeter
G1 Z2.960 X127.182 Y141.955 E15.67362 ; perimeter
G1 Z2.972 X129.243 Y138.719 E15.68321 ; perimeter
G1 Z2.993 X133.126 Y133.473 E27.06228 ; perimeter
G1 Z3.000 X134.448 Y131.925 E8.47788 ; perimeter
;LAYER_CHANGE
;Z:4.5
;HEIGHT:1.5
G1 Z3.000 F960 ; simple layer change
G1 F2400
G1 Z3.006 X135.604 Y130.572 E7.41137 ; perimeter
G1 Z3.018 X138.267 Y127.767 E16.10782 ; perimeter
G1 Z3.031 X141.072 Y125.104 E16.10791 ; perimeter
G1 Z3.043 X144.013 Y122.593 E16.10516 ; perimeter
G1 Z3.056 X147.081 Y120.238 E16.10737 ; perimeter
G1 Z3.068 X150.243 Y118.065 E15.97844 ; perimeter
G1 Z3.089 X155.848 Y114.764 E27.09025 ; perimeter
G1 Z3.102 X159.281 Y113.052 E15.97641 ; perimeter
G1 Z3.114 X162.800 Y111.522 E15.98060 ; perimeter
G1 Z3.135 X168.932 Y109.351 E27.09235 ; perimeter
G1 Z3.147 X172.629 Y108.325 E15.97714 ; perimeter
G1 Z3.160 X176.405 Y107.488 E16.10741 ; perimeter
G1 Z3.172 X180.219 Y106.850 E16.10466 ; perimeter
G1 Z3.185 X184.031 Y106.415 E15.97866 ; perimeter
G1 Z3.206 X190.567 Y106.132 E27.24550 ; perimeter
G1 Z3.218 X194.366 Y106.232 E15.82700 ; perimeter
G1 Z3.231 X198.221 Y106.535 E16.10422 ; perimeter
G1 Z3.243 X202.056 Y107.040 E16.10929 ; perimeter
G1 Z3.256 X205.828 Y107.739 E15.97652 ; perimeter
G1 Z3.277 X212.121 Y109.385 E27.08961 ; perimeter
G1 Z3.289 X215.745 Y110.638 E15.97167 ; perimeter
G1 Z3.302 X219.362 Y112.005 E16.10164 ; perimeter
G1 Z3.314 X222.858 Y113.657 E16.10360 ; perimeter
G1 Z3.326 X226.277 Y115.393 E15.96694 ; perimeter
G1 Z3.348 X231.832 Y118.777 E27.09092 ; perimeter
G1 Z3.360 X234.956 Y121.005 E15.98014 ; perimeter
G1 Z3.372 X237.958 Y123.394 E15.97803 ; perimeter
G1 Z3.393 X242.755 Y127.789 E27.09488 ; perimeter
G1 Z3.406 X245.396 Y130.572 E15.97833 ; perimeter
G1 Z3.418 X247.907 Y133.513 E16.10518 ; perimeter
G1 Z3.431 X250.262 Y136.581 E16.10735 ; perimeter
G1 Z3.443 X252.451 Y139.769 E16.10395 ; perimeter
G1 Z3.456 X254.431 Y143.090 E16.10290 ; perimeter
G1 Z3.468 X256.290 Y146.444 E15.96936 ; perimeter
G1 Z3.489 X258.988 Y152.329 E26.96390 ; perimeter
G1 Z3.510 X261.150 Y158.432 E26.96446 ; perimeter
G1 Z3.522 X262.175 Y162.129 E15.97750 ; perimeter
G1 Z3.535 X263.005 Y165.875 E15.97912 ; perimeter
G1 Z3.556 X263.967 Y172.309 E27.09325 ; perimeter
G1 Z3.568 X264.268 Y176.134 E15.97896 ; perimeter
G1 Z3.581 X264.368 Y179.969 E15.97684 ; perimeter
G1 Z3.602 X264.085 Y186.469 E27.09584 ; perimeter
G1 Z3.614 X263.650 Y190.281 E15.97864 ; perimeter
G1 Z3.626 X263.017 Y194.065 E15.97797 ; perimeter
G1 Z3.648 X261.499 Y200.390 E27.08936 ; perimeter
G1 Z3.660 X260.345 Y204.050 E15.98236 ; perimeter
G1 Z3.672 X258.990 Y207.672 E16.10535 ; perimeter
G1 Z3.685 X257.448 Y211.219 E16.10754 ; perimeter
G1 Z3.697 X255.723 Y214.680 E16.10485 ; perimeter
G1 Z3.710 X253.818 Y218.045 E16.10400 ; perimeter
G1 Z3.722 X251.757 Y221.281 E15.97798 ; perimeter
G1 Z3.743 X247.887 Y226.511 E27.09575 ; perimeter
G1 Z3.756 X245.396 Y229.428 E15.97508 ; perimeter
G1 Z3.768 X242.755 Y232.211 E15.97833 ; perimeter
G1 Z3.789 X237.958 Y236.606 E27.09493 ; perimeter
G1 Z3.802 X234.956 Y238.995 E15.97798 ; perimeter
G1 Z3.814 X231.807 Y241.240 E16.10609 ; perimeter
G1 Z3.827 X228.546 Y243.318 E16.10385 ; perimeter
G1 Z3.839 X225.180 Y245.223 E16.10753 ; perimeter
G1 Z3.852 X221.719 Y246.948 E16.10493 ; perimeter
G1 Z3.864 X218.200 Y248.478 E15.98066 ; perimeter
G1 Z3.885 X212.068 Y250.650 E27.09229 ; perimeter
G1 Z3.897 X208.371 Y251.675 E15.97752 ; perimeter
G1 Z3.910 X204.625 Y252.505 E15.97911 ; perimeter
G1 Z3.931 X198.191 Y253.467 E27.09319 ; perimeter
G1 Z3.943 X194.366 Y253.768 E15.97902 ; perimeter
G1 Z3.956 X190.500 Y253.869 E16.10601 ; perimeter
G1 Z3.968 X186.634 Y253.768 E16.10601 ; perimeter
G1 Z3.981 X182.809 Y253.467 E15.97902 ; perimeter
G1 Z4.002 X176.375 Y252.505 E27.09319 ; perimeter
G1 Z4.014 X172.629 Y251.675 E15.97911 ; perimeter
G1 Z4.026 X168.932 Y250.650 E15.97752 ; perimeter
G1 Z4.048 X162.800 Y248.477 E27.09196 ; perimeter
G1 Z4.060 X159.290 Y246.929 E15.97566 ; perimeter
G1 Z4.072 X155.851 Y245.231 E15.97452 ; perimeter
G1 Z4.093 X150.213 Y241.915 E27.24129 ; perimeter
G1 Z4.106 X147.081 Y239.762 E15.82834 ; perimeter
G1 Z4.118 X144.013 Y237.407 E16.10735 ; perimeter
G1 Z4.131 X141.072 Y234.896 E16.10518 ; perimeter
G1 Z4.143 X138.267 Y232.233 E16.10786 ; perimeter
G1 Z4.156 X135.604 Y229.428 E16.10786 ; perimeter
G1 Z4.168 X133.093 Y226.487 E16.10518 ; perimeter
G1 Z4.181 X130.739 Y223.419 E16.10481 ; perimeter
G1 Z4.193 X128.548 Y220.232 E16.10675 ; perimeter
G1 Z4.206 X126.527 Y216.935 E16.10522 ; perimeter
G1 Z4.218 X124.697 Y213.563 E15.97793 ; perimeter
G1 Z4.239 X122.012 Y207.671 E26.96579 ; perimeter
G1 Z4.260 X119.850 Y201.568 E26.96460 ; perimeter
G1 Z4.272 X118.825 Y197.871 E15.97750 ; perimeter
G1 Z4.285 X117.995 Y194.125 E15.97912 ; perimeter
G1 Z4.306 X117.030 Y187.655 E27.24333 ; perimeter
G1 Z4.318 X116.732 Y183.866 E15.82856 ; perimeter
G1 Z4.331 X116.631 Y180.000 E16.10601 ; perimeter
G1 Z4.343 X116.732 Y176.134 E16.10601 ; perimeter
G1 Z4.356 X117.033 Y172.309 E15.97902 ; perimeter
G1 Z4.377 X117.995 Y165.875 E27.09319 ; perimeter
G1 Z4.389 X118.825 Y162.129 E15.97912 ; perimeter
G1 Z4.401 X119.850 Y158.432 E15.97750 ; perimeter
G1 Z4.423 X122.022 Y152.300 E27.09229 ; perimeter
G1 Z4.435 X123.552 Y148.781 E15.98067 ; perimeter
G1 Z4.447 X125.263 Y145.348 E15.97453 ; perimeter
G1 Z4.468 X128.585 Y139.713 E27.24219 ; perimeter
G1 Z4.481 X130.739 Y136.582 E15.82812 ; perimeter
G1 Z4.493 X133.093 Y133.513 E16.10735 ; perimeter
G1 Z4.500 X134.448 Y131.925 E8.69377 ; perimeter
;LAYER_CHANGE
;Z:6
;HEIGHT:1.5
G1 Z4.500 F960 ; simple layer change
G1 F2400
G1 Z4.506 X135.604 Y130.572 E7.41133 ; perimeter
G1 Z4.518 X138.267 Y127.767 E16.10788 ; perimeter
G1 Z4.531 X141.072 Y125.104 E16.10788 ; perimeter
G1 Z4.543 X144.013 Y122.593 E16.10518 ; perimeter
G1 Z4.556 X147.081 Y120.238 E16.10735 ; perimeter
G1 Z4.568 X150.269 Y118.050 E16.10377 ; perimeter
G1 Z4.581 X153.599 Y116.084 E16.10274 ; perimeter
G1 Z4.593 X156.946 Y114.215 E15.96651 ; perimeter
G1 Z4.614 X162.829 Y111.512 E26.96310 ; perimeter
G1 Z4.635 X168.932 Y109.350 E26.96459 ; perimeter
G1 Z4.647 X172.629 Y108.325 E15.97750 ; perimeter
G1 Z4.660 X176.405 Y107.488 E16.10747 ; perimeter
G1 Z4.672 X180.219 Y106.850 E16.10460 ; perimeter
G1 Z4.685 X184.031 Y106.415 E15.97866 ; perimeter
G1 Z4.706 X190.581 Y106.132 E27.30382 ; perimeter
G1 Z4.718 X194.366 Y106.232 E15.76865 ; perimeter
G1 Z4.731 X198.221 Y106.535 E16.10416 ; perimeter
G1 Z4.743 X202.056 Y107.040 E16.10935 ; perimeter
G1 Z4.756 X205.858 Y107.746 E16.10350 ; perimeter
G1 Z4.768 X209.605 Y108.703 E16.10601 ; perimeter
G1 Z4.781 X213.292 Y109.754 E15.96883 ; perimeter
G1 Z4.802 X219.391 Y112.016 E27.08968 ; perimeter
G1 Z4.814 X222.882 Y113.607 E15.97745 ; perimeter
G1 Z4.826 X226.285 Y115.378 E15.97666 ; perimeter
G1 Z4.848 X231.832 Y118.777 E27.09335 ; perimeter
G1 Z4.860 X234.956 Y121.005 E15.98019 ; perimeter
G1 Z4.872 X237.958 Y123.394 E15.97793 ; perimeter
G1 Z4.893 X242.755 Y127.789 E27.09498 ; perimeter
G1 Z4.906 X245.396 Y130.572 E15.97833 ; perimeter
G1 Z4.918 X247.907 Y133.513 E16.10514 ; perimeter
G1 Z4.931 X250.262 Y136.581 E16.10739 ; perimeter
G1 Z4.943 X252.435 Y139.743 E15.97852 ; perimeter
G1 Z4.964 X255.723 Y145.355 E27.08809 ; perimeter
G1 Z4.977 X257.405 Y148.802 E15.97173 ; perimeter
G1 Z4.989 X258.976 Y152.301 E15.97462 ; perimeter
G1 Z5.010 X261.150 Y158.432 E27.09162 ; perimeter
G1 Z5.022 X262.175 Y162.129 E15.97750 ; perimeter
G1 Z5.035 X263.005 Y165.875 E15.97912 ; perimeter
G1 Z5.056 X263.967 Y172.309 E27.09319 ; perimeter
G1 Z5.068 X264.268 Y176.134 E15.97902 ; perimeter
G1 Z5.081 X264.368 Y180.000 E16.10560 ; perimeter
G1 Z5.093 X264.226 Y183.864 E16.10395 ; perimeter
G1 Z5.106 X263.954 Y187.690 E15.97158 ; perimeter
G1 Z5.127 X263.004 Y194.125 E27.09082 ; perimeter
G1 Z5.139 X262.136 Y197.862 E15.97709 ; perimeter
G1 Z5.151 X261.139 Y201.563 E15.96641 ; perimeter
G1 Z5.173 X258.958 Y207.747 E27.30523 ; perimeter
G1 Z5.185 X257.448 Y211.218 E15.76568 ; perimeter
G1 Z5.197 X255.723 Y214.680 E16.10877 ; perimeter
G1 Z5.210 X253.818 Y218.045 E16.10391 ; perimeter
G1 Z5.222 X251.757 Y221.281 E15.97800 ; perimeter
G1 Z5.243 X247.887 Y226.511 E27.09579 ; perimeter
G1 Z5.256 X245.396 Y229.428 E15.97508 ; perimeter
G1 Z5.268 X242.733 Y232.233 E16.10770 ; perimeter
G1 Z5.281 X239.905 Y234.871 E16.10597 ; perimeter
G1 Z5.293 X237.005 Y237.379 E15.96908 ; perimeter
G1 Z5.314 X231.739 Y241.284 E27.30408 ; perimeter
G1 Z5.327 X228.546 Y243.318 E15.76431 ; perimeter
G1 Z5.339 X225.180 Y245.223 E16.10756 ; perimeter
G1 Z5.352 X221.718 Y246.948 E16.10869 ; perimeter
G1 Z5.364 X218.200 Y248.478 E15.97682 ; perimeter
G1 Z5.385 X212.068 Y250.650 E27.09229 ; perimeter
G1 Z5.397 X208.371 Y251.675 E15.97752 ; perimeter
G1 Z5.410 X204.625 Y252.505 E15.97911 ; perimeter
G1 Z5.431 X198.191 Y253.467 E27.09320 ; perimeter
G1 Z5.443 X194.366 Y253.768 E15.97901 ; perimeter
G1 Z5.456 X190.500 Y253.869 E16.10601 ; perimeter
G1 Z5.468 X186.634 Y253.768 E16.10601 ; perimeter
G1 Z5.481 X182.809 Y253.467 E15.97901 ; perimeter
G1 Z5.502 X176.375 Y252.505 E27.09320 ; perimeter
G1 Z5.514 X172.629 Y251.675 E15.97911 ; perimeter
G1 Z5.527 X168.932 Y250.650 E15.97752 ; perimeter
G1 Z5.547 X162.829 Y248.488 E26.96457 ; perimeter
G1 Z5.568 X156.940 Y245.798 E26.96499 ; perimeter
G1 Z5.581 X153.575 Y243.956 E15.97426 ; perimeter
G1 Z5.593 X150.269 Y241.951 E16.10401 ; perimeter
G1 Z5.606 X147.081 Y239.762 E16.10408 ; perimeter
G1 Z5.618 X144.013 Y237.407 E16.10735 ; perimeter
G1 Z5.631 X141.072 Y234.896 E16.10518 ; perimeter
G1 Z5.643 X138.267 Y232.233 E16.10786 ; perimeter
G1 Z5.656 X135.604 Y229.428 E16.10786 ; perimeter
G1 Z5.668 X133.093 Y226.487 E16.10518 ; perimeter
G1 Z5.681 X130.738 Y223.419 E16.10726 ; perimeter
G1 Z5.693 X128.548 Y220.232 E16.10439 ; perimeter
G1 Z5.706 X126.527 Y216.935 E16.10520 ; perimeter
G1 Z5.718 X124.697 Y213.563 E15.97796 ; perimeter
G1 Z5.739 X122.012 Y207.671 E26.96590 ; perimeter
G1 Z5.760 X119.850 Y201.568 E26.96448 ; perimeter
G1 Z5.772 X118.825 Y197.871 E15.97750 ; perimeter
G1 Z5.785 X117.995 Y194.125 E15.97912 ; perimeter
G1 Z5.806 X117.028 Y187.641 E27.30214 ; perimeter
G1 Z5.831 X116.631 Y180.000 E31.86501 ; perimeter
G1 Z5.843 X116.732 Y176.134 E16.10601 ; perimeter
G1 Z5.856 X117.033 Y172.309 E15.97902 ; perimeter
G1 Z5.877 X117.995 Y165.875 E27.09319 ; perimeter
G1 Z5.889 X118.825 Y162.129 E15.97912 ; perimeter
G1 Z5.901 X119.850 Y158.432 E15.97750 ; perimeter
G1 Z5.922 X122.011 Y152.330 E26.95919 ; perimeter
G1 Z5.944 X124.721 Y146.392 E27.18157 ; perimeter
G1 Z5.968 X128.548 Y139.768 E31.86167 ; perimeter
G1 Z5.981 X130.738 Y136.581 E16.10427 ; perimeter
G1 Z5.993 X133.093 Y133.513 E16.10735 ; perimeter
G1 Z6.000 X134.448 Y131.925 E8.69381 ; perimeter
;LAYER_CHANGE
;Z:7.5
;HEIGHT:1.5
G1 Z6.000 F960 ; simple layer change
G1 F2400
G1 Z6.018 X138.267 Y127.767 E23.51225 ; perimeter
G1 Z6.031 X141.072 Y125.104 E16.10784 ; perimeter
G1 Z6.043 X144.013 Y122.593 E16.10525 ; perimeter
G1 Z6.056 X147.081 Y120.238 E16.10728 ; perimeter
G1 Z6.068 X150.243 Y118.065 E15.97843 ; perimeter
G1 Z6.089 X155.857 Y114.781 E27.08745 ; perimeter
G1 Z6.102 X159.308 Y113.111 E15.96516 ; perimeter
G1 Z6.114 X162.801 Y111.524 E15.97829 ; perimeter
G1 Z6.135 X168.932 Y109.350 E27.09127 ; perimeter
G1 Z6.147 X172.629 Y108.325 E15.97750 ; perimeter
G1 Z6.160 X176.405 Y107.488 E16.10740 ; perimeter
G1 Z6.172 X180.219 Y106.850 E16.10466 ; perimeter
G1 Z6.185 X184.031 Y106.415 E15.97866 ; perimeter
G1 Z6.206 X190.596 Y106.132 E27.36617 ; perimeter
G1 Z6.218 X194.365 Y106.232 E15.70216 ; perimeter
G1 Z6.231 X198.221 Y106.535 E16.10838 ; perimeter
G1 Z6.243 X202.056 Y107.040 E16.10923 ; perimeter
G1 Z6.256 X205.858 Y107.745 E16.10390 ; perimeter
G1 Z6.268 X209.619 Y108.648 E16.10830 ; perimeter
G1 Z6.281 X213.298 Y109.737 E15.97895 ; perimeter
G1 Z6.302 X219.391 Y112.016 E27.09218 ; perimeter
G1 Z6.314 X222.882 Y113.607 E15.97736 ; perimeter
G1 Z6.326 X226.285 Y115.378 E15.97670 ; perimeter
G1 Z6.348 X231.832 Y118.777 E27.09338 ; perimeter
G1 Z6.360 X234.956 Y121.005 E15.98010 ; perimeter
G1 Z6.372 X237.958 Y123.394 E15.97798 ; perimeter
G1 Z6.393 X242.755 Y127.789 E27.09496 ; perimeter
G1 Z6.406 X245.396 Y130.572 E15.97835 ; perimeter
G1 Z6.418 X247.907 Y133.513 E16.10514 ; perimeter
G1 Z6.431 X250.262 Y136.581 E16.10739 ; perimeter
G1 Z6.443 X252.435 Y139.743 E15.97835 ; perimeter
G1 Z6.464 X255.736 Y145.348 E27.09034 ; perimeter
G1 Z6.477 X257.448 Y148.781 E15.97635 ; perimeter
G1 Z6.489 X258.978 Y152.300 E15.98065 ; perimeter
G1 Z6.510 X261.150 Y158.432 E27.09225 ; perimeter
G1 Z6.522 X262.175 Y162.129 E15.97753 ; perimeter
G1 Z6.535 X263.005 Y165.875 E15.97912 ; perimeter
G1 Z6.556 X263.967 Y172.309 E27.09319 ; perimeter
G1 Z6.568 X264.268 Y176.134 E15.97902 ; perimeter
G1 Z6.581 X264.369 Y180.000 E16.10601 ; perimeter
G1 Z6.593 X264.268 Y183.866 E16.10601 ; perimeter
G1 Z6.606 X263.967 Y187.691 E15.97902 ; perimeter
G1 Z6.627 X263.010 Y194.094 E26.96238 ; perimeter
G1 Z6.648 X261.487 Y200.387 E26.96330 ; perimeter
G1 Z6.660 X260.308 Y204.037 E15.97514 ; perimeter
G1 Z6.672 X258.988 Y207.671 E16.10337 ; perimeter
G1 Z6.685 X257.448 Y211.219 E16.10690 ; perimeter
G1 Z6.697 X255.723 Y214.680 E16.10485 ; perimeter
G1 Z6.710 X253.818 Y218.046 E16.10751 ; perimeter
G1 Z6.722 X251.757 Y221.281 E15.97454 ; perimeter
G1 Z6.743 X247.887 Y226.511 E27.09576 ; perimeter
G1 Z6.756 X245.396 Y229.428 E15.97503 ; perimeter
G1 Z6.768 X242.755 Y232.211 E15.97829 ; perimeter
G1 Z6.789 X237.952 Y236.598 E27.09346 ; perimeter
G1 Z6.802 X234.936 Y238.968 E15.97192 ; perimeter
G1 Z6.814 X231.806 Y241.238 E16.10434 ; perimeter
G1 Z6.827 X228.545 Y243.318 E16.10688 ; perimeter
G1 Z6.839 X225.180 Y245.223 E16.10392 ; perimeter
G1 Z6.852 X221.718 Y246.948 E16.10863 ; perimeter
G1 Z6.864 X218.200 Y248.478 E15.97684 ; perimeter
G1 Z6.885 X212.068 Y250.650 E27.09229 ; perimeter
G1 Z6.897 X208.371 Y251.675 E15.97750 ; perimeter
G1 Z6.910 X204.625 Y252.505 E15.97912 ; perimeter
G1 Z6.931 X198.191 Y253.467 E27.09318 ; perimeter
G1 Z6.943 X194.366 Y253.768 E15.97902 ; perimeter
G1 Z6.956 X190.500 Y253.869 E16.10601 ; perimeter
G1 Z6.968 X186.634 Y253.768 E16.10601 ; perimeter
G1 Z6.981 X182.809 Y253.467 E15.97902 ; perimeter
G1 Z7.002 X176.375 Y252.505 E27.09318 ; perimeter
G1 Z7.014 X172.629 Y251.675 E15.97911 ; perimeter
G1 Z7.026 X168.932 Y250.650 E15.97752 ; perimeter
G1 Z7.047 X162.829 Y248.488 E26.96454 ; perimeter
G1 Z7.068 X156.937 Y245.803 E26.96584 ; perimeter
G1 Z7.081 X153.565 Y243.973 E15.97796 ; perimeter
G1 Z7.093 X150.268 Y241.952 E16.10520 ; perimeter
G1 Z7.106 X147.081 Y239.762 E16.10435 ; perimeter
G1 Z7.118 X144.013 Y237.407 E16.10735 ; perimeter
G1 Z7.131 X141.072 Y234.896 E16.10518 ; perimeter
G1 Z7.143 X138.267 Y232.233 E16.10786 ; perimeter
G1 Z7.156 X135.604 Y229.428 E16.10781 ; perimeter
G1 Z7.168 X133.093 Y226.487 E16.10523 ; perimeter
G1 Z7.181 X130.738 Y223.419 E16.10735 ; perimeter
G1 Z7.193 X128.548 Y220.232 E16.10435 ; perimeter
G1 Z7.206 X126.527 Y216.935 E16.10518 ; perimeter
G1 Z7.218 X124.697 Y213.563 E15.97796 ; perimeter
G1 Z7.239 X122.012 Y207.671 E26.96585 ; perimeter
G1 Z7.260 X119.850 Y201.568 E26.96453 ; perimeter
G1 Z7.272 X118.825 Y197.871 E15.97751 ; perimeter
G1 Z7.285 X117.995 Y194.125 E15.97913 ; perimeter
G1 Z7.306 X117.033 Y187.691 E27.09318 ; perimeter
G1 Z7.318 X116.744 Y183.865 E15.97766 ; perimeter
G1 Z7.331 X116.632 Y180.031 E15.97562 ; perimeter
G1 Z7.352 X116.917 Y173.531 E27.09552 ; perimeter
G1 Z7.364 X117.356 Y169.720 E15.97744 ; perimeter
G1 Z7.377 X117.988 Y165.905 E16.10424 ; perimeter
G1 Z7.389 X118.825 Y162.129 E16.10736 ; perimeter
G1 Z7.401 X119.850 Y158.433 E15.97347 ; perimeter
G1 Z7.423 X122.047 Y152.240 E27.36642 ; perimeter
G1 Z7.447 X125.279 Y145.321 E31.80353 ; perimeter
G1 Z7.460 X127.184 Y141.956 E16.10393 ; perimeter
G1 Z7.472 X129.243 Y138.719 E15.97748 ; perimeter
G1 Z7.494 X133.154 Y133.439 E27.36467 ; perimeter
G1 Z7.500 X134.487 Y131.960 E8.29208 ; perimeter
;LAYER_CHANGE
;Z:9
;HEIGHT:1.5
G1 Z7.500 F960 ; simple layer change
G1 F2400
G1 Z7.506 X134.491 Y131.955 E0.02847 ; perimeter
G1 Z7.518 X138.267 Y127.767 E23.48232 ; perimeter
G1 Z7.531 X141.072 Y125.104 E16.10788 ; perimeter
G1 Z7.543 X144.013 Y122.593 E16.10518 ; perimeter
G1 Z7.556 X147.081 Y120.238 E16.10735 ; perimeter
G1 Z7.568 X150.243 Y118.065 E15.97844 ; perimeter
G1 Z7.589 X155.848 Y114.764 E27.09023 ; perimeter
G1 Z7.602 X159.281 Y113.052 E15.97643 ; perimeter
G1 Z7.614 X162.800 Y111.522 E15.98066 ; perimeter
G1 Z7.635 X168.932 Y109.350 E27.09229 ; perimeter
G1 Z7.647 X172.629 Y108.325 E15.97750 ; perimeter
G1 Z7.660 X176.405 Y107.488 E16.10741 ; perimeter
G1 Z7.672 X180.219 Y106.850 E16.10466 ; perimeter
G1 Z7.685 X184.030 Y106.415 E15.97454 ; perimeter
G1 Z7.706 X190.610 Y106.132 E27.42859 ; perimeter
G1 Z7.718 X194.365 Y106.232 E15.64375 ; perimeter
G1 Z7.731 X198.221 Y106.535 E16.10838 ; perimeter
G1 Z7.743 X202.056 Y107.040 E16.10923 ; perimeter
G1 Z7.756 X205.828 Y107.739 E15.97665 ; perimeter
G1 Z7.777 X212.121 Y109.385 E27.08948 ; perimeter
G1 Z7.789 X215.745 Y110.638 E15.97174 ; perimeter
G1 Z7.802 X219.362 Y112.005 E16.10222 ; perimeter
G1 Z7.814 X222.882 Y113.607 E16.10552 ; perimeter
G1 Z7.827 X226.285 Y115.378 E15.97664 ; perimeter
G1 Z7.848 X231.832 Y118.777 E27.09329 ; perimeter
G1 Z7.860 X234.956 Y121.005 E15.98024 ; perimeter
G1 Z7.872 X237.958 Y123.394 E15.97805 ; perimeter
G1 Z7.893 X242.755 Y127.789 E27.09493 ; perimeter
G1 Z7.906 X245.396 Y130.572 E15.97822 ; perimeter
G1 Z7.918 X247.907 Y133.513 E16.10519 ; perimeter
G1 Z7.931 X250.262 Y136.581 E16.10739 ; perimeter
G1 Z7.943 X252.451 Y139.769 E16.10395 ; perimeter
G1 Z7.956 X254.431 Y143.090 E16.10290 ; perimeter
G1 Z7.968 X256.290 Y146.444 E15.96936 ; perimeter
G1 Z7.989 X258.988 Y152.329 E26.96384 ; perimeter
G1 Z8.010 X261.150 Y158.432 E26.96451 ; perimeter
G1 Z8.022 X262.175 Y162.129 E15.97750 ; perimeter
G1 Z8.035 X263.005 Y165.875 E15.97912 ; perimeter
G1 Z8.056 X263.967 Y172.309 E27.09319 ; perimeter
G1 Z8.068 X264.268 Y176.134 E15.97902 ; perimeter
G1 Z8.081 X264.368 Y179.969 E15.97685 ; perimeter
G1 Z8.102 X264.072 Y186.468 E27.09395 ; perimeter
G1 Z8.114 X263.609 Y190.275 E15.97123 ; perimeter
G1 Z8.127 X263.015 Y194.065 E15.97606 ; perimeter
G1 Z8.148 X261.499 Y200.390 E27.08883 ; perimeter
G1 Z8.160 X260.345 Y204.050 E15.98232 ; perimeter
G1 Z8.172 X258.990 Y207.672 E16.10534 ; perimeter
G1 Z8.185 X257.448 Y211.219 E16.10753 ; perimeter
G1 Z8.197 X255.723 Y214.680 E16.10493 ; perimeter
G1 Z8.210 X253.818 Y218.046 E16.10753 ; perimeter
G1 Z8.222 X251.739 Y221.306 E16.10363 ; perimeter
G1 Z8.235 X249.466 Y224.435 E16.10410 ; perimeter
G1 Z8.247 X247.098 Y227.451 E15.97160 ; perimeter
G1 Z8.268 X242.732 Y232.232 E26.96372 ; perimeter
G1 Z8.289 X237.958 Y236.606 E26.96523 ; perimeter
G1 Z8.302 X234.956 Y238.995 E15.97798 ; perimeter
G1 Z8.314 X231.807 Y241.240 E16.10605 ; perimeter
G1 Z8.327 X228.546 Y243.318 E16.10388 ; perimeter
G1 Z8.339 X225.180 Y245.223 E16.10744 ; perimeter
G1 Z8.352 X221.718 Y246.948 E16.10869 ; perimeter
G1 Z8.364 X218.200 Y248.478 E15.97684 ; perimeter
G1 Z8.385 X212.068 Y250.650 E27.09229 ; perimeter
G1 Z8.397 X208.371 Y251.675 E15.97748 ; perimeter
G1 Z8.410 X204.625 Y252.505 E15.97913 ; perimeter
G1 Z8.431 X198.191 Y253.467 E27.09319 ; perimeter
G1 Z8.443 X194.366 Y253.768 E15.97902 ; perimeter
G1 Z8.456 X190.500 Y253.869 E16.10601 ; perimeter
G1 Z8.468 X186.634 Y253.768 E16.10601 ; perimeter
G1 Z8.481 X182.809 Y253.467 E15.97902 ; perimeter
G1 Z8.502 X176.375 Y252.505 E27.09319 ; perimeter
G1 Z8.514 X172.629 Y251.675 E15.97912 ; perimeter
G1 Z8.527 X168.932 Y250.650 E15.97750 ; perimeter
G1 Z8.547 X162.829 Y248.488 E26.96454 ; perimeter
G1 Z8.568 X156.937 Y245.803 E26.96584 ; perimeter
G1 Z8.581 X153.565 Y243.973 E15.97796 ; perimeter
G1 Z8.593 X150.268 Y241.952 E16.10520 ; perimeter
G1 Z8.606 X147.081 Y239.762 E16.10435 ; perimeter
G1 Z8.618 X144.013 Y237.407 E16.10735 ; perimeter
G1 Z8.631 X141.072 Y234.896 E16.10518 ; perimeter
G1 Z8.643 X138.267 Y232.233 E16.10786 ; perimeter
G1 Z8.656 X135.604 Y229.428 E16.10786 ; perimeter
G1 Z8.668 X133.093 Y226.487 E16.10518 ; perimeter
G1 Z8.681 X130.738 Y223.419 E16.10735 ; perimeter
G1 Z8.693 X128.548 Y220.232 E16.10435 ; perimeter
G1 Z8.706 X126.527 Y216.935 E16.10520 ; perimeter
G1 Z8.718 X124.697 Y213.563 E15.97796 ; perimeter
G1 Z8.739 X122.012 Y207.671 E26.96584 ; perimeter
G1 Z8.760 X119.850 Y201.568 E26.96454 ; perimeter
G1 Z8.772 X118.825 Y197.871 E15.97750 ; perimeter
G1 Z8.785 X117.995 Y194.126 E15.97502 ; perimeter
G1 Z8.806 X117.025 Y187.612 E27.42758 ; perimeter
G1 Z8.831 X116.631 Y180.000 E31.74359 ; perimeter
G1 Z8.843 X116.739 Y176.134 E16.10553 ; perimeter
G1 Z8.856 X117.035 Y172.309 E15.97771 ; perimeter
G1 Z8.877 X117.995 Y165.875 E27.09286 ; perimeter
G1 Z8.889 X118.825 Y162.129 E15.97915 ; perimeter
G1 Z8.902 X119.850 Y158.432 E15.97752 ; perimeter
G1 Z8.922 X122.011 Y152.330 E26.95923 ; perimeter
G1 Z8.944 X124.735 Y146.368 E27.29866 ; perimeter
G1 Z8.968 X128.548 Y139.768 E31.74389 ; perimeter
G1 Z8.981 X130.739 Y136.582 E16.10410 ; perimeter
G1 Z8.993 X133.093 Y133.513 E16.10730 ; perimeter
G1 Z9.000 X134.447 Y131.927 E8.68474 ; perimeter
;LAYER_CHANGE
;Z:10.5
;HEIGHT:1.5
G1 Z9.000 F960 ; simple layer change
G1 F2400
G1 Z9.006 X135.604 Y130.572 E7.42044 ; perimeter
G1 Z9.018 X138.267 Y127.767 E16.10495 ; perimeter
G1 Z9.031 X141.072 Y125.104 E16.11076 ; perimeter
G1 Z9.043 X144.013 Y122.593 E16.10518 ; perimeter
G1 Z9.056 X147.081 Y120.238 E16.10733 ; perimeter
G1 Z9.068 X150.242 Y118.066 E15.97266 ; perimeter
G1 Z9.089 X155.932 Y114.722 E27.48621 ; perimeter
G1 Z9.114 X162.800 Y111.522 E31.55514 ; perimeter
G1 Z9.135 X168.932 Y109.350 E27.09229 ; perimeter
G1 Z9.147 X172.629 Y108.325 E15.97751 ; perimeter
G1 Z9.160 X176.405 Y107.488 E16.10740 ; perimeter
G1 Z9.172 X180.219 Y106.850 E16.10467 ; perimeter
G1 Z9.185 X184.030 Y106.415 E15.97452 ; perimeter
G1 Z9.206 X190.625 Y106.132 E27.49105 ; perimeter
G1 Z9.218 X194.365 Y106.232 E15.58130 ; perimeter
G1 Z9.231 X198.221 Y106.535 E16.10838 ; perimeter
G1 Z9.243 X202.056 Y107.040 E16.10929 ; perimeter
G1 Z9.256 X205.828 Y107.739 E15.97649 ; perimeter
G1 Z9.277 X212.126 Y109.368 E27.09205 ; perimeter
G1 Z9.289 X215.765 Y110.586 E15.98158 ; perimeter
G1 Z9.302 X219.363 Y112.003 E16.10458 ; perimeter
G1 Z9.314 X222.882 Y113.607 E16.10596 ; perimeter
G1 Z9.326 X226.285 Y115.378 E15.97670 ; perimeter
G1 Z9.348 X231.832 Y118.777 E27.09338 ; perimeter
G1 Z9.360 X234.956 Y121.005 E15.98017 ; perimeter
G1 Z9.372 X237.958 Y123.394 E15.97803 ; perimeter
G1 Z9.393 X242.754 Y127.789 E27.09179 ; perimeter
G1 Z9.406 X245.396 Y130.572 E15.98137 ; perimeter
G1 Z9.418 X247.907 Y133.513 E16.10514 ; perimeter
G1 Z9.431 X250.262 Y136.581 E16.10735 ; perimeter
G1 Z9.443 X252.452 Y139.768 E16.10439 ; perimeter
G1 Z9.456 X254.473 Y143.065 E16.10520 ; perimeter
G1 Z9.468 X256.303 Y146.437 E15.97796 ; perimeter
G1 Z9.489 X258.988 Y152.329 E26.96584 ; perimeter
G1 Z9.510 X261.150 Y158.432 E26.96454 ; perimeter
G1 Z9.522 X262.175 Y162.129 E15.97750 ; perimeter
G1 Z9.535 X263.005 Y165.875 E15.97912 ; perimeter
G1 Z9.556 X263.967 Y172.309 E27.09319 ; perimeter
G1 Z9.568 X264.268 Y176.134 E15.97902 ; perimeter
G1 Z9.581 X264.368 Y179.969 E15.97684 ; perimeter
G1 Z9.602 X264.085 Y186.469 E27.09584 ; perimeter
G1 Z9.614 X263.650 Y190.281 E15.97866 ; perimeter
G1 Z9.626 X263.017 Y194.065 E15.97799 ; perimeter
G1 Z9.648 X261.499 Y200.390 E27.08933 ; perimeter
G1 Z9.660 X260.345 Y204.050 E15.98238 ; perimeter
G1 Z9.672 X258.990 Y207.672 E16.10534 ; perimeter
G1 Z9.685 X257.448 Y211.219 E16.10753 ; perimeter
G1 Z9.697 X255.723 Y214.680 E16.10496 ; perimeter
G1 Z9.710 X253.818 Y218.046 E16.10750 ; perimeter
G1 Z9.722 X251.757 Y221.281 E15.97449 ; perimeter
G1 Z9.743 X247.879 Y226.504 E27.09418 ; perimeter
G1 Z9.756 X245.370 Y229.405 E15.96881 ; perimeter
G1 Z9.768 X242.754 Y232.210 E15.97650 ; perimeter
G1 Z9.789 X237.958 Y236.606 E27.09441 ; perimeter
G1 Z9.802 X234.956 Y238.995 E15.97798 ; perimeter
G1 Z9.814 X231.807 Y241.240 E16.10609 ; perimeter
G1 Z9.827 X228.546 Y243.318 E16.10385 ; perimeter
G1 Z9.839 X225.180 Y245.223 E16.10750 ; perimeter
G1 Z9.852 X221.718 Y246.948 E16.10869 ; perimeter
G1 Z9.864 X218.200 Y248.478 E15.97684 ; perimeter
G1 Z9.885 X212.068 Y250.650 E27.09229 ; perimeter
G1 Z9.897 X208.371 Y251.675 E15.97750 ; perimeter
G1 Z9.910 X204.625 Y252.505 E15.97912 ; perimeter
G1 Z9.931 X198.191 Y253.467 E27.09318 ; perimeter
G1 Z9.943 X194.366 Y253.768 E15.97902 ; perimeter
G1 Z9.956 X190.531 Y253.868 E15.97685 ; perimeter
G1 Z9.977 X184.032 Y253.577 E27.09477 ; perimeter
G1 Z9.989 X180.222 Y253.127 E15.97427 ; perimeter
G1 Z10.002 X176.405 Y252.511 E16.10328 ; perimeter
G1 Z10.014 X172.629 Y251.675 E16.10716 ; perimeter
G1 Z10.026 X168.932 Y250.650 E15.97750 ; perimeter
G1 Z10.047 X162.829 Y248.488 E26.96454 ; perimeter
G1 Z10.068 X156.937 Y245.803 E26.96587 ; perimeter
G1 Z10.081 X153.565 Y243.973 E15.97796 ; perimeter
G1 Z10.093 X150.268 Y241.952 E16.10517 ; perimeter
G1 Z10.106 X147.081 Y239.762 E16.10435 ; perimeter
G1 Z10.118 X144.013 Y237.407 E16.10735 ; perimeter
G1 Z10.131 X141.072 Y234.896 E16.10518 ; perimeter
G1 Z10.143 X138.267 Y232.233 E16.10786 ; perimeter
G1 Z10.156 X135.604 Y229.428 E16.10786 ; perimeter
G1 Z10.168 X133.093 Y226.487 E16.10518 ; perimeter
G1 Z10.181 X130.738 Y223.419 E16.10735 ; perimeter
G1 Z10.193 X128.548 Y220.232 E16.10435 ; perimeter
G1 Z10.206 X126.527 Y216.935 E16.10520 ; perimeter
G1 Z10.218 X124.697 Y213.563 E15.97796 ; perimeter
G1 Z10.239 X122.012 Y207.671 E26.96584 ; perimeter
G1 Z10.260 X119.850 Y201.568 E26.96454 ; perimeter
G1 Z10.272 X118.825 Y197.871 E15.97750 ; perimeter
G1 Z10.285 X117.995 Y194.125 E15.97914 ; perimeter
G1 Z10.306 X117.033 Y187.691 E27.09319 ; perimeter
G1 Z10.318 X116.744 Y183.865 E15.97762 ; perimeter
G1 Z10.331 X116.631 Y180.000 E16.10479 ; perimeter
G1 Z10.343 X116.732 Y176.134 E16.10601 ; perimeter
G1 Z10.356 X117.033 Y172.309 E15.97902 ; perimeter
G1 Z10.377 X117.995 Y165.875 E27.09319 ; perimeter
G1 Z10.389 X118.825 Y162.129 E15.97912 ; perimeter
G1 Z10.401 X119.850 Y158.432 E15.97750 ; perimeter
G1 Z10.423 X122.022 Y152.300 E27.09227 ; perimeter
G1 Z10.435 X123.555 Y148.782 E15.98041 ; perimeter
G1 Z10.447 X125.265 Y145.350 E15.96990 ; perimeter
G1 Z10.469 X128.617 Y139.664 E27.48933 ; perimeter
G1 Z10.481 X130.738 Y136.581 E15.58462 ; perimeter
G1 Z10.493 X133.093 Y133.513 E16.10735 ; perimeter
G1 Z10.500 X134.447 Y131.927 E8.68477 ; perimeter
;LAYER_CHANGE
;Z:12
;HEIGHT:1.5
G1 Z10.500 F960 ; simple layer change
G1 F2400
G1 Z10.506 X135.604 Y130.572 E7.42040 ; perimeter
G1 Z10.518 X138.267 Y127.767 E16.10800 ; perimeter
G1 Z10.531 X141.072 Y125.104 E16.10786 ; perimeter
G1 Z10.543 X144.012 Y122.593 E16.10202 ; perimeter
G1 Z10.556 X147.081 Y120.238 E16.10792 ; perimeter
G1 Z10.568 X150.243 Y118.065 E15.98095 ; perimeter
G1 Z10.589 X155.850 Y114.767 E27.09018 ; perimeter
G1 Z10.602 X159.320 Y113.135 E15.96926 ; perimeter
G1 Z10.614 X162.800 Y111.522 E15.97543 ; perimeter
G1 Z10.635 X168.932 Y109.350 E27.09229 ; perimeter
G1 Z10.647 X172.629 Y108.325 E15.97751 ; perimeter
G1 Z10.660 X176.405 Y107.488 E16.10741 ; perimeter
G1 Z10.672 X180.219 Y106.850 E16.10466 ; perimeter
G1 Z10.685 X184.030 Y106.415 E15.97452 ; perimeter
G1 Z10.706 X190.639 Y106.132 E27.54924 ; perimeter
G1 Z10.718 X194.365 Y106.232 E15.52309 ; perimeter
G1 Z10.731 X198.221 Y106.535 E16.10838 ; perimeter
G1 Z10.743 X202.056 Y107.040 E16.10929 ; perimeter
G1 Z10.756 X205.858 Y107.746 E16.10350 ; perimeter
G1 Z10.768 X209.605 Y108.703 E16.10601 ; perimeter
G1 Z10.781 X213.292 Y109.754 E15.96883 ; perimeter
G1 Z10.802 X219.391 Y112.016 E27.08968 ; perimeter
G1 Z10.814 X222.882 Y113.607 E15.97746 ; perimeter
G1 Z10.827 X226.285 Y115.378 E15.97664 ; perimeter
G1 Z10.848 X231.832 Y118.777 E27.09336 ; perimeter
G1 Z10.860 X234.956 Y121.005 E15.98017 ; perimeter
G1 Z10.872 X237.958 Y123.394 E15.97798 ; perimeter
G1 Z10.893 X242.755 Y127.789 E27.09481 ; perimeter
G1 Z10.906 X245.396 Y130.572 E15.97825 ; perimeter
G1 Z10.918 X247.907 Y133.513 E16.10519 ; perimeter
G1 Z10.931 X250.262 Y136.581 E16.10739 ; perimeter
G1 Z10.943 X252.435 Y139.743 E15.97852 ; perimeter
G1 Z10.964 X255.723 Y145.355 E27.08809 ; perimeter
G1 Z10.977 X257.405 Y148.802 E15.97173 ; perimeter
G1 Z10.989 X258.976 Y152.301 E15.97467 ; perimeter
G1 Z11.010 X261.150 Y158.432 E27.09152 ; perimeter
G1 Z11.022 X262.175 Y162.129 E15.97753 ; perimeter
G1 Z11.035 X263.005 Y165.875 E15.97912 ; perimeter
G1 Z11.056 X263.967 Y172.309 E27.09319 ; perimeter
G1 Z11.068 X264.268 Y176.134 E15.97902 ; perimeter
G1 Z11.081 X264.368 Y179.969 E15.97684 ; perimeter
G1 Z11.102 X264.085 Y186.469 E27.09583 ; perimeter
G1 Z11.114 X263.650 Y190.281 E15.97867 ; perimeter
G1 Z11.127 X263.017 Y194.065 E15.97799 ; perimeter
G1 Z11.148 X261.499 Y200.390 E27.08939 ; perimeter
G1 Z11.160 X260.345 Y204.050 E15.98228 ; perimeter
G1 Z11.172 X258.990 Y207.672 E16.10538 ; perimeter
G1 Z11.185 X257.448 Y211.218 E16.10370 ; perimeter
G1 Z11.197 X255.723 Y214.680 E16.10874 ; perimeter
G1 Z11.210 X253.818 Y218.045 E16.10391 ; perimeter
G1 Z11.222 X251.757 Y221.281 E15.97803 ; perimeter
G1 Z11.243 X247.887 Y226.511 E27.09579 ; perimeter
G1 Z11.256 X245.396 Y229.428 E15.97508 ; perimeter
G1 Z11.268 X242.755 Y232.211 E15.97833 ; perimeter
G1 Z11.289 X237.958 Y236.606 E27.09493 ; perimeter
G1 Z11.302 X234.956 Y238.995 E15.97798 ; perimeter
G1 Z11.314 X231.807 Y241.240 E16.10605 ; perimeter
G1 Z11.327 X228.545 Y243.318 E16.10744 ; perimeter
G1 Z11.339 X225.180 Y245.223 E16.10392 ; perimeter
G1 Z11.352 X221.719 Y246.948 E16.10499 ; perimeter
G1 Z11.364 X218.200 Y248.478 E15.98056 ; perimeter
G1 Z11.385 X212.068 Y250.650 E27.09229 ; perimeter
G1 Z11.397 X208.371 Y251.675 E15.97748 ; perimeter
G1 Z11.410 X204.625 Y252.505 E15.97913 ; perimeter
G1 Z11.431 X198.191 Y253.467 E27.09319 ; perimeter
G1 Z11.443 X194.366 Y253.768 E15.97902 ; perimeter
G1 Z11.456 X190.500 Y253.868 E16.10579 ; perimeter
G1 Z11.468 X186.635 Y253.743 E16.10458 ; perimeter
G1 Z11.481 X182.810 Y253.460 E15.97447 ; perimeter
G1 Z11.502 X176.375 Y252.505 E27.09221 ; perimeter
G1 Z11.514 X172.629 Y251.675 E15.97909 ; perimeter
G1 Z11.527 X168.932 Y250.650 E15.97750 ; perimeter
G1 Z11.547 X162.829 Y248.488 E26.96454 ; perimeter
G1 Z11.568 X156.937 Y245.803 E26.96584 ; perimeter
G1 Z11.581 X153.565 Y243.973 E15.97793 ; perimeter
G1 Z11.593 X150.268 Y241.952 E16.10523 ; perimeter
G1 Z11.606 X147.081 Y239.762 E16.10435 ; perimeter
G1 Z11.618 X144.013 Y237.407 E16.10735 ; perimeter
G1 Z11.631 X141.072 Y234.896 E16.10518 ; perimeter
G1 Z11.643 X138.267 Y232.233 E16.10786 ; perimeter
G1 Z11.656 X135.604 Y229.428 E16.10781 ; perimeter
G1 Z11.668 X133.093 Y226.487 E16.10523 ; perimeter
G1 Z11.681 X130.738 Y223.419 E16.10735 ; perimeter
G1 Z11.693 X128.548 Y220.232 E16.10435 ; perimeter
G1 Z11.706 X126.527 Y216.935 E16.10520 ; perimeter
G1 Z11.718 X124.697 Y213.563 E15.97794 ; perimeter
G1 Z11.739 X122.012 Y207.671 E26.96585 ; perimeter
G1 Z11.760 X119.850 Y201.568 E26.96454 ; perimeter
G1 Z11.772 X118.825 Y197.871 E15.97750 ; perimeter
G1 Z11.785 X117.995 Y194.126 E15.97502 ; perimeter
G1 Z11.806 X117.023 Y187.583 E27.54827 ; perimeter
G1 Z11.831 X116.631 Y180.000 E31.62265 ; perimeter
G1 Z11.843 X116.732 Y176.134 E16.10601 ; perimeter
G1 Z11.856 X117.033 Y172.309 E15.97902 ; perimeter
G1 Z11.877 X117.995 Y165.875 E27.09319 ; perimeter
G1 Z11.889 X118.825 Y162.129 E15.97912 ; perimeter
G1 Z11.902 X119.850 Y158.432 E15.97750 ; perimeter
G1 Z11.922 X122.011 Y152.330 E26.95926 ; perimeter
G1 Z11.944 X124.748 Y146.341 E27.42140 ; perimeter
G1 Z11.968 X128.548 Y139.768 E31.62146 ; perimeter
G1 Z11.981 X130.738 Y136.581 E16.10432 ; perimeter
G1 Z11.993 X133.093 Y133.513 E16.10735 ; perimeter
G1 Z12.000 X134.447 Y131.927 E8.68477 ; perimeter
;LAYER_CHANGE
;Z:13.5
;HEIGHT:1.5
G1 Z12.000 F960 ; simple layer change
G1 F2400
G1 Z12.006 X135.604 Y130.572 E7.42040 ; perimeter
G1 Z12.018 X138.267 Y127.767 E16.10497 ; perimeter
G1 Z12.031 X141.072 Y125.104 E16.11073 ; perimeter
G1 Z12.043 X144.012 Y122.593 E16.10209 ; perimeter
G1 Z12.056 X147.081 Y120.239 E16.10807 ; perimeter
G1 Z12.068 X150.243 Y118.065 E15.98080 ; perimeter
G1 Z12.089 X155.848 Y114.764 E27.09021 ; perimeter
G1 Z12.102 X159.281 Y113.052 E15.97645 ; perimeter
G1 Z12.114 X162.800 Y111.522 E15.98060 ; perimeter
G1 Z12.135 X168.932 Y109.350 E27.09235 ; perimeter
G1 Z12.147 X172.629 Y108.325 E15.97750 ; perimeter
G1 Z12.160 X176.405 Y107.488 E16.10741 ; perimeter
G1 Z12.172 X180.219 Y106.850 E16.10466 ; perimeter
G1 Z12.185 X184.030 Y106.415 E15.97452 ; perimeter
G1 Z12.206 X190.653 Y106.132 E27.60760 ; perimeter
G1 Z12.218 X194.365 Y106.232 E15.46466 ; perimeter
G1 Z12.231 X198.221 Y106.535 E16.10838 ; perimeter
G1 Z12.243 X202.056 Y107.040 E16.10923 ; perimeter
G1 Z12.256 X205.828 Y107.739 E15.97658 ; perimeter
G1 Z12.277 X212.121 Y109.385 E27.08961 ; perimeter
G1 Z12.289 X215.745 Y110.638 E15.97161 ; perimeter
G1 Z12.302 X219.362 Y112.005 E16.10234 ; perimeter
G1 Z12.314 X222.882 Y113.607 E16.10541 ; perimeter
G1 Z12.327 X226.285 Y115.378 E15.97670 ; perimeter
G1 Z12.348 X231.832 Y118.777 E27.09338 ; perimeter
G1 Z12.360 X234.956 Y121.005 E15.98022 ; perimeter
G1 Z12.372 X237.958 Y123.394 E15.97793 ; perimeter
G1 Z12.393 X242.755 Y127.789 E27.09500 ; perimeter
G1 Z12.406 X245.396 Y130.572 E15.97826 ; perimeter
G1 Z12.418 X247.907 Y133.513 E16.10514 ; perimeter
G1 Z12.431 X250.261 Y136.581 E16.10487 ; perimeter
G1 Z12.443 X252.435 Y139.743 E15.98091 ; perimeter
G1 Z12.464 X255.736 Y145.348 E27.09016 ; perimeter
G1 Z12.477 X257.448 Y148.782 E15.98022 ; perimeter
G1 Z12.489 X258.978 Y152.300 E15.97684 ; perimeter
G1 Z12.510 X261.150 Y158.432 E27.09229 ; perimeter
G1 Z12.522 X262.175 Y162.129 E15.97750 ; perimeter
G1 Z12.535 X263.005 Y165.875 E15.97912 ; perimeter
G1 Z12.556 X263.967 Y172.309 E27.09319 ; perimeter
G1 Z12.568 X264.268 Y176.134 E15.97902 ; perimeter
G1 Z12.581 X264.368 Y179.968 E15.97261 ; perimeter
G1 Z12.602 X264.072 Y186.591 E27.60955 ; perimeter
G1 Z12.626 X263.017 Y194.065 E31.43556 ; perimeter
G1 Z12.648 X261.499 Y200.390 E27.08939 ; perimeter
G1 Z12.660 X260.345 Y204.050 E15.98238 ; perimeter
G1 Z12.672 X258.990 Y207.672 E16.10528 ; perimeter
G1 Z12.685 X257.448 Y211.219 E16.10754 ; perimeter
G1 Z12.697 X255.723 Y214.680 E16.10490 ; perimeter
G1 Z12.710 X253.818 Y218.046 E16.10745 ; perimeter
G1 Z12.722 X251.739 Y221.306 E16.10361 ; perimeter
G1 Z12.735 X249.466 Y224.435 E16.10412 ; perimeter
G1 Z12.747 X247.098 Y227.451 E15.97156 ; perimeter
G1 Z12.768 X242.732 Y232.232 E26.96372 ; perimeter
G1 Z12.789 X237.958 Y236.606 E26.96523 ; perimeter
G1 Z12.802 X234.956 Y238.995 E15.97798 ; perimeter
G1 Z12.814 X231.807 Y241.240 E16.10605 ; perimeter
G1 Z12.827 X228.546 Y243.318 E16.10388 ; perimeter
G1 Z12.839 X225.180 Y245.223 E16.10747 ; perimeter
G1 Z12.852 X221.719 Y246.948 E16.10493 ; perimeter
G1 Z12.864 X218.200 Y248.478 E15.98066 ; perimeter
G1 Z12.885 X212.068 Y250.650 E27.09229 ; perimeter
G1 Z12.897 X208.371 Y251.675 E15.97750 ; perimeter
G1 Z12.910 X204.625 Y252.505 E15.97912 ; perimeter
G1 Z12.931 X198.191 Y253.467 E27.09318 ; perimeter
G1 Z12.943 X194.366 Y253.768 E15.97902 ; perimeter
G1 Z12.956 X190.500 Y253.869 E16.10601 ; perimeter
G1 Z12.968 X186.634 Y253.768 E16.10601 ; perimeter
G1 Z12.981 X182.809 Y253.467 E15.97902 ; perimeter
G1 Z13.002 X176.375 Y252.505 E27.09319 ; perimeter
G1 Z13.014 X172.629 Y251.675 E15.97911 ; perimeter
G1 Z13.027 X168.932 Y250.650 E15.97752 ; perimeter
G1 Z13.047 X162.829 Y248.488 E26.96454 ; perimeter
G1 Z13.068 X156.937 Y245.803 E26.96584 ; perimeter
G1 Z13.081 X153.565 Y243.973 E15.97796 ; perimeter
G1 Z13.093 X150.268 Y241.952 E16.10520 ; perimeter
G1 Z13.106 X147.081 Y239.762 E16.10435 ; perimeter
G1 Z13.118 X144.013 Y237.407 E16.10735 ; perimeter
G1 Z13.131 X141.072 Y234.896 E16.10518 ; perimeter
G1 Z13.143 X138.267 Y232.233 E16.10786 ; perimeter
G1 Z13.156 X135.604 Y229.428 E16.10791 ; perimeter
G1 Z13.168 X133.093 Y226.487 E16.10513 ; perimeter
G1 Z13.181 X130.738 Y223.419 E16.10735 ; perimeter
G1 Z13.193 X128.548 Y220.232 E16.10435 ; perimeter
G1 Z13.206 X126.527 Y216.935 E16.10520 ; perimeter
G1 Z13.218 X124.697 Y213.563 E15.97796 ; perimeter
G1 Z13.239 X122.012 Y207.671 E26.96584 ; perimeter
G1 Z13.260 X119.850 Y201.568 E26.96454 ; perimeter
G1 Z13.272 X118.825 Y197.871 E15.97750 ; perimeter
G1 Z13.285 X117.995 Y194.126 E15.97504 ; perimeter
G1 Z13.306 X117.021 Y187.569 E27.60712 ; perimeter
G1 Z13.331 X116.631 Y180.000 E31.56405 ; perimeter
G1 Z13.343 X116.732 Y176.134 E16.10601 ; perimeter
G1 Z13.356 X117.033 Y172.309 E15.97902 ; perimeter
G1 Z13.377 X117.995 Y165.875 E27.09319 ; perimeter
G1 Z13.389 X118.825 Y162.129 E15.97912 ; perimeter
G1 Z13.402 X119.850 Y158.432 E15.97750 ; perimeter
G1 Z13.422 X122.011 Y152.330 E26.95923 ; perimeter
G1 Z13.444 X124.753 Y146.328 E27.48111 ; perimeter
G1 Z13.468 X128.548 Y139.768 E31.56233 ; perimeter
G1 Z13.481 X130.738 Y136.581 E16.10435 ; perimeter
G1 Z13.493 X133.093 Y133.513 E16.10735 ; perimeter
G1 Z13.500 X134.447 Y131.927 E8.68477 ; perimeter
;LAYER_CHANGE
;Z:15
;HEIGHT:1.5
G1 Z13.500 F960 ; simple layer change
G1 F2400
G1 Z13.506 X135.604 Y130.572 E7.42040 ; perimeter
G1 Z13.518 X138.266 Y127.767 E16.10500 ; perimeter
G1 Z13.531 X141.072 Y125.104 E16.11090 ; perimeter
G1 Z13.543 X144.013 Y122.593 E16.10535 ; perimeter
G1 Z13.556 X147.081 Y120.239 E16.10716 ; perimeter
G1 Z13.568 X150.243 Y118.065 E15.97840 ; perimeter
G1 Z13.589 X155.848 Y114.764 E27.09025 ; perimeter
G1 Z13.602 X159.281 Y113.052 E15.97641 ; perimeter
G1 Z13.614 X162.800 Y111.522 E15.98066 ; perimeter
G1 Z13.635 X168.932 Y109.350 E27.09229 ; perimeter
G1 Z13.647 X172.629 Y108.325 E15.97750 ; perimeter
G1 Z13.660 X176.405 Y107.488 E16.10740 ; perimeter
G1 Z13.672 X180.219 Y106.850 E16.10467 ; perimeter
G1 Z13.685 X184.030 Y106.415 E15.97452 ; perimeter
G1 Z13.706 X190.668 Y106.133 E27.66973 ; perimeter
G1 Z13.718 X194.365 Y106.232 E15.40224 ; perimeter
G1 Z13.731 X198.221 Y106.535 E16.10838 ; perimeter
G1 Z13.743 X202.056 Y107.040 E16.10929 ; perimeter
G1 Z13.756 X205.858 Y107.746 E16.10344 ; perimeter
G1 Z13.768 X209.605 Y108.703 E16.10607 ; perimeter
G1 Z13.781 X213.292 Y109.754 E15.96883 ; perimeter
G1 Z13.802 X219.391 Y112.016 E27.08969 ; perimeter
G1 Z13.814 X222.882 Y113.607 E15.97749 ; perimeter
G1 Z13.827 X226.285 Y115.378 E15.97664 ; perimeter
G1 Z13.848 X231.832 Y118.777 E27.09332 ; perimeter
G1 Z13.860 X234.956 Y121.005 E15.98017 ; perimeter
G1 Z13.872 X237.958 Y123.394 E15.97798 ; perimeter
G1 Z13.893 X242.755 Y127.789 E27.09500 ; perimeter
G1 Z13.906 X245.396 Y130.572 E15.97822 ; perimeter
G1 Z13.918 X247.907 Y133.513 E16.10519 ; perimeter
G1 Z13.931 X250.262 Y136.581 E16.10734 ; perimeter
G1 Z13.943 X252.435 Y139.743 E15.97842 ; perimeter
G1 Z13.964 X255.736 Y145.348 E27.09020 ; perimeter
G1 Z13.977 X257.448 Y148.782 E15.98014 ; perimeter
G1 Z13.989 X258.978 Y152.300 E15.97684 ; perimeter
G1 Z14.010 X261.150 Y158.432 E27.09225 ; perimeter
G1 Z14.022 X262.175 Y162.129 E15.97753 ; perimeter
G1 Z14.035 X263.005 Y165.875 E15.97912 ; perimeter
G1 Z14.056 X263.967 Y172.309 E27.09319 ; perimeter
G1 Z14.068 X264.268 Y176.134 E15.97902 ; perimeter
G1 Z14.081 X264.368 Y179.969 E15.97684 ; perimeter
G1 Z14.102 X264.081 Y186.469 E27.09585 ; perimeter
G1 Z14.114 X263.593 Y190.273 E15.97268 ; perimeter
G1 Z14.127 X263.017 Y194.065 E15.97369 ; perimeter
G1 Z14.148 X261.499 Y200.390 E27.08945 ; perimeter
G1 Z14.160 X260.345 Y204.050 E15.98226 ; perimeter
G1 Z14.172 X258.990 Y207.672 E16.10534 ; perimeter
G1 Z14.185 X257.448 Y211.219 E16.10753 ; perimeter
G1 Z14.197 X255.723 Y214.680 E16.10496 ; perimeter
G1 Z14.210 X253.818 Y218.046 E16.10744 ; perimeter
G1 Z14.222 X251.740 Y221.307 E16.10390 ; perimeter
G1 Z14.235 X249.495 Y224.456 E16.10609 ; perimeter
G1 Z14.247 X247.106 Y227.458 E15.97794 ; perimeter
G1 Z14.268 X242.732 Y232.232 E26.96526 ; perimeter
G1 Z14.289 X237.958 Y236.606 E26.96522 ; perimeter
G1 Z14.302 X234.956 Y238.995 E15.97798 ; perimeter
G1 Z14.314 X231.807 Y241.240 E16.10605 ; perimeter
G1 Z14.327 X228.546 Y243.318 E16.10388 ; perimeter
G1 Z14.339 X225.180 Y245.223 E16.10753 ; perimeter
G1 Z14.352 X221.718 Y246.948 E16.10872 ; perimeter
G1 Z14.364 X218.200 Y248.478 E15.97682 ; perimeter
G1 Z14.385 X212.068 Y250.650 E27.09229 ; perimeter
G1 Z14.397 X208.371 Y251.675 E15.97748 ; perimeter
G1 Z14.410 X204.625 Y252.505 E15.97913 ; perimeter
G1 Z14.431 X198.191 Y253.467 E27.09319 ; perimeter
G1 Z14.443 X194.366 Y253.768 E15.97902 ; perimeter
G1 Z14.456 X190.500 Y253.869 E16.10601 ; perimeter
G1 Z14.468 X186.634 Y253.768 E16.10601 ; perimeter
G1 Z14.481 X182.809 Y253.467 E15.97902 ; perimeter
G1 Z14.502 X176.375 Y252.505 E27.09319 ; perimeter
G1 Z14.514 X172.629 Y251.675 E15.97912 ; perimeter
G1 Z14.527 X168.932 Y250.650 E15.97750 ; perimeter
G1 Z14.547 X162.829 Y248.488 E26.96454 ; perimeter
G1 Z14.568 X156.937 Y245.803 E26.96584 ; perimeter
G1 Z14.581 X153.565 Y243.973 E15.97793 ; perimeter
G1 Z14.593 X150.268 Y241.952 E16.10523 ; perimeter
G1 Z14.606 X147.081 Y239.762 E16.10435 ; perimeter
G1 Z14.618 X144.013 Y237.407 E16.10735 ; perimeter
G1 Z14.631 X141.072 Y234.896 E16.10518 ; perimeter
G1 Z14.643 X138.267 Y232.233 E16.10786 ; perimeter
G1 Z14.656 X135.604 Y229.428 E16.10786 ; perimeter
G1 Z14.668 X133.093 Y226.487 E16.10518 ; perimeter
G1 Z14.681 X130.738 Y223.419 E16.10735 ; perimeter
G1 Z14.693 X128.548 Y220.232 E16.10435 ; perimeter
G1 Z14.706 X126.527 Y216.935 E16.10520 ; perimeter
G1 Z14.718 X124.697 Y213.563 E15.97794 ; perimeter
G1 Z14.739 X122.012 Y207.671 E26.96585 ; perimeter
G1 Z14.760 X119.850 Y201.568 E26.96454 ; perimeter
G1 Z14.772 X118.825 Y197.871 E15.97750 ; perimeter
G1 Z14.785 X117.995 Y194.127 E15.97102 ; perimeter
G1 Z14.806 X117.020 Y187.554 E27.67373 ; perimeter
G1 Z14.831 X116.631 Y180.000 E31.50136 ; perimeter
G1 Z14.843 X116.732 Y176.134 E16.10601 ; perimeter
G1 Z14.856 X117.033 Y172.309 E15.97902 ; perimeter
G1 Z14.877 X117.995 Y165.875 E27.09319 ; perimeter
G1 Z14.889 X118.825 Y162.129 E15.97912 ; perimeter
G1 Z14.902 X119.850 Y158.432 E15.97750 ; perimeter
G1 Z14.922 X122.011 Y152.331 E26.95528 ; perimeter
G1 Z14.944 X124.760 Y146.315 E27.54631 ; perimeter
G1 Z14.968 X128.548 Y139.768 E31.50086 ; perimeter
G1 Z14.981 X130.738 Y136.581 E16.10435 ; perimeter
G1 Z14.993 X133.093 Y133.513 E16.10735 ; perimeter
G1 Z15.000 X134.447 Y131.927 E8.68477 ; perimeter
;LAYER_CHANGE
;Z:16.5
;HEIGHT:1.5
G1 Z15.000 F960 ; simple layer change
G1 F2400
G1 Z15.006 X135.604 Y130.572 E7.42040 ; perimeter
G1 Z15.018 X138.266 Y127.767 E16.10500 ; perimeter
G1 Z15.031 X141.072 Y125.104 E16.11086 ; perimeter
G1 Z15.043 X144.013 Y122.593 E16.10521 ; perimeter
G1 Z15.056 X147.081 Y120.238 E16.10733 ; perimeter
G1 Z15.068 X150.241 Y118.066 E15.96926 ; perimeter
G1 Z15.090 X155.983 Y114.696 E27.72749 ; perimeter
G1 Z15.114 X162.800 Y111.522 E31.31683 ; perimeter
G1 Z15.135 X168.932 Y109.350 E27.09229 ; perimeter
G1 Z15.147 X172.629 Y108.325 E15.97750 ; perimeter
G1 Z15.160 X176.405 Y107.488 E16.10741 ; perimeter
G1 Z15.172 X180.219 Y106.850 E16.10466 ; perimeter
G1 Z15.185 X184.029 Y106.415 E15.96983 ; perimeter
G1 Z15.206 X190.682 Y106.133 E27.73263 ; perimeter
G1 Z15.218 X194.365 Y106.232 E15.34396 ; perimeter
G1 Z15.231 X198.221 Y106.535 E16.10838 ; perimeter
G1 Z15.243 X202.056 Y107.040 E16.10929 ; perimeter
G1 Z15.256 X205.828 Y107.739 E15.97652 ; perimeter
G1 Z15.277 X212.121 Y109.385 E27.08953 ; perimeter
G1 Z15.289 X215.745 Y110.638 E15.97175 ; perimeter
G1 Z15.302 X219.362 Y112.005 E16.10229 ; perimeter
G1 Z15.314 X222.882 Y113.607 E16.10544 ; perimeter
G1 Z15.326 X226.285 Y115.378 E15.97664 ; perimeter
G1 Z15.348 X231.832 Y118.777 E27.09332 ; perimeter
G1 Z15.360 X234.956 Y121.005 E15.98020 ; perimeter
G1 Z15.372 X237.958 Y123.394 E15.97807 ; perimeter
G1 Z15.393 X242.755 Y127.789 E27.09482 ; perimeter
G1 Z15.406 X245.396 Y130.572 E15.97837 ; perimeter
G1 Z15.418 X247.907 Y133.513 E16.10522 ; perimeter
G1 Z15.431 X250.262 Y136.581 E16.10731 ; perimeter
G1 Z15.443 X252.434 Y139.741 E15.96917 ; perimeter
G1 Z15.465 X255.804 Y145.483 E27.72780 ; perimeter
G1 Z15.489 X258.978 Y152.300 E31.31688 ; perimeter
G1 Z15.510 X261.150 Y158.432 E27.09229 ; perimeter
G1 Z15.522 X262.175 Y162.129 E15.97750 ; perimeter
G1 Z15.535 X263.005 Y165.875 E15.97912 ; perimeter
G1 Z15.556 X263.967 Y172.309 E27.09319 ; perimeter
G1 Z15.568 X264.268 Y176.134 E15.97902 ; perimeter
G1 Z15.581 X264.368 Y179.969 E15.97684 ; perimeter
G1 Z15.602 X264.085 Y186.469 E27.09584 ; perimeter
G1 Z15.614 X263.650 Y190.281 E15.97866 ; perimeter
G1 Z15.626 X263.017 Y194.065 E15.97801 ; perimeter
G1 Z15.648 X261.499 Y200.390 E27.08936 ; perimeter
G1 Z15.660 X260.345 Y204.050 E15.98232 ; perimeter
G1 Z15.672 X258.990 Y207.672 E16.10534 ; perimeter
G1 Z15.685 X257.448 Y211.218 E16.10365 ; perimeter
G1 Z15.697 X255.723 Y214.680 E16.10880 ; perimeter
G1 Z15.710 X253.818 Y218.046 E16.10750 ; perimeter
G1 Z15.722 X251.740 Y221.307 E16.10385 ; perimeter
G1 Z15.735 X249.495 Y224.456 E16.10609 ; perimeter
G1 Z15.747 X247.106 Y227.458 E15.97798 ; perimeter
G1 Z15.768 X242.732 Y232.232 E26.96522 ; perimeter
G1 Z15.789 X237.958 Y236.606 E26.96522 ; perimeter
G1 Z15.802 X234.956 Y238.995 E15.97798 ; perimeter
G1 Z15.814 X231.807 Y241.240 E16.10605 ; perimeter
G1 Z15.827 X228.546 Y243.318 E16.10388 ; perimeter
G1 Z15.839 X225.180 Y245.223 E16.10756 ; perimeter
G1 Z15.852 X221.719 Y246.948 E16.10493 ; perimeter
G1 Z15.864 X218.200 Y248.478 E15.98059 ; perimeter
G1 Z15.885 X212.068 Y250.650 E27.09229 ; perimeter
G1 Z15.897 X208.371 Y251.675 E15.97752 ; perimeter
G1 Z15.910 X204.625 Y252.505 E15.97911 ; perimeter
G1 Z15.931 X198.191 Y253.467 E27.09319 ; perimeter
G1 Z15.943 X194.366 Y253.768 E15.97902 ; perimeter
G1 Z15.956 X190.531 Y253.868 E15.97685 ; perimeter
G1 Z15.977 X184.032 Y253.577 E27.09471 ; perimeter
G1 Z15.989 X180.222 Y253.127 E15.97434 ; perimeter
G1 Z16.002 X176.405 Y252.511 E16.10327 ; perimeter
G1 Z16.014 X172.629 Y251.675 E16.10718 ; perimeter
G1 Z16.027 X168.932 Y250.650 E15.97750 ; perimeter
G1 Z16.047 X162.829 Y248.488 E26.96454 ; perimeter
G1 Z16.068 X156.937 Y245.803 E26.96587 ; perimeter
G1 Z16.081 X153.565 Y243.973 E15.97793 ; perimeter
G1 Z16.093 X150.268 Y241.952 E16.10520 ; perimeter
G1 Z16.106 X147.081 Y239.762 E16.10435 ; perimeter
G1 Z16.118 X144.013 Y237.407 E16.10735 ; perimeter
G1 Z16.131 X141.072 Y234.896 E16.10518 ; perimeter
G1 Z16.143 X138.267 Y232.233 E16.10786 ; perimeter
G1 Z16.156 X135.604 Y229.428 E16.10786 ; perimeter
G1 Z16.168 X133.093 Y226.487 E16.10518 ; perimeter
G1 Z16.181 X130.739 Y223.419 E16.10487 ; perimeter
G1 Z16.193 X128.548 Y220.232 E16.10670 ; perimeter
G1 Z16.206 X126.527 Y216.935 E16.10520 ; perimeter
G1 Z16.218 X124.697 Y213.563 E15.97797 ; perimeter
G1 Z16.239 X122.012 Y207.671 E26.96583 ; perimeter
G1 Z16.260 X119.850 Y201.568 E26.96455 ; perimeter
G1 Z16.272 X118.825 Y197.871 E15.97749 ; perimeter
G1 Z16.285 X117.995 Y194.127 E15.97092 ; perimeter
G1 Z16.306 X117.018 Y187.540 E27.73266 ; perimeter
G1 Z16.331 X116.632 Y180.033 E31.30524 ; perimeter
G1 Z16.352 X116.932 Y173.380 E27.73486 ; perimeter
G1 Z16.377 X117.988 Y165.905 E31.44055 ; perimeter
G1 Z16.389 X118.825 Y162.129 E16.10736 ; perimeter
G1 Z16.402 X119.850 Y158.432 E15.97750 ; perimeter
G1 Z16.423 X122.022 Y152.300 E27.09224 ; perimeter
G1 Z16.435 X123.555 Y148.783 E15.97660 ; perimeter
G1 Z16.447 X125.264 Y145.351 E15.96997 ; perimeter
G1 Z16.469 X128.649 Y139.616 E27.73274 ; perimeter
G1 Z16.493 X133.093 Y133.513 E31.44120 ; perimeter
G1 Z16.500 X134.447 Y131.927 E8.68477 ; perimeter
;LAYER_CHANGE
;Z:18
;HEIGHT:1.5
G1 Z16.500 F960 ; simple layer change
G1 F2400
G1 Z16.506 X135.604 Y130.572 E7.42040 ; perimeter
G1 Z16.518 X138.267 Y127.767 E16.10802 ; perimeter
G1 Z16.531 X141.072 Y125.104 E16.10789 ; perimeter
G1 Z16.543 X144.013 Y122.593 E16.10513 ; perimeter
G1 Z16.556 X147.081 Y120.238 E16.10735 ; perimeter
G1 Z16.568 X150.241 Y118.066 E15.96687 ; perimeter
G1 Z16.590 X155.995 Y114.688 E27.79180 ; perimeter
G1 Z16.614 X162.800 Y111.522 E31.25575 ; perimeter
G1 Z16.635 X168.932 Y109.350 E27.09229 ; perimeter
G1 Z16.647 X172.629 Y108.325 E15.97744 ; perimeter
G1 Z16.660 X176.405 Y107.488 E16.10747 ; perimeter
G1 Z16.672 X180.219 Y106.850 E16.10466 ; perimeter
G1 Z16.685 X184.029 Y106.416 E15.96991 ; perimeter
G1 Z16.706 X190.697 Y106.133 E27.79473 ; perimeter
G1 Z16.718 X194.365 Y106.232 E15.28150 ; perimeter
G1 Z16.731 X198.221 Y106.535 E16.10838 ; perimeter
G1 Z16.743 X202.056 Y107.040 E16.10929 ; perimeter
G1 Z16.756 X205.828 Y107.739 E15.97651 ; perimeter
G1 Z16.777 X212.126 Y109.368 E27.09211 ; perimeter
G1 Z16.789 X215.765 Y110.586 E15.98152 ; perimeter
G1 Z16.802 X219.363 Y112.003 E16.10451 ; perimeter
G1 Z16.814 X222.882 Y113.607 E16.10608 ; perimeter
G1 Z16.826 X226.285 Y115.378 E15.97666 ; perimeter
G1 Z16.848 X231.832 Y118.777 E27.09336 ; perimeter
G1 Z16.860 X234.956 Y121.005 E15.98021 ; perimeter
G1 Z16.872 X237.958 Y123.394 E15.97791 ; perimeter
G1 Z16.893 X242.755 Y127.789 E27.09498 ; perimeter
G1 Z16.906 X245.396 Y130.572 E15.97833 ; perimeter
G1 Z16.918 X247.907 Y133.513 E16.10518 ; perimeter
G1 Z16.931 X250.262 Y136.581 E16.10735 ; perimeter
G1 Z16.943 X252.451 Y139.769 E16.10394 ; perimeter
G1 Z16.956 X254.428 Y143.091 E16.10256 ; perimeter
G1 Z16.968 X256.273 Y146.451 E15.96244 ; perimeter
G1 Z16.989 X258.988 Y152.329 E26.96521 ; perimeter
G1 Z17.010 X261.150 Y158.432 E26.96451 ; perimeter
G1 Z17.022 X262.175 Y162.129 E15.97750 ; perimeter
G1 Z17.035 X263.005 Y165.875 E15.97912 ; perimeter
G1 Z17.056 X263.967 Y172.309 E27.09319 ; perimeter
G1 Z17.068 X264.268 Y176.134 E15.97902 ; perimeter
G1 Z17.081 X264.368 Y179.969 E15.97684 ; perimeter
G1 Z17.102 X264.085 Y186.469 E27.09584 ; perimeter
G1 Z17.114 X263.650 Y190.281 E15.97864 ; perimeter
G1 Z17.126 X263.017 Y194.065 E15.97801 ; perimeter
G1 Z17.148 X261.499 Y200.390 E27.08939 ; perimeter
G1 Z17.160 X260.345 Y204.050 E15.98232 ; perimeter
G1 Z17.172 X258.990 Y207.672 E16.10534 ; perimeter
G1 Z17.185 X257.448 Y211.218 E16.10371 ; perimeter
G1 Z17.197 X255.723 Y214.680 E16.10866 ; perimeter
G1 Z17.210 X253.818 Y218.046 E16.10753 ; perimeter
G1 Z17.222 X251.757 Y221.281 E15.97447 ; perimeter
G1 Z17.243 X247.879 Y226.504 E27.09419 ; perimeter
G1 Z17.256 X245.370 Y229.405 E15.96876 ; perimeter
G1 Z17.268 X242.754 Y232.210 E15.97651 ; perimeter
G1 Z17.289 X237.958 Y236.606 E27.09446 ; perimeter
G1 Z17.302 X234.956 Y238.995 E15.97798 ; perimeter
G1 Z17.314 X231.807 Y241.240 E16.10605 ; perimeter
G1 Z17.327 X228.546 Y243.318 E16.10388 ; perimeter
G1 Z17.339 X225.180 Y245.223 E16.10753 ; perimeter
G1 Z17.352 X221.718 Y246.948 E16.10866 ; perimeter
G1 Z17.364 X218.200 Y248.478 E15.97688 ; perimeter
G1 Z17.385 X212.068 Y250.650 E27.09229 ; perimeter
G1 Z17.397 X208.371 Y251.675 E15.97750 ; perimeter
G1 Z17.410 X204.625 Y252.505 E15.97912 ; perimeter
G1 Z17.431 X198.191 Y253.467 E27.09318 ; perimeter
G1 Z17.443 X194.366 Y253.768 E15.97902 ; perimeter
G1 Z17.456 X190.500 Y253.868 E16.10579 ; perimeter
G1 Z17.468 X186.635 Y253.743 E16.10458 ; perimeter
G1 Z17.481 X182.810 Y253.460 E15.97448 ; perimeter
G1 Z17.502 X176.375 Y252.505 E27.09221 ; perimeter
G1 Z17.514 X172.629 Y251.675 E15.97906 ; perimeter
G1 Z17.527 X168.932 Y250.650 E15.97752 ; perimeter
G1 Z17.547 X162.829 Y248.488 E26.96454 ; perimeter
G1 Z17.568 X156.937 Y245.803 E26.96584 ; perimeter
G1 Z17.581 X153.565 Y243.973 E15.97796 ; perimeter
G1 Z17.593 X150.268 Y241.952 E16.10520 ; perimeter
G1 Z17.606 X147.081 Y239.762 E16.10435 ; perimeter
G1 Z17.618 X144.013 Y237.407 E16.10735 ; perimeter
G1 Z17.631 X141.072 Y234.896 E16.10518 ; perimeter
G1 Z17.643 X138.267 Y232.233 E16.10786 ; perimeter
G1 Z17.656 X135.604 Y229.428 E16.10786 ; perimeter
G1 Z17.668 X133.093 Y226.487 E16.10518 ; perimeter
G1 Z17.681 X130.738 Y223.419 E16.10730 ; perimeter
G1 Z17.693 X128.548 Y220.232 E16.10436 ; perimeter
G1 Z17.706 X126.527 Y216.935 E16.10520 ; perimeter
G1 Z17.718 X124.697 Y213.563 E15.97801 ; perimeter
G1 Z17.739 X122.012 Y207.671 E26.96578 ; perimeter
G1 Z17.760 X119.850 Y201.568 E26.96454 ; perimeter
G1 Z17.772 X118.825 Y197.871 E15.97750 ; perimeter
G1 Z17.785 X117.995 Y194.125 E15.97915 ; perimeter
G1 Z17.806 X117.034 Y187.691 E27.09316 ; perimeter
G1 Z17.818 X116.744 Y183.865 E15.97746 ; perimeter
G1 Z17.831 X116.632 Y180.033 E15.96739 ; perimeter
G1 Z17.852 X116.931 Y173.366 E27.79355 ; perimeter
G1 Z17.877 X117.988 Y165.905 E31.38270 ; perimeter
G1 Z17.889 X118.825 Y162.129 E16.10741 ; perimeter
G1 Z17.902 X119.850 Y158.432 E15.97750 ; perimeter
G1 Z17.922 X122.011 Y152.331 E26.95530 ; perimeter
G1 Z17.944 X124.774 Y146.290 E27.66341 ; perimeter
G1 Z17.968 X128.548 Y139.768 E31.38342 ; perimeter
G1 Z17.981 X130.739 Y136.582 E16.10409 ; perimeter
G1 Z17.993 X133.093 Y133.513 E16.10727 ; perimeter
G1 Z18.000 X134.447 Y131.927 E8.68477 ; perimeter
;LAYER_CHANGE
;Z:19.5
;HEIGHT:1.5
G1 Z18.000 F960 ; simple layer change
G1 F2400
G1 Z18.006 X135.604 Y130.572 E7.42040 ; perimeter
G1 Z18.018 X138.267 Y127.767 E16.10501 ; perimeter
G1 Z18.031 X141.072 Y125.104 E16.11071 ; perimeter
G1 Z18.043 X144.013 Y122.593 E16.10520 ; perimeter
G1 Z18.056 X147.081 Y120.238 E16.10733 ; perimeter
G1 Z18.068 X150.243 Y118.066 E15.97828 ; perimeter
G1 Z18.089 X155.852 Y114.771 E27.09017 ; perimeter
G1 Z18.102 X159.319 Y113.134 E15.96773 ; perimeter
G1 Z18.114 X162.800 Y111.522 E15.97562 ; perimeter
G1 Z18.135 X168.932 Y109.350 E27.09228 ; perimeter
G1 Z18.147 X172.629 Y108.325 E15.97757 ; perimeter
G1 Z18.160 X176.405 Y107.488 E16.10735 ; perimeter
G1 Z18.172 X180.219 Y106.850 E16.10466 ; perimeter
G1 Z18.185 X184.029 Y106.416 E15.96985 ; perimeter
G1 Z18.206 X190.711 Y106.133 E27.85305 ; perimeter
G1 Z18.218 X194.365 Y106.232 E15.22323 ; perimeter
G1 Z18.231 X198.221 Y106.535 E16.10844 ; perimeter
G1 Z18.243 X202.056 Y107.040 E16.10923 ; perimeter
G1 Z18.256 X205.828 Y107.739 E15.97650 ; perimeter
G1 Z18.277 X212.126 Y109.368 E27.09211 ; perimeter
G1 Z18.289 X215.765 Y110.586 E15.98152 ; perimeter
G1 Z18.302 X219.363 Y112.003 E16.10459 ; perimeter
G1 Z18.314 X222.882 Y113.607 E16.10608 ; perimeter
G1 Z18.326 X226.285 Y115.378 E15.97657 ; perimeter
G1 Z18.348 X231.832 Y118.777 E27.09338 ; perimeter
G1 Z18.360 X234.956 Y121.005 E15.98017 ; perimeter
G1 Z18.372 X237.958 Y123.394 E15.97798 ; perimeter
G1 Z18.393 X242.755 Y127.789 E27.09493 ; perimeter
G1 Z18.406 X245.396 Y130.572 E15.97833 ; perimeter
G1 Z18.418 X247.907 Y133.513 E16.10518 ; perimeter
G1 Z18.431 X250.262 Y136.581 E16.10735 ; perimeter
G1 Z18.443 X252.435 Y139.743 E15.97843 ; perimeter
G1 Z18.464 X255.723 Y145.355 E27.08818 ; perimeter
G1 Z18.477 X257.405 Y148.802 E15.97168 ; perimeter
G1 Z18.489 X258.976 Y152.301 E15.97467 ; perimeter
G1 Z18.510 X261.150 Y158.432 E27.09166 ; perimeter
G1 Z18.522 X262.175 Y162.129 E15.97747 ; perimeter
G1 Z18.535 X263.005 Y165.875 E15.97912 ; perimeter
G1 Z18.556 X263.967 Y172.309 E27.09319 ; perimeter
G1 Z18.568 X264.268 Y176.134 E15.97902 ; perimeter
G1 Z18.581 X264.368 Y179.969 E15.97684 ; perimeter
G1 Z18.602 X264.085 Y186.469 E27.09584 ; perimeter
G1 Z18.614 X263.650 Y190.281 E15.97866 ; perimeter
G1 Z18.626 X263.017 Y194.065 E15.97797 ; perimeter
G1 Z18.648 X261.499 Y200.390 E27.08942 ; perimeter
G1 Z18.660 X260.345 Y204.050 E15.98232 ; perimeter
G1 Z18.672 X258.990 Y207.672 E16.10534 ; perimeter
G1 Z18.685 X257.448 Y211.219 E16.10748 ; perimeter
G1 Z18.697 X255.723 Y214.680 E16.10496 ; perimeter
G1 Z18.710 X253.818 Y218.046 E16.10750 ; perimeter
G1 Z18.722 X251.739 Y221.306 E16.10363 ; perimeter
G1 Z18.735 X249.466 Y224.435 E16.10412 ; perimeter
G1 Z18.747 X247.098 Y227.451 E15.97156 ; perimeter
G1 Z18.768 X242.732 Y232.232 E26.96372 ; perimeter
G1 Z18.789 X237.958 Y236.606 E26.96523 ; perimeter
G1 Z18.802 X234.956 Y238.995 E15.97798 ; perimeter
G1 Z18.814 X231.807 Y241.240 E16.10609 ; perimeter
G1 Z18.827 X228.546 Y243.318 E16.10385 ; perimeter
G1 Z18.839 X225.180 Y245.223 E16.10750 ; perimeter
G1 Z18.852 X221.718 Y246.948 E16.10869 ; perimeter
G1 Z18.864 X218.200 Y248.478 E15.97684 ; perimeter
G1 Z18.885 X212.068 Y250.650 E27.09229 ; perimeter
G1 Z18.897 X208.371 Y251.675 E15.97750 ; perimeter
G1 Z18.910 X204.625 Y252.505 E15.97912 ; perimeter
G1 Z18.931 X198.191 Y253.467 E27.09319 ; perimeter
G1 Z18.943 X194.366 Y253.768 E15.97902 ; perimeter
G1 Z18.956 X190.500 Y253.869 E16.10601 ; perimeter
G1 Z18.968 X186.634 Y253.768 E16.10601 ; perimeter
G1 Z18.981 X182.809 Y253.467 E15.97902 ; perimeter
G1 Z19.002 X176.375 Y252.505 E27.09319 ; perimeter
G1 Z19.014 X172.629 Y251.675 E15.97912 ; perimeter
G1 Z19.026 X168.932 Y250.650 E15.97750 ; perimeter
G1 Z19.047 X162.829 Y248.488 E26.96454 ; perimeter
G1 Z19.068 X156.937 Y245.803 E26.96584 ; perimeter
G1 Z19.081 X153.565 Y243.973 E15.97796 ; perimeter
G1 Z19.093 X150.268 Y241.952 E16.10520 ; perimeter
G1 Z19.106 X147.081 Y239.762 E16.10435 ; perimeter
G1 Z19.118 X144.013 Y237.407 E16.10735 ; perimeter
G1 Z19.131 X141.072 Y234.896 E16.10518 ; perimeter
G1 Z19.143 X138.267 Y232.233 E16.10786 ; perimeter
G1 Z19.156 X135.604 Y229.428 E16.10786 ; perimeter
G1 Z19.168 X133.093 Y226.487 E16.10518 ; perimeter
G1 Z19.181 X130.738 Y223.419 E16.10735 ; perimeter
G1 Z19.193 X128.548 Y220.232 E16.10435 ; perimeter
G1 Z19.206 X126.527 Y216.935 E16.10522 ; perimeter
G1 Z19.218 X124.697 Y213.563 E15.97794 ; perimeter
G1 Z19.239 X122.012 Y207.671 E26.96584 ; perimeter
G1 Z19.260 X119.850 Y201.568 E26.96454 ; perimeter
G1 Z19.272 X118.825 Y197.871 E15.97750 ; perimeter
G1 Z19.285 X117.995 Y194.127 E15.97100 ; perimeter
G1 Z19.306 X117.016 Y187.511 E27.85320 ; perimeter
G1 Z19.318 X116.732 Y183.867 E15.22198 ; perimeter
G1 Z19.331 X116.631 Y180.000 E16.11009 ; perimeter
G1 Z19.343 X116.740 Y176.134 E16.10546 ; perimeter
G1 Z19.356 X117.037 Y172.310 E15.97674 ; perimeter
G1 Z19.377 X117.995 Y165.875 E27.09305 ; perimeter
G1 Z19.389 X118.825 Y162.129 E15.97914 ; perimeter
G1 Z19.401 X119.850 Y158.432 E15.97750 ; perimeter
G1 Z19.423 X122.022 Y152.300 E27.09218 ; perimeter
G1 Z19.435 X123.555 Y148.783 E15.97665 ; perimeter
G1 Z19.447 X125.264 Y145.351 E15.96996 ; perimeter
G1 Z19.469 X128.665 Y139.592 E27.85275 ; perimeter
G1 Z19.481 X130.738 Y136.582 E15.22085 ; perimeter
G1 Z19.493 X133.093 Y133.513 E16.11065 ; perimeter
G1 Z19.500 X134.447 Y131.927 E8.68477 ; perimeter
;LAYER_CHANGE
;Z:21
;HEIGHT:1.5
G1 Z19.500 F960 ; simple layer change
G1 F2400
G1 Z19.506 X135.604 Y130.572 E7.42040 ; perimeter
G1 Z19.518 X138.266 Y127.767 E16.10500 ; perimeter
G1 Z19.531 X141.072 Y125.104 E16.11086 ; perimeter
G1 Z19.543 X144.013 Y122.593 E16.10519 ; perimeter
G1 Z19.556 X147.081 Y120.238 E16.10735 ; perimeter
G1 Z19.568 X150.269 Y118.050 E16.10378 ; perimeter
G1 Z19.581 X153.599 Y116.084 E16.10278 ; perimeter
G1 Z19.593 X156.946 Y114.215 E15.96648 ; perimeter
G1 Z19.614 X162.829 Y111.512 E26.96309 ; perimeter
G1 Z19.635 X168.932 Y109.350 E26.96458 ; perimeter
G1 Z19.647 X172.629 Y108.325 E15.97751 ; perimeter
G1 Z19.660 X176.405 Y107.488 E16.10740 ; perimeter
G1 Z19.672 X180.219 Y106.850 E16.10467 ; perimeter
G1 Z19.685 X184.029 Y106.416 E15.96991 ; perimeter
G1 Z19.706 X190.726 Y106.133 E27.91546 ; perimeter
G1 Z19.718 X194.364 Y106.232 E15.15655 ; perimeter
G1 Z19.731 X198.221 Y106.535 E16.11247 ; perimeter
G1 Z19.743 X202.056 Y107.040 E16.10936 ; perimeter
G1 Z19.756 X205.828 Y107.739 E15.97650 ; perimeter
G1 Z19.777 X212.126 Y109.368 E27.09211 ; perimeter
G1 Z19.789 X215.765 Y110.586 E15.98152 ; perimeter
G1 Z19.802 X219.363 Y112.003 E16.10458 ; perimeter
G1 Z19.814 X222.882 Y113.607 E16.10602 ; perimeter
G1 Z19.827 X226.285 Y115.378 E15.97663 ; perimeter
G1 Z19.848 X231.832 Y118.777 E27.09332 ; perimeter
G1 Z19.860 X234.956 Y121.005 E15.98022 ; perimeter
G1 Z19.872 X237.958 Y123.394 E15.97800 ; perimeter
G1 Z19.893 X242.755 Y127.789 E27.09493 ; perimeter
G1 Z19.906 X245.396 Y130.572 E15.97828 ; perimeter
G1 Z19.918 X247.907 Y133.513 E16.10519 ; perimeter
G1 Z19.931 X250.262 Y136.581 E16.10739 ; perimeter
G1 Z19.943 X252.433 Y139.741 E15.96681 ; perimeter
G1 Z19.965 X255.824 Y145.522 E27.91219 ; perimeter
G1 Z19.989 X258.978 Y152.300 E31.13441 ; perimeter
G1 Z20.010 X261.150 Y158.432 E27.09235 ; perimeter
G1 Z20.022 X262.175 Y162.129 E15.97750 ; perimeter
G1 Z20.035 X263.005 Y165.875 E15.97912 ; perimeter
G1 Z20.056 X263.967 Y172.309 E27.09319 ; perimeter
G1 Z20.068 X264.268 Y176.134 E15.97902 ; perimeter
G1 Z20.081 X264.368 Y179.967 E15.96852 ; perimeter
G1 Z20.102 X264.064 Y186.663 E27.91427 ; perimeter
G1 Z20.126 X263.017 Y194.065 E31.13451 ; perimeter
G1 Z20.148 X261.499 Y200.390 E27.08942 ; perimeter
G1 Z20.160 X260.345 Y204.050 E15.98234 ; perimeter
G1 Z20.172 X258.990 Y207.672 E16.10532 ; perimeter
G1 Z20.185 X257.448 Y211.218 E16.10370 ; perimeter
G1 Z20.197 X255.723 Y214.680 E16.10872 ; perimeter
G1 Z20.210 X253.818 Y218.046 E16.10753 ; perimeter
G1 Z20.222 X251.740 Y221.307 E16.10385 ; perimeter
G1 Z20.235 X249.495 Y224.456 E16.10609 ; perimeter
G1 Z20.247 X247.106 Y227.458 E15.97797 ; perimeter
G1 Z20.268 X242.732 Y232.232 E26.96523 ; perimeter
G1 Z20.289 X237.958 Y236.606 E26.96522 ; perimeter
G1 Z20.302 X234.956 Y238.995 E15.97798 ; perimeter
G1 Z20.314 X231.807 Y241.240 E16.10601 ; perimeter
G1 Z20.327 X228.546 Y243.318 E16.10391 ; perimeter
G1 Z20.339 X225.180 Y245.223 E16.10753 ; perimeter
G1 Z20.352 X221.718 Y246.948 E16.10866 ; perimeter
G1 Z20.364 X218.200 Y248.478 E15.97684 ; perimeter
G1 Z20.385 X212.068 Y250.650 E27.09229 ; perimeter
G1 Z20.397 X208.371 Y251.675 E15.97752 ; perimeter
G1 Z20.410 X204.625 Y252.505 E15.97911 ; perimeter
G1 Z20.431 X198.191 Y253.467 E27.09320 ; perimeter
G1 Z20.443 X194.366 Y253.768 E15.97901 ; perimeter
G1 Z20.456 X190.500 Y253.869 E16.10601 ; perimeter
G1 Z20.468 X186.634 Y253.768 E16.10601 ; perimeter
G1 Z20.481 X182.809 Y253.467 E15.97901 ; perimeter
G1 Z20.502 X176.375 Y252.505 E27.09320 ; perimeter
G1 Z20.514 X172.629 Y251.675 E15.97912 ; perimeter
G1 Z20.527 X168.932 Y250.650 E15.97750 ; perimeter
G1 Z20.547 X162.829 Y248.488 E26.96454 ; perimeter
G1 Z20.568 X156.937 Y245.803 E26.96584 ; perimeter
G1 Z20.581 X153.565 Y243.973 E15.97799 ; perimeter
G1 Z20.593 X150.268 Y241.952 E16.10517 ; perimeter
G1 Z20.606 X147.081 Y239.762 E16.10435 ; perimeter
G1 Z20.618 X144.013 Y237.407 E16.10735 ; perimeter
G1 Z20.631 X141.072 Y234.896 E16.10518 ; perimeter
G1 Z20.643 X138.267 Y232.233 E16.10786 ; perimeter
G1 Z20.656 X135.604 Y229.428 E16.10791 ; perimeter
G1 Z20.668 X133.093 Y226.487 E16.10513 ; perimeter
G1 Z20.681 X130.738 Y223.419 E16.10735 ; perimeter
G1 Z20.693 X128.548 Y220.232 E16.10435 ; perimeter
G1 Z20.706 X126.527 Y216.935 E16.10520 ; perimeter
G1 Z20.718 X124.697 Y213.563 E15.97800 ; perimeter
G1 Z20.739 X122.012 Y207.671 E26.96584 ; perimeter
G1 Z20.760 X119.850 Y201.568 E26.96449 ; perimeter
G1 Z20.772 X118.825 Y197.871 E15.97750 ; perimeter
G1 Z20.785 X117.995 Y194.127 E15.97099 ; perimeter
G1 Z20.807 X117.014 Y187.497 E27.91221 ; perimeter
G1 Z20.831 X116.631 Y180.000 E31.26302 ; perimeter
G1 Z20.843 X116.732 Y176.134 E16.10601 ; perimeter
G1 Z20.856 X117.033 Y172.309 E15.97902 ; perimeter
G1 Z20.877 X117.995 Y165.875 E27.09319 ; perimeter
G1 Z20.889 X118.825 Y162.129 E15.97912 ; perimeter
G1 Z20.902 X119.850 Y158.432 E15.97750 ; perimeter
G1 Z20.922 X122.011 Y152.331 E26.95531 ; perimeter
G1 Z20.944 X124.788 Y146.264 E27.78611 ; perimeter
G1 Z20.968 X128.548 Y139.768 E31.26051 ; perimeter
G1 Z20.981 X130.738 Y136.581 E16.10434 ; perimeter
G1 Z20.993 X133.093 Y133.513 E16.10731 ; perimeter
G1 Z21.000 X134.447 Y131.927 E8.68477 ; perimeter
;LAYER_CHANGE
;Z:22.5
;HEIGHT:1.5
G1 Z21.000 F960 ; simple layer change
G1 F2400
G1 Z21.006 X135.604 Y130.572 E7.42040 ; perimeter
G1 Z21.018 X138.266 Y127.767 E16.10500 ; perimeter
G1 Z21.031 X141.072 Y125.104 E16.11090 ; perimeter
G1 Z21.043 X144.013 Y122.593 E16.10518 ; perimeter
G1 Z21.056 X147.081 Y120.238 E16.10476 ; perimeter
G1 Z21.068 X150.243 Y118.065 E15.98098 ; perimeter
G1 Z21.089 X155.857 Y114.781 E27.08741 ; perimeter
G1 Z21.102 X159.308 Y113.111 E15.96528 ; perimeter
G1 Z21.114 X162.801 Y111.524 E15.97812 ; perimeter
G1 Z21.135 X168.932 Y109.350 E27.09138 ; perimeter
G1 Z21.147 X172.629 Y108.325 E15.97750 ; perimeter
G1 Z21.160 X176.405 Y107.488 E16.10741 ; perimeter
G1 Z21.172 X180.219 Y106.850 E16.10466 ; perimeter
G1 Z21.185 X184.029 Y106.416 E15.96991 ; perimeter
G1 Z21.207 X190.740 Y106.133 E27.97365 ; perimeter
G1 Z21.218 X194.364 Y106.232 E15.09834 ; perimeter
G1 Z21.231 X198.221 Y106.535 E16.11247 ; perimeter
G1 Z21.243 X202.056 Y107.040 E16.10936 ; perimeter
G1 Z21.256 X205.858 Y107.746 E16.10350 ; perimeter
G1 Z21.268 X209.605 Y108.703 E16.10601 ; perimeter
G1 Z21.281 X213.292 Y109.754 E15.96883 ; perimeter
G1 Z21.302 X219.391 Y112.016 E27.08969 ; perimeter
G1 Z21.314 X222.882 Y113.607 E15.97743 ; perimeter
G1 Z21.327 X226.285 Y115.378 E15.97664 ; perimeter
G1 Z21.348 X231.832 Y118.777 E27.09338 ; perimeter
G1 Z21.360 X234.956 Y121.005 E15.98012 ; perimeter
G1 Z21.372 X237.958 Y123.394 E15.97798 ; perimeter
G1 Z21.393 X242.755 Y127.789 E27.09500 ; perimeter
G1 Z21.406 X245.396 Y130.572 E15.97826 ; perimeter
G1 Z21.418 X247.907 Y133.513 E16.10523 ; perimeter
G1 Z21.431 X250.262 Y136.581 E16.10735 ; perimeter
G1 Z21.443 X252.435 Y139.743 E15.97832 ; perimeter
G1 Z21.464 X255.730 Y145.351 E27.09021 ; perimeter
G1 Z21.477 X257.389 Y148.810 E15.97268 ; perimeter
G1 Z21.489 X258.978 Y152.300 E15.97229 ; perimeter
G1 Z21.510 X261.150 Y158.432 E27.09229 ; perimeter
G1 Z21.522 X262.175 Y162.129 E15.97750 ; perimeter
G1 Z21.535 X263.005 Y165.875 E15.97912 ; perimeter
G1 Z21.556 X263.967 Y172.309 E27.09325 ; perimeter
G1 Z21.568 X264.268 Y176.134 E15.97896 ; perimeter
G1 Z21.581 X264.368 Y179.969 E15.97683 ; perimeter
G1 Z21.602 X264.079 Y186.469 E27.09581 ; perimeter
G1 Z21.614 X263.594 Y190.273 E15.97183 ; perimeter
G1 Z21.627 X263.017 Y194.065 E15.97392 ; perimeter
G1 Z21.648 X261.499 Y200.390 E27.08936 ; perimeter
G1 Z21.660 X260.345 Y204.050 E15.98232 ; perimeter
G1 Z21.672 X258.990 Y207.672 E16.10534 ; perimeter
G1 Z21.685 X257.448 Y211.218 E16.10371 ; perimeter
G1 Z21.697 X255.723 Y214.680 E16.10869 ; perimeter
G1 Z21.710 X253.818 Y218.046 E16.10744 ; perimeter
G1 Z21.722 X251.757 Y221.281 E15.97457 ; perimeter
G1 Z21.743 X247.879 Y226.504 E27.09414 ; perimeter
G1 Z21.756 X245.370 Y229.405 E15.96881 ; perimeter
G1 Z21.768 X242.754 Y232.210 E15.97650 ; perimeter
G1 Z21.789 X237.958 Y236.606 E27.09441 ; perimeter
G1 Z21.802 X234.956 Y238.995 E15.97798 ; perimeter
G1 Z21.814 X231.807 Y241.240 E16.10601 ; perimeter
G1 Z21.827 X228.546 Y243.318 E16.10391 ; perimeter
G1 Z21.839 X225.180 Y245.223 E16.10750 ; perimeter
G1 Z21.852 X221.718 Y246.948 E16.10869 ; perimeter
G1 Z21.864 X218.200 Y248.478 E15.97684 ; perimeter
G1 Z21.885 X212.068 Y250.650 E27.09229 ; perimeter
G1 Z21.897 X208.371 Y251.675 E15.97748 ; perimeter
G1 Z21.910 X204.625 Y252.505 E15.97913 ; perimeter
G1 Z21.931 X198.191 Y253.467 E27.09319 ; perimeter
G1 Z21.943 X194.366 Y253.768 E15.97902 ; perimeter
G1 Z21.956 X190.531 Y253.868 E15.97685 ; perimeter
G1 Z21.977 X184.032 Y253.577 E27.09477 ; perimeter
G1 Z21.989 X180.222 Y253.127 E15.97427 ; perimeter
G1 Z22.002 X176.405 Y252.511 E16.10327 ; perimeter
G1 Z22.014 X172.629 Y251.675 E16.10718 ; perimeter
G1 Z22.027 X168.932 Y250.650 E15.97750 ; perimeter
G1 Z22.047 X162.829 Y248.488 E26.96454 ; perimeter
G1 Z22.068 X156.937 Y245.803 E26.96584 ; perimeter
G1 Z22.081 X153.565 Y243.973 E15.97796 ; perimeter
G1 Z22.093 X150.268 Y241.952 E16.10520 ; perimeter
G1 Z22.106 X147.081 Y239.762 E16.10435 ; perimeter
G1 Z22.118 X144.013 Y237.407 E16.10735 ; perimeter
G1 Z22.131 X141.072 Y234.896 E16.10518 ; perimeter
G1 Z22.143 X138.267 Y232.233 E16.10786 ; perimeter
G1 Z22.156 X135.604 Y229.428 E16.10786 ; perimeter
G1 Z22.168 X133.093 Y226.487 E16.10518 ; perimeter
G1 Z22.181 X130.738 Y223.419 E16.10735 ; perimeter
G1 Z22.193 X128.548 Y220.232 E16.10435 ; perimeter
G1 Z22.206 X126.527 Y216.935 E16.10520 ; perimeter
G1 Z22.218 X124.697 Y213.563 E15.97794 ; perimeter
G1 Z22.239 X122.012 Y207.671 E26.96585 ; perimeter
G1 Z22.260 X119.850 Y201.568 E26.96454 ; perimeter
G1 Z22.272 X118.825 Y197.871 E15.97750 ; perimeter
G1 Z22.285 X117.995 Y194.128 E15.96695 ; perimeter
G1 Z22.307 X117.013 Y187.482 E27.97868 ; perimeter
G1 Z22.331 X116.631 Y180.000 E31.20047 ; perimeter
G1 Z22.343 X116.732 Y176.134 E16.10601 ; perimeter
G1 Z22.356 X117.033 Y172.309 E15.97902 ; perimeter
G1 Z22.377 X117.995 Y165.875 E27.09319 ; perimeter
G1 Z22.389 X118.825 Y162.129 E15.97912 ; perimeter
G1 Z22.402 X119.850 Y158.432 E15.97750 ; perimeter
G1 Z22.422 X122.011 Y152.332 E26.95136 ; perimeter
G1 Z22.444 X124.793 Y146.251 E27.84963 ; perimeter
G1 Z22.468 X128.548 Y139.768 E31.20132 ; perimeter
G1 Z22.481 X130.738 Y136.581 E16.10435 ; perimeter
G1 Z22.493 X133.093 Y133.513 E16.10735 ; perimeter
G1 Z22.500 X134.447 Y131.927 E8.68477 ; perimeter
;LAYER_CHANGE
;Z:24
;HEIGHT:1.5
G1 Z22.500 F960 ; simple layer change
G1 F2400
G1 Z22.506 X135.604 Y130.572 E7.42044 ; perimeter
G1 Z22.518 X138.267 Y127.767 E16.10791 ; perimeter
G1 Z22.531 X141.072 Y125.104 E16.10791 ; perimeter
G1 Z22.543 X144.013 Y122.593 E16.10520 ; perimeter
G1 Z22.556 X147.081 Y120.239 E16.10713 ; perimeter
G1 Z22.568 X150.243 Y118.065 E15.97852 ; perimeter
G1 Z22.589 X155.848 Y114.764 E27.09021 ; perimeter
G1 Z22.602 X159.281 Y113.052 E15.97640 ; perimeter
G1 Z22.614 X162.800 Y111.522 E15.98066 ; perimeter
G1 Z22.635 X168.932 Y109.350 E27.09229 ; perimeter
G1 Z22.647 X172.629 Y108.325 E15.97750 ; perimeter
G1 Z22.660 X176.405 Y107.488 E16.10740 ; perimeter
G1 Z22.672 X180.219 Y106.850 E16.10467 ; perimeter
G1 Z22.685 X184.028 Y106.416 E15.96579 ; perimeter
G1 Z22.707 X190.755 Y106.133 E28.04028 ; perimeter
G1 Z22.718 X194.364 Y106.232 E15.03574 ; perimeter
G1 Z22.731 X198.221 Y106.535 E16.11253 ; perimeter
G1 Z22.743 X202.056 Y107.040 E16.10929 ; perimeter
G1 Z22.756 X205.858 Y107.745 E16.10390 ; perimeter
G1 Z22.768 X209.619 Y108.648 E16.10843 ; perimeter
G1 Z22.781 X213.298 Y109.737 E15.97881 ; perimeter
G1 Z22.802 X219.391 Y112.016 E27.09212 ; perimeter
G1 Z22.814 X222.882 Y113.607 E15.97754 ; perimeter
G1 Z22.826 X226.285 Y115.378 E15.97657 ; perimeter
G1 Z22.848 X231.832 Y118.777 E27.09344 ; perimeter
G1 Z22.860 X234.956 Y121.005 E15.98012 ; perimeter
G1 Z22.872 X237.958 Y123.394 E15.97796 ; perimeter
G1 Z22.893 X242.755 Y127.789 E27.09495 ; perimeter
G1 Z22.906 X245.396 Y130.572 E15.97833 ; perimeter
G1 Z22.918 X247.907 Y133.513 E16.10514 ; perimeter
G1 Z22.931 X250.262 Y136.581 E16.10735 ; perimeter
G1 Z22.943 X252.451 Y139.769 E16.10406 ; perimeter
G1 Z22.956 X254.431 Y143.090 E16.10284 ; perimeter
G1 Z22.968 X256.290 Y146.444 E15.96934 ; perimeter
G1 Z22.989 X258.988 Y152.329 E26.96383 ; perimeter
G1 Z23.010 X261.150 Y158.432 E26.96451 ; perimeter
G1 Z23.022 X262.175 Y162.129 E15.97750 ; perimeter
G1 Z23.035 X263.005 Y165.875 E15.97912 ; perimeter
G1 Z23.056 X263.967 Y172.309 E27.09319 ; perimeter
G1 Z23.068 X264.268 Y176.134 E15.97902 ; perimeter
G1 Z23.081 X264.368 Y179.969 E15.97684 ; perimeter
G1 Z23.102 X264.085 Y186.469 E27.09584 ; perimeter
G1 Z23.114 X263.650 Y190.281 E15.97866 ; perimeter
G1 Z23.126 X263.017 Y194.065 E15.97797 ; perimeter
G1 Z23.148 X261.499 Y200.390 E27.08942 ; perimeter
G1 Z23.160 X260.345 Y204.050 E15.98232 ; perimeter
G1 Z23.172 X258.990 Y207.672 E16.10534 ; perimeter
G1 Z23.185 X257.448 Y211.219 E16.10748 ; perimeter
G1 Z23.197 X255.723 Y214.680 E16.10496 ; perimeter
G1 Z23.210 X253.818 Y218.046 E16.10755 ; perimeter
G1 Z23.222 X251.739 Y221.306 E16.10357 ; perimeter
G1 Z23.235 X249.466 Y224.435 E16.10412 ; perimeter
G1 Z23.247 X247.098 Y227.451 E15.97156 ; perimeter
G1 Z23.268 X242.732 Y232.232 E26.96372 ; perimeter
G1 Z23.289 X237.958 Y236.606 E26.96523 ; perimeter
G1 Z23.302 X234.956 Y238.995 E15.97798 ; perimeter
G1 Z23.314 X231.807 Y241.240 E16.10601 ; perimeter
G1 Z23.327 X228.546 Y243.318 E16.10391 ; perimeter
G1 Z23.339 X225.180 Y245.223 E16.10756 ; perimeter
G1 Z23.352 X221.718 Y246.948 E16.10863 ; perimeter
G1 Z23.364 X218.200 Y248.478 E15.97684 ; perimeter
G1 Z23.385 X212.068 Y250.650 E27.09229 ; perimeter
G1 Z23.397 X208.371 Y251.675 E15.97748 ; perimeter
G1 Z23.410 X204.625 Y252.505 E15.97913 ; perimeter
G1 Z23.431 X198.191 Y253.467 E27.09320 ; perimeter
G1 Z23.443 X194.366 Y253.768 E15.97901 ; perimeter
G1 Z23.456 X190.500 Y253.868 E16.10579 ; perimeter
G1 Z23.468 X186.635 Y253.743 E16.10459 ; perimeter
G1 Z23.481 X182.810 Y253.460 E15.97447 ; perimeter
G1 Z23.502 X176.375 Y252.505 E27.09220 ; perimeter
G1 Z23.514 X172.629 Y251.675 E15.97911 ; perimeter
G1 Z23.527 X168.932 Y250.650 E15.97748 ; perimeter
G1 Z23.547 X162.829 Y248.488 E26.96454 ; perimeter
G1 Z23.568 X156.937 Y245.803 E26.96581 ; perimeter
G1 Z23.581 X153.565 Y243.973 E15.97799 ; perimeter
G1 Z23.593 X150.268 Y241.952 E16.10520 ; perimeter
G1 Z23.606 X147.081 Y239.762 E16.10435 ; perimeter
G1 Z23.618 X144.013 Y237.407 E16.10735 ; perimeter
G1 Z23.631 X141.072 Y234.896 E16.10518 ; perimeter
G1 Z23.643 X138.267 Y232.233 E16.10786 ; perimeter
G1 Z23.656 X135.604 Y229.428 E16.10791 ; perimeter
G1 Z23.668 X133.093 Y226.487 E16.10513 ; perimeter
G1 Z23.681 X130.738 Y223.419 E16.10735 ; perimeter
G1 Z23.693 X128.548 Y220.232 E16.10435 ; perimeter
G1 Z23.706 X126.527 Y216.935 E16.10520 ; perimeter
G1 Z23.718 X124.697 Y213.563 E15.97794 ; perimeter
G1 Z23.739 X122.012 Y207.671 E26.96585 ; perimeter
G1 Z23.760 X119.850 Y201.568 E26.96454 ; perimeter
G1 Z23.772 X118.825 Y197.871 E15.97750 ; perimeter
G1 Z23.785 X117.995 Y194.125 E15.97911 ; perimeter
G1 Z23.806 X117.034 Y187.691 E27.09318 ; perimeter
G1 Z23.818 X116.744 Y183.865 E15.97743 ; perimeter
G1 Z23.831 X116.631 Y180.000 E16.10481 ; perimeter
G1 Z23.843 X116.732 Y176.134 E16.10601 ; perimeter
G1 Z23.856 X117.033 Y172.309 E15.97908 ; perimeter
G1 Z23.877 X117.995 Y165.875 E27.09313 ; perimeter
G1 Z23.889 X118.825 Y162.129 E15.97911 ; perimeter
G1 Z23.902 X119.850 Y158.432 E15.97750 ; perimeter
G1 Z23.922 X122.011 Y152.332 E26.95138 ; perimeter
G1 Z23.944 X124.800 Y146.238 E27.91096 ; perimeter
G1 Z23.968 X128.548 Y139.768 E31.13988 ; perimeter
G1 Z23.981 X130.738 Y136.581 E16.10435 ; perimeter
G1 Z23.993 X133.093 Y133.513 E16.10735 ; perimeter
G1 Z24.000 X134.447 Y131.927 E8.68477 ; perimeter
;LAYER_CHANGE
;Z:25.5
;HEIGHT:1.5
G1 Z24.000 F960 ; simple layer change
G1 F2400
G1 Z24.006 X135.604 Y130.572 E7.42040 ; perimeter
G1 Z24.018 X138.267 Y127.767 E16.10501 ; perimeter
G1 Z24.031 X141.072 Y125.104 E16.11067 ; perimeter
G1 Z24.043 X144.013 Y122.593 E16.10518 ; perimeter
G1 Z24.056 X147.081 Y120.238 E16.10737 ; perimeter
G1 Z24.068 X150.240 Y118.067 E15.96345 ; perimeter
G1 Z24.090 X156.061 Y114.658 E28.09379 ; perimeter
G1 Z24.114 X162.800 Y111.522 E30.95567 ; perimeter
G1 Z24.135 X168.932 Y109.350 E27.09230 ; perimeter
G1 Z24.147 X172.629 Y108.325 E15.97749 ; perimeter
G1 Z24.160 X176.405 Y107.488 E16.10741 ; perimeter
G1 Z24.172 X180.219 Y106.850 E16.10466 ; perimeter
G1 Z24.185 X184.028 Y106.416 E15.96583 ; perimeter
G1 Z24.207 X190.769 Y106.134 E28.09825 ; perimeter
G1 Z24.218 X194.364 Y106.232 E14.97749 ; perimeter
G1 Z24.231 X198.221 Y106.535 E16.11259 ; perimeter
G1 Z24.243 X202.056 Y107.040 E16.10922 ; perimeter
G1 Z24.256 X205.858 Y107.745 E16.10384 ; perimeter
G1 Z24.268 X209.619 Y108.648 E16.10844 ; perimeter
G1 Z24.281 X213.298 Y109.737 E15.97887 ; perimeter
G1 Z24.302 X219.391 Y112.016 E27.09219 ; perimeter
G1 Z24.314 X222.882 Y113.607 E15.97733 ; perimeter
G1 Z24.326 X226.285 Y115.378 E15.97671 ; perimeter
G1 Z24.348 X231.832 Y118.777 E27.09336 ; perimeter
G1 Z24.360 X234.956 Y121.005 E15.98014 ; perimeter
G1 Z24.372 X237.958 Y123.394 E15.97805 ; perimeter
G1 Z24.393 X242.730 Y127.766 E26.95342 ; perimeter
G1 Z24.415 X247.248 Y132.734 E27.96800 ; perimeter
G1 Z24.439 X251.727 Y138.702 E31.07382 ; perimeter
G1 Z24.452 X253.805 Y141.963 E16.10412 ; perimeter
G1 Z24.464 X255.709 Y145.328 E16.10059 ; perimeter
G1 Z24.477 X257.405 Y148.802 E16.09997 ; perimeter
G1 Z24.489 X258.976 Y152.301 E15.97462 ; perimeter
G1 Z24.510 X261.150 Y158.432 E27.09162 ; perimeter
G1 Z24.522 X262.175 Y162.129 E15.97750 ; perimeter
G1 Z24.535 X263.005 Y165.875 E15.97912 ; perimeter
G1 Z24.556 X263.967 Y172.309 E27.09325 ; perimeter
G1 Z24.568 X264.268 Y176.134 E15.97896 ; perimeter
G1 Z24.581 X264.368 Y179.969 E15.97684 ; perimeter
G1 Z24.602 X264.085 Y186.469 E27.09583 ; perimeter
G1 Z24.614 X263.650 Y190.281 E15.97867 ; perimeter
G1 Z24.626 X263.017 Y194.065 E15.97799 ; perimeter
G1 Z24.648 X261.499 Y200.390 E27.08939 ; perimeter
G1 Z24.660 X260.345 Y204.050 E15.98238 ; perimeter
G1 Z24.672 X258.990 Y207.672 E16.10528 ; perimeter
G1 Z24.685 X257.448 Y211.219 E16.10753 ; perimeter
G1 Z24.697 X255.723 Y214.680 E16.10493 ; perimeter
G1 Z24.710 X253.818 Y218.046 E16.10748 ; perimeter
G1 Z24.722 X251.757 Y221.281 E15.97454 ; perimeter
G1 Z24.743 X247.879 Y226.504 E27.09414 ; perimeter
G1 Z24.756 X245.370 Y229.405 E15.96885 ; perimeter
G1 Z24.768 X242.754 Y232.210 E15.97650 ; perimeter
G1 Z24.789 X237.958 Y236.606 E27.09441 ; perimeter
G1 Z24.802 X234.956 Y238.995 E15.97798 ; perimeter
G1 Z24.814 X231.807 Y241.240 E16.10601 ; perimeter
G1 Z24.827 X228.546 Y243.318 E16.10391 ; perimeter
G1 Z24.839 X225.180 Y245.223 E16.10753 ; perimeter
G1 Z24.852 X221.719 Y246.948 E16.10496 ; perimeter
G1 Z24.864 X218.200 Y248.478 E15.98059 ; perimeter
G1 Z24.885 X212.068 Y250.650 E27.09229 ; perimeter
G1 Z24.897 X208.371 Y251.675 E15.97752 ; perimeter
G1 Z24.910 X204.625 Y252.505 E15.97911 ; perimeter
G1 Z24.931 X198.191 Y253.467 E27.09318 ; perimeter
G1 Z24.943 X194.366 Y253.768 E15.97902 ; perimeter
G1 Z24.956 X190.531 Y253.868 E15.97685 ; perimeter
G1 Z24.977 X184.032 Y253.577 E27.09476 ; perimeter
G1 Z24.989 X180.222 Y253.127 E15.97428 ; perimeter
G1 Z25.002 X176.405 Y252.511 E16.10327 ; perimeter
G1 Z25.014 X172.629 Y251.675 E16.10719 ; perimeter
G1 Z25.026 X168.932 Y250.650 E15.97748 ; perimeter
G1 Z25.047 X162.829 Y248.488 E26.96454 ; perimeter
G1 Z25.068 X156.937 Y245.803 E26.96584 ; perimeter
G1 Z25.081 X153.565 Y243.973 E15.97793 ; perimeter
G1 Z25.093 X150.268 Y241.952 E16.10523 ; perimeter
G1 Z25.106 X147.081 Y239.762 E16.10435 ; perimeter
G1 Z25.118 X144.013 Y237.407 E16.10735 ; perimeter
G1 Z25.131 X141.072 Y234.896 E16.10518 ; perimeter
G1 Z25.143 X138.267 Y232.233 E16.10786 ; perimeter
G1 Z25.156 X135.604 Y229.428 E16.10786 ; perimeter
G1 Z25.168 X133.093 Y226.487 E16.10518 ; perimeter
G1 Z25.181 X130.739 Y223.419 E16.10481 ; perimeter
G1 Z25.193 X128.548 Y220.232 E16.10675 ; perimeter
G1 Z25.206 X126.527 Y216.935 E16.10520 ; perimeter
G1 Z25.218 X124.697 Y213.563 E15.97789 ; perimeter
G1 Z25.239 X122.012 Y207.671 E26.96585 ; perimeter
G1 Z25.260 X119.850 Y201.568 E26.96460 ; perimeter
G1 Z25.272 X118.825 Y197.871 E15.97750 ; perimeter
G1 Z25.285 X117.995 Y194.125 E15.97912 ; perimeter
G1 Z25.306 X117.033 Y187.691 E27.09319 ; perimeter
G1 Z25.318 X116.732 Y183.866 E15.97902 ; perimeter
G1 Z25.331 X116.631 Y180.000 E16.10601 ; perimeter
G1 Z25.343 X116.732 Y176.134 E16.10601 ; perimeter
G1 Z25.356 X117.033 Y172.309 E15.97902 ; perimeter
G1 Z25.377 X117.995 Y165.875 E27.09319 ; perimeter
G1 Z25.389 X118.825 Y162.129 E15.97912 ; perimeter
G1 Z25.402 X119.850 Y158.432 E15.97750 ; perimeter
G1 Z25.422 X122.010 Y152.332 E26.94999 ; perimeter
G1 Z25.444 X124.807 Y146.226 E27.97034 ; perimeter
G1 Z25.468 X128.548 Y139.768 E31.08195 ; perimeter
G1 Z25.481 X130.738 Y136.581 E16.10435 ; perimeter
G1 Z25.493 X133.093 Y133.513 E16.10735 ; perimeter
G1 Z25.500 X134.447 Y131.927 E8.68477 ; perimeter
;LAYER_CHANGE
;Z:27
;HEIGHT:1.5
G1 Z25.500 F960 ; simple layer change
G1 F2400
G1 Z25.506 X135.604 Y130.572 E7.42040 ; perimeter
G1 Z25.518 X138.267 Y127.767 E16.10798 ; perimeter
G1 Z25.531 X141.072 Y125.104 E16.10793 ; perimeter
G1 Z25.543 X144.013 Y122.593 E16.10513 ; perimeter
G1 Z25.556 X147.081 Y120.238 E16.10732 ; perimeter
G1 Z25.568 X150.243 Y118.065 E15.97837 ; perimeter
G1 Z25.589 X155.854 Y114.774 E27.09022 ; perimeter
G1 Z25.602 X159.318 Y113.133 E15.96630 ; perimeter
G1 Z25.614 X162.800 Y111.522 E15.97579 ; perimeter
G1 Z25.635 X168.932 Y109.350 E27.09229 ; perimeter
G1 Z25.647 X172.629 Y108.325 E15.97750 ; perimeter
G1 Z25.660 X176.405 Y107.488 E16.10741 ; perimeter
G1 Z25.672 X180.219 Y106.850 E16.10472 ; perimeter
G1 Z25.685 X184.028 Y106.416 E15.96564 ; perimeter
G1 Z25.707 X190.783 Y106.134 E28.15668 ; perimeter
G1 Z25.718 X194.364 Y106.232 E14.91908 ; perimeter
G1 Z25.731 X198.221 Y106.535 E16.11259 ; perimeter
G1 Z25.743 X202.056 Y107.040 E16.10929 ; perimeter
G1 Z25.756 X205.828 Y107.739 E15.97652 ; perimeter
G1 Z25.777 X212.121 Y109.385 E27.08961 ; perimeter
G1 Z25.789 X215.745 Y110.638 E15.97161 ; perimeter
G1 Z25.802 X219.362 Y112.005 E16.10241 ; perimeter
G1 Z25.814 X222.882 Y113.607 E16.10538 ; perimeter
G1 Z25.827 X226.285 Y115.378 E15.97664 ; perimeter
G1 Z25.848 X231.832 Y118.777 E27.09338 ; perimeter
G1 Z25.860 X234.956 Y121.005 E15.98017 ; perimeter
G1 Z25.872 X237.958 Y123.394 E15.97798 ; perimeter
G1 Z25.893 X242.753 Y127.790 E27.09418 ; perimeter
G1 Z25.906 X245.354 Y130.610 E15.97552 ; perimeter
G1 Z25.918 X247.880 Y133.533 E16.08897 ; perimeter
G1 Z25.931 X250.213 Y136.618 E16.10665 ; perimeter
G1 Z25.943 X252.438 Y139.777 E16.09221 ; perimeter
G1 Z25.956 X254.459 Y143.073 E16.10176 ; perimeter
G1 Z25.968 X256.290 Y146.443 E15.97459 ; perimeter
G1 Z25.989 X258.988 Y152.329 E26.96389 ; perimeter
G1 Z26.010 X261.150 Y158.432 E26.96457 ; perimeter
G1 Z26.022 X262.175 Y162.129 E15.97750 ; perimeter
G1 Z26.035 X263.005 Y165.875 E15.97912 ; perimeter
G1 Z26.056 X263.967 Y172.309 E27.09319 ; perimeter
G1 Z26.068 X264.268 Y176.134 E15.97902 ; perimeter
G1 Z26.081 X264.368 Y179.969 E15.97684 ; perimeter
G1 Z26.102 X264.085 Y186.469 E27.09584 ; perimeter
G1 Z26.114 X263.650 Y190.281 E15.97866 ; perimeter
G1 Z26.127 X263.017 Y194.065 E15.97799 ; perimeter
G1 Z26.148 X261.499 Y200.390 E27.08939 ; perimeter
G1 Z26.160 X260.345 Y204.050 E15.98226 ; perimeter
G1 Z26.172 X258.990 Y207.672 E16.10540 ; perimeter
G1 Z26.185 X257.448 Y211.218 E16.10370 ; perimeter
G1 Z26.197 X255.723 Y214.680 E16.10872 ; perimeter
G1 Z26.210 X253.818 Y218.046 E16.10758 ; perimeter
G1 Z26.222 X251.739 Y221.306 E16.10361 ; perimeter
G1 Z26.235 X249.466 Y224.435 E16.10410 ; perimeter
G1 Z26.247 X247.098 Y227.451 E15.97150 ; perimeter
G1 Z26.268 X242.732 Y232.232 E26.96377 ; perimeter
G1 Z26.289 X237.958 Y236.606 E26.96523 ; perimeter
G1 Z26.302 X234.956 Y238.995 E15.97798 ; perimeter
G1 Z26.314 X231.807 Y241.240 E16.10601 ; perimeter
G1 Z26.327 X228.546 Y243.318 E16.10391 ; perimeter
G1 Z26.339 X225.180 Y245.223 E16.10750 ; perimeter
G1 Z26.352 X221.719 Y246.948 E16.10496 ; perimeter
G1 Z26.364 X218.200 Y248.478 E15.98066 ; perimeter
G1 Z26.385 X212.068 Y250.650 E27.09229 ; perimeter
G1 Z26.397 X208.371 Y251.675 E15.97748 ; perimeter
G1 Z26.410 X204.625 Y252.505 E15.97913 ; perimeter
G1 Z26.431 X198.191 Y253.467 E27.09319 ; perimeter
G1 Z26.443 X194.366 Y253.768 E15.97902 ; perimeter
G1 Z26.456 X190.500 Y253.868 E16.10579 ; perimeter
G1 Z26.468 X186.635 Y253.743 E16.10458 ; perimeter
G1 Z26.481 X182.810 Y253.460 E15.97447 ; perimeter
G1 Z26.502 X176.375 Y252.505 E27.09221 ; perimeter
G1 Z26.514 X172.629 Y251.675 E15.97909 ; perimeter
G1 Z26.527 X168.932 Y250.650 E15.97750 ; perimeter
G1 Z26.547 X162.829 Y248.488 E26.96454 ; perimeter
G1 Z26.568 X156.937 Y245.803 E26.96584 ; perimeter
G1 Z26.581 X153.565 Y243.973 E15.97796 ; perimeter
G1 Z26.593 X150.268 Y241.952 E16.10520 ; perimeter
G1 Z26.606 X147.081 Y239.762 E16.10435 ; perimeter
G1 Z26.618 X144.013 Y237.407 E16.10735 ; perimeter
G1 Z26.631 X141.072 Y234.896 E16.10518 ; perimeter
G1 Z26.643 X138.267 Y232.233 E16.10786 ; perimeter
G1 Z26.656 X135.604 Y229.428 E16.10786 ; perimeter
G1 Z26.668 X133.093 Y226.487 E16.10518 ; perimeter
G1 Z26.681 X130.738 Y223.419 E16.10730 ; perimeter
G1 Z26.693 X128.548 Y220.232 E16.10436 ; perimeter
G1 Z26.706 X126.527 Y216.935 E16.10520 ; perimeter
G1 Z26.718 X124.697 Y213.563 E15.97800 ; perimeter
G1 Z26.739 X122.012 Y207.671 E26.96579 ; perimeter
G1 Z26.760 X119.850 Y201.568 E26.96454 ; perimeter
G1 Z26.772 X118.825 Y197.871 E15.97750 ; perimeter
G1 Z26.785 X117.995 Y194.125 E15.97913 ; perimeter
G1 Z26.806 X117.033 Y187.691 E27.09319 ; perimeter
G1 Z26.818 X116.732 Y183.866 E15.97902 ; perimeter
G1 Z26.831 X116.632 Y180.034 E15.96435 ; perimeter
G1 Z26.853 X116.942 Y173.280 E28.15699 ; perimeter
G1 Z26.877 X117.988 Y165.905 E31.02242 ; perimeter
G1 Z26.889 X118.825 Y162.129 E16.10735 ; perimeter
G1 Z26.902 X119.850 Y158.432 E15.97750 ; perimeter
G1 Z26.922 X122.010 Y152.332 E26.94999 ; perimeter
G1 Z26.944 X124.813 Y146.213 E28.02989 ; perimeter
G1 Z26.968 X128.548 Y139.768 E31.02266 ; perimeter
G1 Z26.981 X130.738 Y136.581 E16.10435 ; perimeter
G1 Z26.993 X133.093 Y133.513 E16.10735 ; perimeter
G1 Z27.000 X134.447 Y131.927 E8.68477 ; perimeter
;LAYER_CHANGE
;Z:28.5
;HEIGHT:1.5
G1 Z27.000 F960 ; simple layer change
G1 F2400
G1 Z27.006 X135.604 Y130.572 E7.42044 ; perimeter
G1 Z27.018 X138.267 Y127.767 E16.10493 ; perimeter
G1 Z27.031 X141.072 Y125.104 E16.11076 ; perimeter
G1 Z27.043 X144.013 Y122.593 E16.10518 ; perimeter
G1 Z27.056 X147.081 Y120.238 E16.10735 ; perimeter
G1 Z27.068 X150.240 Y118.067 E15.96345 ; perimeter
G1 Z27.090 X156.046 Y114.665 E28.02312 ; perimeter
G1 Z27.114 X162.841 Y111.507 E31.20738 ; perimeter
G1 Z27.135 X168.932 Y109.350 E26.91048 ; perimeter
G1 Z27.147 X172.629 Y108.325 E15.97750 ; perimeter
G1 Z27.160 X176.405 Y107.488 E16.10747 ; perimeter
G1 Z27.172 X180.219 Y106.850 E16.10460 ; perimeter
G1 Z27.185 X184.028 Y106.416 E15.96577 ; perimeter
G1 Z27.207 X190.752 Y106.135 E28.02732 ; perimeter
G1 Z27.231 X198.264 Y106.541 E31.33058 ; perimeter
G1 Z27.243 X202.056 Y107.040 E15.92851 ; perimeter
G1 Z27.256 X205.858 Y107.746 E16.10350 ; perimeter
G1 Z27.268 X209.605 Y108.703 E16.10595 ; perimeter
G1 Z27.281 X213.292 Y109.754 E15.96889 ; perimeter
G1 Z27.302 X219.391 Y112.016 E27.08962 ; perimeter
G1 Z27.314 X222.882 Y113.607 E15.97750 ; perimeter
G1 Z27.326 X226.285 Y115.378 E15.97658 ; perimeter
G1 Z27.348 X231.832 Y118.777 E27.09344 ; perimeter
G1 Z27.360 X234.956 Y121.005 E15.98017 ; perimeter
G1 Z27.372 X237.958 Y123.394 E15.97798 ; perimeter
G1 Z27.393 X242.754 Y127.789 E27.09186 ; perimeter
G1 Z27.406 X245.396 Y130.572 E15.98134 ; perimeter
G1 Z27.418 X247.907 Y133.513 E16.10514 ; perimeter
G1 Z27.431 X250.262 Y136.581 E16.10739 ; perimeter
G1 Z27.443 X252.435 Y139.743 E15.97843 ; perimeter
G1 Z27.464 X255.723 Y145.355 E27.08815 ; perimeter
G1 Z27.477 X257.405 Y148.802 E15.97176 ; perimeter
G1 Z27.489 X258.976 Y152.301 E15.97462 ; perimeter
G1 Z27.510 X261.150 Y158.432 E27.09162 ; perimeter
G1 Z27.522 X262.175 Y162.129 E15.97750 ; perimeter
G1 Z27.535 X263.005 Y165.875 E15.97912 ; perimeter
G1 Z27.556 X263.967 Y172.309 E27.09319 ; perimeter
G1 Z27.568 X264.268 Y176.134 E15.97902 ; perimeter
G1 Z27.581 X264.368 Y179.966 E15.96434 ; perimeter
G1 Z27.602 X264.060 Y186.688 E28.02378 ; perimeter
G1 Z27.627 X263.007 Y194.107 E31.20760 ; perimeter
G1 Z27.648 X261.499 Y200.390 E26.90962 ; perimeter
G1 Z27.660 X260.345 Y204.050 E15.98232 ; perimeter
G1 Z27.672 X258.990 Y207.672 E16.10534 ; perimeter
G1 Z27.685 X257.448 Y211.219 E16.10754 ; perimeter
G1 Z27.697 X255.723 Y214.680 E16.10490 ; perimeter
G1 Z27.710 X253.818 Y218.046 E16.10750 ; perimeter
G1 Z27.722 X251.740 Y221.307 E16.10391 ; perimeter
G1 Z27.735 X249.495 Y224.456 E16.10601 ; perimeter
G1 Z27.747 X247.106 Y227.458 E15.97797 ; perimeter
G1 Z27.768 X242.732 Y232.232 E26.96523 ; perimeter
G1 Z27.789 X237.958 Y236.606 E26.96522 ; perimeter
G1 Z27.802 X234.956 Y238.995 E15.97798 ; perimeter
G1 Z27.814 X231.807 Y241.240 E16.10605 ; perimeter
G1 Z27.827 X228.546 Y243.318 E16.10388 ; perimeter
G1 Z27.839 X225.180 Y245.223 E16.10753 ; perimeter
G1 Z27.852 X221.718 Y246.948 E16.10866 ; perimeter
G1 Z27.864 X218.200 Y248.478 E15.97688 ; perimeter
G1 Z27.885 X212.068 Y250.650 E27.09229 ; perimeter
G1 Z27.897 X208.371 Y251.675 E15.97748 ; perimeter
G1 Z27.910 X204.625 Y252.505 E15.97913 ; perimeter
G1 Z27.931 X198.191 Y253.467 E27.09319 ; perimeter
G1 Z27.943 X194.366 Y253.768 E15.97902 ; perimeter
G1 Z27.956 X190.500 Y253.869 E16.10601 ; perimeter
G1 Z27.968 X186.634 Y253.768 E16.10601 ; perimeter
G1 Z27.981 X182.809 Y253.467 E15.97902 ; perimeter
G1 Z28.002 X176.375 Y252.505 E27.09319 ; perimeter
G1 Z28.014 X172.629 Y251.675 E15.97911 ; perimeter
G1 Z28.027 X168.932 Y250.650 E15.97752 ; perimeter
G1 Z28.047 X162.829 Y248.488 E26.96454 ; perimeter
G1 Z28.068 X156.937 Y245.803 E26.96584 ; perimeter
G1 Z28.081 X153.565 Y243.973 E15.97799 ; perimeter
G1 Z28.093 X150.268 Y241.952 E16.10517 ; perimeter
G1 Z28.106 X147.081 Y239.762 E16.10435 ; perimeter
G1 Z28.118 X144.013 Y237.407 E16.10735 ; perimeter
G1 Z28.131 X141.072 Y234.896 E16.10518 ; perimeter
G1 Z28.143 X138.267 Y232.233 E16.10786 ; perimeter
G1 Z28.156 X135.604 Y229.428 E16.10786 ; perimeter
G1 Z28.168 X133.093 Y226.487 E16.10518 ; perimeter
G1 Z28.181 X130.738 Y223.419 E16.10735 ; perimeter
G1 Z28.193 X128.548 Y220.232 E16.10435 ; perimeter
G1 Z28.206 X126.527 Y216.935 E16.10520 ; perimeter
G1 Z28.218 X124.697 Y213.563 E15.97796 ; perimeter
G1 Z28.239 X122.012 Y207.671 E26.96578 ; perimeter
G1 Z28.260 X119.850 Y201.568 E26.96460 ; perimeter
G1 Z28.272 X118.825 Y197.871 E15.97750 ; perimeter
G1 Z28.285 X117.995 Y194.128 E15.96696 ; perimeter
G1 Z28.307 X117.014 Y187.471 E28.02332 ; perimeter
G1 Z28.331 X116.632 Y179.957 E31.33340 ; perimeter
G1 Z28.343 X116.740 Y176.134 E15.92630 ; perimeter
G1 Z28.356 X117.037 Y172.310 E15.97675 ; perimeter
G1 Z28.377 X117.995 Y165.875 E27.09308 ; perimeter
G1 Z28.389 X118.825 Y162.129 E15.97914 ; perimeter
G1 Z28.402 X119.850 Y158.432 E15.97750 ; perimeter
G1 Z28.422 X122.010 Y152.332 E26.94999 ; perimeter
G1 Z28.444 X124.801 Y146.242 E27.89932 ; perimeter
G1 Z28.468 X128.572 Y139.732 E31.33201 ; perimeter
G1 Z28.481 X130.738 Y136.581 E15.92420 ; perimeter
G1 Z28.493 X133.093 Y133.513 E16.10735 ; perimeter
G1 Z28.500 X134.447 Y131.927 E8.68477 ; perimeter
;LAYER_CHANGE
;Z:30
;HEIGHT:1.5
G1 Z28.500 F960 ; simple layer change
G1 F2400
G1 Z28.506 X135.604 Y130.572 E7.42040 ; perimeter
G1 Z28.518 X138.267 Y127.767 E16.10800 ; perimeter
G1 Z28.531 X141.072 Y125.104 E16.10786 ; perimeter
G1 Z28.543 X144.013 Y122.593 E16.10518 ; perimeter
G1 Z28.556 X147.081 Y120.238 E16.10733 ; perimeter
G1 Z28.568 X150.243 Y118.065 E15.97841 ; perimeter
G1 Z28.589 X155.854 Y114.775 E27.09022 ; perimeter
G1 Z28.602 X159.320 Y113.135 E15.96567 ; perimeter
G1 Z28.614 X162.801 Y111.525 E15.97572 ; perimeter
G1 Z28.635 X168.932 Y109.350 E27.09100 ; perimeter
G1 Z28.647 X172.629 Y108.325 E15.97750 ; perimeter
G1 Z28.660 X176.405 Y107.488 E16.10741 ; perimeter
G1 Z28.672 X180.219 Y106.850 E16.10466 ; perimeter
G1 Z28.685 X184.028 Y106.416 E15.96577 ; perimeter
G1 Z28.707 X190.766 Y106.137 E28.08529 ; perimeter
G1 Z28.731 X198.264 Y106.541 E31.27207 ; perimeter
G1 Z28.743 X202.056 Y107.040 E15.92848 ; perimeter
G1 Z28.756 X205.858 Y107.745 E16.10390 ; perimeter
G1 Z28.768 X209.619 Y108.648 E16.10837 ; perimeter
G1 Z28.781 X213.298 Y109.737 E15.97887 ; perimeter
G1 Z28.802 X219.391 Y112.016 E27.09213 ; perimeter
G1 Z28.814 X222.882 Y113.607 E15.97746 ; perimeter
G1 Z28.826 X226.285 Y115.378 E15.97664 ; perimeter
G1 Z28.848 X231.832 Y118.777 E27.09338 ; perimeter
G1 Z28.860 X234.956 Y121.005 E15.98017 ; perimeter
G1 Z28.872 X237.958 Y123.394 E15.97798 ; perimeter
G1 Z28.893 X242.755 Y127.789 E27.09476 ; perimeter
G1 Z28.906 X245.396 Y130.572 E15.97834 ; perimeter
G1 Z28.918 X247.907 Y133.513 E16.10518 ; perimeter
G1 Z28.931 X250.262 Y136.581 E16.10735 ; perimeter
G1 Z28.943 X252.451 Y139.769 E16.10395 ; perimeter
G1 Z28.956 X254.431 Y143.090 E16.10290 ; perimeter
G1 Z28.968 X256.290 Y146.444 E15.96934 ; perimeter
G1 Z28.989 X258.988 Y152.329 E26.96383 ; perimeter
G1 Z29.010 X261.150 Y158.432 E26.96451 ; perimeter
G1 Z29.022 X262.175 Y162.129 E15.97750 ; perimeter
G1 Z29.035 X263.005 Y165.875 E15.97912 ; perimeter
G1 Z29.056 X263.967 Y172.309 E27.09319 ; perimeter
G1 Z29.068 X264.268 Y176.134 E15.97902 ; perimeter
G1 Z29.081 X264.368 Y179.966 E15.96435 ; perimeter
G1 Z29.102 X264.059 Y186.703 E28.08625 ; perimeter
G1 Z29.127 X263.007 Y194.107 E31.14533 ; perimeter
G1 Z29.148 X261.499 Y200.390 E26.90953 ; perimeter
G1 Z29.160 X260.345 Y204.050 E15.98232 ; perimeter
G1 Z29.172 X258.990 Y207.672 E16.10540 ; perimeter
G1 Z29.185 X257.448 Y211.219 E16.10753 ; perimeter
G1 Z29.197 X255.723 Y214.680 E16.10496 ; perimeter
G1 Z29.210 X253.818 Y218.046 E16.10755 ; perimeter
G1 Z29.222 X251.757 Y221.281 E15.97452 ; perimeter
G1 Z29.243 X247.879 Y226.504 E27.09409 ; perimeter
G1 Z29.256 X245.370 Y229.405 E15.96876 ; perimeter
G1 Z29.268 X242.754 Y232.210 E15.97651 ; perimeter
G1 Z29.289 X237.958 Y236.606 E27.09446 ; perimeter
G1 Z29.302 X234.956 Y238.995 E15.97798 ; perimeter
G1 Z29.314 X231.807 Y241.240 E16.10605 ; perimeter
G1 Z29.327 X228.546 Y243.318 E16.10388 ; perimeter
G1 Z29.339 X225.180 Y245.223 E16.10753 ; perimeter
G1 Z29.352 X221.718 Y246.948 E16.10866 ; perimeter
G1 Z29.364 X218.200 Y248.478 E15.97684 ; perimeter
G1 Z29.385 X212.068 Y250.650 E27.09229 ; perimeter
G1 Z29.397 X208.371 Y251.675 E15.97752 ; perimeter
G1 Z29.410 X204.625 Y252.505 E15.97911 ; perimeter
G1 Z29.431 X198.191 Y253.467 E27.09320 ; perimeter
G1 Z29.443 X194.366 Y253.768 E15.97901 ; perimeter
G1 Z29.456 X190.500 Y253.869 E16.10601 ; perimeter
G1 Z29.468 X186.634 Y253.768 E16.10601 ; perimeter
G1 Z29.481 X182.809 Y253.467 E15.97902 ; perimeter
G1 Z29.502 X176.375 Y252.505 E27.09318 ; perimeter
G1 Z29.514 X172.629 Y251.675 E15.97912 ; perimeter
G1 Z29.527 X168.932 Y250.650 E15.97750 ; perimeter
G1 Z29.547 X162.829 Y248.488 E26.96454 ; perimeter
G1 Z29.568 X156.937 Y245.803 E26.96584 ; perimeter
G1 Z29.581 X153.565 Y243.973 E15.97796 ; perimeter
G1 Z29.593 X150.268 Y241.952 E16.10520 ; perimeter
G1 Z29.606 X147.081 Y239.762 E16.10435 ; perimeter
G1 Z29.618 X144.013 Y237.407 E16.10735 ; perimeter
G1 Z29.631 X141.072 Y234.896 E16.10518 ; perimeter
G1 Z29.643 X138.267 Y232.233 E16.10786 ; perimeter
G1 Z29.656 X135.604 Y229.428 E16.10786 ; perimeter
G1 Z29.668 X133.093 Y226.487 E16.10518 ; perimeter
G1 Z29.681 X130.738 Y223.419 E16.10735 ; perimeter
G1 Z29.693 X128.548 Y220.232 E16.10435 ; perimeter
G1 Z29.706 X126.527 Y216.935 E16.10520 ; perimeter
G1 Z29.718 X124.697 Y213.563 E15.97801 ; perimeter
G1 Z29.739 X122.012 Y207.671 E26.96578 ; perimeter
G1 Z29.760 X119.850 Y201.568 E26.96454 ; perimeter
G1 Z29.772 X118.825 Y197.871 E15.97750 ; perimeter
G1 Z29.785 X117.995 Y194.128 E15.96692 ; perimeter
G1 Z29.807 X117.013 Y187.456 E28.08585 ; perimeter
G1 Z29.831 X116.632 Y179.957 E31.27097 ; perimeter
G1 Z29.843 X116.732 Y176.134 E15.92689 ; perimeter
G1 Z29.856 X117.033 Y172.309 E15.97902 ; perimeter
G1 Z29.877 X117.995 Y165.875 E27.09319 ; perimeter
G1 Z29.889 X118.825 Y162.129 E15.97912 ; perimeter
G1 Z29.902 X119.850 Y158.432 E15.97750 ; perimeter
G1 Z29.922 X122.010 Y152.332 E26.94999 ; perimeter
G1 Z29.944 X124.807 Y146.229 E27.95891 ; perimeter
G1 Z29.968 X128.572 Y139.732 E31.27266 ; perimeter
G1 Z29.981 X130.738 Y136.581 E15.92418 ; perimeter
G1 Z29.993 X133.093 Y133.513 E16.10735 ; perimeter
G1 Z30.000 X134.447 Y131.927 E8.68477 ; perimeter
;LAYER_CHANGE
;Z:31.5
;HEIGHT:1.5
G1 Z30.000 F960 ; simple layer change
G1 F2400
G1 Z30.006 X135.604 Y130.572 E7.42040 ; perimeter
G1 Z30.018 X138.267 Y127.767 E16.10497 ; perimeter
G1 Z30.031 X141.072 Y125.104 E16.11076 ; perimeter
G1 Z30.043 X144.013 Y122.593 E16.10521 ; perimeter
G1 Z30.056 X147.081 Y120.238 E16.10476 ; perimeter
G1 Z30.068 X150.243 Y118.065 E15.98100 ; perimeter
G1 Z30.089 X155.848 Y114.764 E27.09025 ; perimeter
G1 Z30.102 X159.281 Y113.052 E15.97641 ; perimeter
G1 Z30.114 X162.800 Y111.522 E15.98072 ; perimeter
G1 Z30.135 X168.932 Y109.350 E27.09223 ; perimeter
G1 Z30.147 X172.629 Y108.325 E15.97750 ; perimeter
G1 Z30.160 X176.405 Y107.488 E16.10741 ; perimeter
G1 Z30.172 X180.219 Y106.850 E16.10467 ; perimeter
G1 Z30.185 X184.028 Y106.416 E15.96577 ; perimeter
G1 Z30.207 X190.780 Y106.137 E28.14361 ; perimeter
G1 Z30.231 X198.264 Y106.541 E31.21385 ; perimeter
G1 Z30.243 X202.056 Y107.040 E15.92842 ; perimeter
G1 Z30.256 X205.858 Y107.745 E16.10389 ; perimeter
G1 Z30.268 X209.619 Y108.648 E16.10831 ; perimeter
G1 Z30.281 X213.298 Y109.737 E15.97893 ; perimeter
G1 Z30.302 X219.391 Y112.016 E27.09220 ; perimeter
G1 Z30.314 X222.882 Y113.607 E15.97733 ; perimeter
G1 Z30.326 X226.285 Y115.378 E15.97670 ; perimeter
G1 Z30.348 X231.832 Y118.777 E27.09338 ; perimeter
G1 Z30.360 X234.956 Y121.005 E15.98015 ; perimeter
G1 Z30.372 X237.958 Y123.394 E15.97795 ; perimeter
G1 Z30.393 X242.754 Y127.789 E27.09184 ; perimeter
G1 Z30.406 X245.396 Y130.572 E15.98136 ; perimeter
G1 Z30.418 X247.907 Y133.513 E16.10519 ; perimeter
G1 Z30.431 X250.262 Y136.581 E16.10739 ; perimeter
G1 Z30.443 X252.452 Y139.768 E16.10435 ; perimeter
G1 Z30.456 X254.473 Y143.065 E16.10523 ; perimeter
G1 Z30.468 X256.303 Y146.437 E15.97793 ; perimeter
G1 Z30.489 X258.988 Y152.329 E26.96584 ; perimeter
G1 Z30.510 X261.150 Y158.432 E26.96454 ; perimeter
G1 Z30.522 X262.175 Y162.129 E15.97750 ; perimeter
G1 Z30.535 X263.004 Y165.871 E15.96285 ; perimeter
G1 Z30.557 X263.988 Y172.558 E28.14824 ; perimeter
G1 Z30.581 X264.366 Y180.012 E31.08276 ; perimeter
G1 Z30.602 X264.076 Y186.469 E26.91668 ; perimeter
G1 Z30.614 X263.593 Y190.273 E15.97095 ; perimeter
G1 Z30.626 X263.015 Y194.065 E15.97401 ; perimeter
G1 Z30.648 X261.499 Y200.390 E27.08840 ; perimeter
G1 Z30.660 X260.345 Y204.050 E15.98238 ; perimeter
G1 Z30.672 X258.990 Y207.672 E16.10534 ; perimeter
G1 Z30.685 X257.448 Y211.219 E16.10753 ; perimeter
G1 Z30.697 X255.723 Y214.680 E16.10496 ; perimeter
G1 Z30.710 X253.818 Y218.046 E16.10755 ; perimeter
G1 Z30.722 X251.739 Y221.306 E16.10357 ; perimeter
G1 Z30.735 X249.466 Y224.435 E16.10414 ; perimeter
G1 Z30.747 X247.098 Y227.451 E15.97155 ; perimeter
G1 Z30.768 X242.732 Y232.232 E26.96372 ; perimeter
G1 Z30.789 X237.958 Y236.606 E26.96523 ; perimeter
G1 Z30.802 X234.956 Y238.995 E15.97798 ; perimeter
G1 Z30.814 X231.807 Y241.240 E16.10605 ; perimeter
G1 Z30.827 X228.546 Y243.318 E16.10388 ; perimeter
G1 Z30.839 X225.180 Y245.223 E16.10756 ; perimeter
G1 Z30.852 X221.718 Y246.948 E16.10863 ; perimeter
G1 Z30.864 X218.200 Y248.478 E15.97684 ; perimeter
G1 Z30.885 X212.068 Y250.650 E27.09229 ; perimeter
G1 Z30.897 X208.371 Y251.675 E15.97752 ; perimeter
G1 Z30.910 X204.625 Y252.505 E15.97911 ; perimeter
G1 Z30.931 X198.191 Y253.467 E27.09320 ; perimeter
G1 Z30.943 X194.366 Y253.768 E15.97901 ; perimeter
G1 Z30.956 X190.531 Y253.868 E15.97685 ; perimeter
G1 Z30.977 X184.032 Y253.577 E27.09477 ; perimeter
G1 Z30.989 X180.222 Y253.127 E15.97427 ; perimeter
G1 Z31.002 X176.405 Y252.511 E16.10328 ; perimeter
G1 Z31.014 X172.629 Y251.675 E16.10718 ; perimeter
G1 Z31.027 X168.932 Y250.650 E15.97750 ; perimeter
G1 Z31.047 X162.829 Y248.488 E26.96454 ; perimeter
G1 Z31.068 X156.937 Y245.803 E26.96584 ; perimeter
G1 Z31.081 X153.565 Y243.973 E15.97796 ; perimeter
G1 Z31.093 X150.268 Y241.952 E16.10520 ; perimeter
G1 Z31.106 X147.081 Y239.762 E16.10435 ; perimeter
G1 Z31.118 X144.013 Y237.407 E16.10735 ; perimeter
G1 Z31.131 X141.072 Y234.896 E16.10518 ; perimeter
G1 Z31.143 X138.267 Y232.233 E16.10786 ; perimeter
G1 Z31.156 X135.604 Y229.428 E16.10786 ; perimeter
G1 Z31.168 X133.093 Y226.487 E16.10518 ; perimeter
G1 Z31.181 X130.738 Y223.419 E16.10735 ; perimeter
G1 Z31.193 X128.548 Y220.232 E16.10435 ; perimeter
G1 Z31.206 X126.527 Y216.935 E16.10520 ; perimeter
G1 Z31.218 X124.697 Y213.563 E15.97796 ; perimeter
G1 Z31.239 X122.012 Y207.671 E26.96578 ; perimeter
G1 Z31.260 X119.850 Y201.568 E26.96460 ; perimeter
G1 Z31.272 X118.825 Y197.871 E15.97750 ; perimeter
G1 Z31.285 X117.995 Y194.129 E15.96283 ; perimeter
G1 Z31.307 X117.011 Y187.442 E28.14879 ; perimeter
G1 Z31.331 X116.632 Y179.957 E31.21235 ; perimeter
G1 Z31.343 X116.732 Y176.134 E15.92689 ; perimeter
G1 Z31.356 X117.033 Y172.309 E15.97902 ; perimeter
G1 Z31.377 X117.995 Y165.875 E27.09319 ; perimeter
G1 Z31.389 X118.825 Y162.129 E15.97912 ; perimeter
G1 Z31.402 X119.850 Y158.432 E15.97750 ; perimeter
G1 Z31.422 X122.010 Y152.333 E26.94604 ; perimeter
G1 Z31.444 X124.814 Y146.217 E28.02041 ; perimeter
G1 Z31.468 X128.572 Y139.733 E31.21109 ; perimeter
G1 Z31.481 X130.738 Y136.581 E15.92765 ; perimeter
G1 Z31.493 X133.093 Y133.513 E16.10735 ; perimeter
G1 Z31.500 X134.447 Y131.927 E8.68477 ; perimeter
;LAYER_CHANGE
;Z:33
;HEIGHT:1.5
G1 Z31.500 F960 ; simple layer change
G1 F2400
G1 Z31.506 X135.604 Y130.572 E7.42040 ; perimeter
G1 Z31.518 X138.266 Y127.767 E16.10496 ; perimeter
G1 Z31.531 X141.072 Y125.104 E16.11095 ; perimeter
G1 Z31.543 X144.013 Y122.593 E16.10516 ; perimeter
G1 Z31.556 X147.081 Y120.239 E16.10482 ; perimeter
G1 Z31.568 X150.239 Y118.068 E15.95996 ; perimeter
G1 Z31.590 X156.084 Y114.646 E28.20743 ; perimeter
G1 Z31.614 X162.840 Y111.508 E31.02469 ; perimeter
G1 Z31.635 X168.932 Y109.350 E26.91441 ; perimeter
G1 Z31.647 X172.629 Y108.325 E15.97750 ; perimeter
G1 Z31.660 X176.405 Y107.488 E16.10741 ; perimeter
G1 Z31.672 X180.219 Y106.850 E16.10467 ; perimeter
G1 Z31.685 X184.027 Y106.416 E15.96159 ; perimeter
G1 Z31.707 X190.795 Y106.137 E28.21014 ; perimeter
G1 Z31.731 X198.264 Y106.541 E31.15146 ; perimeter
G1 Z31.743 X202.056 Y107.040 E15.92841 ; perimeter
G1 Z31.756 X205.858 Y107.745 E16.10397 ; perimeter
G1 Z31.768 X209.619 Y108.648 E16.10842 ; perimeter
G1 Z31.781 X213.298 Y109.737 E15.97882 ; perimeter
G1 Z31.802 X219.391 Y112.016 E27.09206 ; perimeter
G1 Z31.814 X222.882 Y113.607 E15.97753 ; perimeter
G1 Z31.826 X226.285 Y115.378 E15.97663 ; perimeter
G1 Z31.848 X231.832 Y118.777 E27.09340 ; perimeter
G1 Z31.860 X234.956 Y121.005 E15.98017 ; perimeter
G1 Z31.872 X237.958 Y123.394 E15.97805 ; perimeter
G1 Z31.893 X242.755 Y127.789 E27.09468 ; perimeter
G1 Z31.906 X245.396 Y130.572 E15.97831 ; perimeter
G1 Z31.918 X247.907 Y133.513 E16.10523 ; perimeter
G1 Z31.931 X250.261 Y136.581 E16.10483 ; perimeter
G1 Z31.943 X252.452 Y139.768 E16.10682 ; perimeter
G1 Z31.956 X254.473 Y143.065 E16.10517 ; perimeter
G1 Z31.968 X256.303 Y146.437 E15.97799 ; perimeter
G1 Z31.989 X258.988 Y152.329 E26.96578 ; perimeter
G1 Z32.010 X261.150 Y158.432 E26.96460 ; perimeter
G1 Z32.022 X262.175 Y162.129 E15.97750 ; perimeter
G1 Z32.035 X263.005 Y165.871 E15.96285 ; perimeter
G1 Z32.057 X263.990 Y172.572 E28.20712 ; perimeter
G1 Z32.081 X264.367 Y180.012 E31.02470 ; perimeter
G1 Z32.102 X264.085 Y186.469 E26.91675 ; perimeter
G1 Z32.114 X263.650 Y190.281 E15.97866 ; perimeter
G1 Z32.126 X263.017 Y194.065 E15.97799 ; perimeter
G1 Z32.148 X261.499 Y200.390 E27.08945 ; perimeter
G1 Z32.160 X260.345 Y204.050 E15.98226 ; perimeter
G1 Z32.172 X258.990 Y207.672 E16.10534 ; perimeter
G1 Z32.185 X257.448 Y211.218 E16.10365 ; perimeter
G1 Z32.197 X255.723 Y214.680 E16.10877 ; perimeter
G1 Z32.210 X253.818 Y218.046 E16.10758 ; perimeter
G1 Z32.222 X251.740 Y221.307 E16.10386 ; perimeter
G1 Z32.235 X249.495 Y224.456 E16.10601 ; perimeter
G1 Z32.247 X247.106 Y227.458 E15.97802 ; perimeter
G1 Z32.268 X242.732 Y232.232 E26.96518 ; perimeter
G1 Z32.289 X237.958 Y236.606 E26.96522 ; perimeter
G1 Z32.302 X234.956 Y238.995 E15.97798 ; perimeter
G1 Z32.314 X231.807 Y241.240 E16.10601 ; perimeter
G1 Z32.327 X228.546 Y243.318 E16.10391 ; perimeter
G1 Z32.339 X225.180 Y245.223 E16.10753 ; perimeter
G1 Z32.352 X221.719 Y246.948 E16.10493 ; perimeter
G1 Z32.364 X218.200 Y248.478 E15.98061 ; perimeter
G1 Z32.385 X212.068 Y250.650 E27.09229 ; perimeter
G1 Z32.397 X208.371 Y251.675 E15.97748 ; perimeter
G1 Z32.410 X204.625 Y252.505 E15.97913 ; perimeter
G1 Z32.431 X198.191 Y253.467 E27.09320 ; perimeter
G1 Z32.443 X194.366 Y253.768 E15.97901 ; perimeter
G1 Z32.456 X190.500 Y253.868 E16.10579 ; perimeter
G1 Z32.468 X186.635 Y253.743 E16.10459 ; perimeter
G1 Z32.481 X182.810 Y253.460 E15.97446 ; perimeter
G1 Z32.502 X176.375 Y252.505 E27.09222 ; perimeter
G1 Z32.514 X172.629 Y251.675 E15.97909 ; perimeter
G1 Z32.526 X168.932 Y250.650 E15.97750 ; perimeter
G1 Z32.547 X162.829 Y248.488 E26.96454 ; perimeter
G1 Z32.568 X156.937 Y245.803 E26.96584 ; perimeter
G1 Z32.581 X153.565 Y243.973 E15.97796 ; perimeter
G1 Z32.593 X150.268 Y241.952 E16.10520 ; perimeter
G1 Z32.606 X147.081 Y239.762 E16.10435 ; perimeter
G1 Z32.618 X144.013 Y237.407 E16.10731 ; perimeter
G1 Z32.631 X141.072 Y234.896 E16.10522 ; perimeter
G1 Z32.643 X138.267 Y232.233 E16.10786 ; perimeter
G1 Z32.656 X135.604 Y229.428 E16.10786 ; perimeter
G1 Z32.668 X133.093 Y226.487 E16.10518 ; perimeter
G1 Z32.681 X130.738 Y223.419 E16.10735 ; perimeter
G1 Z32.693 X128.548 Y220.232 E16.10435 ; perimeter
G1 Z32.706 X126.527 Y216.935 E16.10520 ; perimeter
G1 Z32.718 X124.697 Y213.563 E15.97801 ; perimeter
G1 Z32.739 X122.012 Y207.671 E26.96572 ; perimeter
G1 Z32.760 X119.850 Y201.568 E26.96461 ; perimeter
G1 Z32.772 X118.825 Y197.871 E15.97749 ; perimeter
G1 Z32.785 X117.995 Y194.125 E15.97913 ; perimeter
G1 Z32.806 X117.035 Y187.691 E27.09313 ; perimeter
G1 Z32.818 X116.744 Y183.865 E15.97721 ; perimeter
G1 Z32.831 X116.631 Y180.000 E16.10498 ; perimeter
G1 Z32.843 X116.732 Y176.134 E16.10584 ; perimeter
G1 Z32.856 X117.033 Y172.309 E15.97902 ; perimeter
G1 Z32.877 X117.995 Y165.875 E27.09319 ; perimeter
G1 Z32.889 X118.825 Y162.129 E15.97912 ; perimeter
G1 Z32.902 X119.850 Y158.432 E15.97750 ; perimeter
G1 Z32.922 X122.010 Y152.333 E26.94606 ; perimeter
G1 Z32.944 X124.821 Y146.204 E28.08165 ; perimeter
G1 Z32.968 X128.572 Y139.733 E31.14974 ; perimeter
G1 Z32.981 X130.738 Y136.581 E15.92761 ; perimeter
G1 Z32.993 X133.093 Y133.513 E16.10735 ; perimeter
G1 Z33.000 X134.447 Y131.927 E8.68477 ; perimeter
;LAYER_CHANGE
;Z:34.5
;HEIGHT:1.5
G1 Z33.000 F960 ; simple layer change
G1 F2400
G1 Z33.006 X135.604 Y130.572 E7.42040 ; perimeter
G1 Z33.018 X138.266 Y127.767 E16.10496 ; perimeter
G1 Z33.031 X141.072 Y125.104 E16.11095 ; perimeter
G1 Z33.043 X144.013 Y122.593 E16.10516 ; perimeter
G1 Z33.056 X147.081 Y120.239 E16.10482 ; perimeter
G1 Z33.068 X150.239 Y118.068 E15.95995 ; perimeter
G1 Z33.090 X156.096 Y114.638 E28.26908 ; perimeter
G1 Z33.114 X162.840 Y111.507 E30.96227 ; perimeter
G1 Z33.135 X168.932 Y109.350 E26.91605 ; perimeter
G1 Z33.147 X172.629 Y108.325 E15.97751 ; perimeter
G1 Z33.160 X176.405 Y107.488 E16.10741 ; perimeter
G1 Z33.172 X180.219 Y106.850 E16.10466 ; perimeter
G1 Z33.185 X184.027 Y106.416 E15.96170 ; perimeter
G1 Z33.207 X190.809 Y106.137 E28.26832 ; perimeter
G1 Z33.231 X198.264 Y106.541 E31.09325 ; perimeter
G1 Z33.243 X202.056 Y107.040 E15.92848 ; perimeter
G1 Z33.256 X205.828 Y107.739 E15.97652 ; perimeter
G1 Z33.277 X212.121 Y109.385 E27.08960 ; perimeter
G1 Z33.289 X215.745 Y110.638 E15.97161 ; perimeter
G1 Z33.302 X219.362 Y112.005 E16.10236 ; perimeter
G1 Z33.314 X222.882 Y113.607 E16.10550 ; perimeter
G1 Z33.326 X226.285 Y115.378 E15.97658 ; perimeter
G1 Z33.348 X231.832 Y118.777 E27.09345 ; perimeter
G1 Z33.360 X234.956 Y121.005 E15.98003 ; perimeter
G1 Z33.372 X237.958 Y123.394 E15.97800 ; perimeter
G1 Z33.393 X242.755 Y127.789 E27.09496 ; perimeter
G1 Z33.406 X245.396 Y130.572 E15.97840 ; perimeter
G1 Z33.418 X247.907 Y133.513 E16.10514 ; perimeter
G1 Z33.431 X250.262 Y136.581 E16.10717 ; perimeter
G1 Z33.443 X252.435 Y139.743 E15.97845 ; perimeter
G1 Z33.464 X255.723 Y145.355 E27.08821 ; perimeter
G1 Z33.477 X257.405 Y148.802 E15.97179 ; perimeter
G1 Z33.489 X258.976 Y152.301 E15.97456 ; perimeter
G1 Z33.510 X261.150 Y158.432 E27.09162 ; perimeter
G1 Z33.522 X262.175 Y162.129 E15.97750 ; perimeter
G1 Z33.535 X263.005 Y165.875 E15.97920 ; perimeter
G1 Z33.556 X263.957 Y172.310 E27.09314 ; perimeter
G1 Z33.568 X264.208 Y176.137 E15.97068 ; perimeter
G1 Z33.581 X264.366 Y179.969 E15.97266 ; perimeter
G1 Z33.602 X264.085 Y186.469 E27.09511 ; perimeter
G1 Z33.614 X263.650 Y190.281 E15.97866 ; perimeter
G1 Z33.626 X263.017 Y194.065 E15.97797 ; perimeter
G1 Z33.648 X261.499 Y200.390 E27.08939 ; perimeter
G1 Z33.660 X260.345 Y204.050 E15.98228 ; perimeter
G1 Z33.672 X258.990 Y207.672 E16.10538 ; perimeter
G1 Z33.685 X257.448 Y211.219 E16.10748 ; perimeter
G1 Z33.697 X255.723 Y214.680 E16.10493 ; perimeter
G1 Z33.710 X253.818 Y218.046 E16.10753 ; perimeter
G1 Z33.722 X251.740 Y221.307 E16.10388 ; perimeter
G1 Z33.735 X249.495 Y224.456 E16.10605 ; perimeter
G1 Z33.747 X247.106 Y227.458 E15.97798 ; perimeter
G1 Z33.768 X242.732 Y232.232 E26.96522 ; perimeter
G1 Z33.789 X237.958 Y236.606 E26.96522 ; perimeter
G1 Z33.802 X234.956 Y238.995 E15.97798 ; perimeter
G1 Z33.814 X231.807 Y241.240 E16.10605 ; perimeter
G1 Z33.827 X228.546 Y243.318 E16.10388 ; perimeter
G1 Z33.839 X225.180 Y245.223 E16.10756 ; perimeter
G1 Z33.852 X221.719 Y246.948 E16.10490 ; perimeter
G1 Z33.864 X218.200 Y248.478 E15.98066 ; perimeter
G1 Z33.885 X212.068 Y250.650 E27.09229 ; perimeter
G1 Z33.897 X208.371 Y251.675 E15.97752 ; perimeter
G1 Z33.910 X204.625 Y252.505 E15.97911 ; perimeter
G1 Z33.931 X198.191 Y253.467 E27.09320 ; perimeter
G1 Z33.943 X194.366 Y253.768 E15.97901 ; perimeter
G1 Z33.956 X190.500 Y253.869 E16.10601 ; perimeter
G1 Z33.968 X186.634 Y253.768 E16.10601 ; perimeter
G1 Z33.981 X182.809 Y253.467 E15.97902 ; perimeter
G1 Z34.002 X176.375 Y252.505 E27.09318 ; perimeter
G1 Z34.014 X172.629 Y251.675 E15.97912 ; perimeter
G1 Z34.027 X168.932 Y250.650 E15.97750 ; perimeter
G1 Z34.047 X162.829 Y248.488 E26.96454 ; perimeter
G1 Z34.068 X156.937 Y245.803 E26.96584 ; perimeter
G1 Z34.081 X153.565 Y243.973 E15.97796 ; perimeter
G1 Z34.093 X150.268 Y241.952 E16.10520 ; perimeter
G1 Z34.106 X147.081 Y239.762 E16.10435 ; perimeter
G1 Z34.118 X144.013 Y237.407 E16.10735 ; perimeter
G1 Z34.131 X141.072 Y234.896 E16.10518 ; perimeter
G1 Z34.143 X138.267 Y232.233 E16.10786 ; perimeter
G1 Z34.156 X135.604 Y229.428 E16.10786 ; perimeter
G1 Z34.168 X133.093 Y226.487 E16.10518 ; perimeter
G1 Z34.181 X130.738 Y223.419 E16.10735 ; perimeter
G1 Z34.193 X128.548 Y220.232 E16.10435 ; perimeter
G1 Z34.206 X126.527 Y216.935 E16.10520 ; perimeter
G1 Z34.218 X124.697 Y213.563 E15.97796 ; perimeter
G1 Z34.239 X122.012 Y207.671 E26.96584 ; perimeter
G1 Z34.260 X119.850 Y201.568 E26.96453 ; perimeter
G1 Z34.272 X118.825 Y197.871 E15.97751 ; perimeter
G1 Z34.285 X117.995 Y194.129 E15.96286 ; perimeter
G1 Z34.307 X117.009 Y187.413 E28.26949 ; perimeter
G1 Z34.331 X116.632 Y179.957 E31.09118 ; perimeter
G1 Z34.343 X116.732 Y176.134 E15.92689 ; perimeter
G1 Z34.356 X117.033 Y172.309 E15.97902 ; perimeter
G1 Z34.377 X117.995 Y165.875 E27.09319 ; perimeter
G1 Z34.389 X118.825 Y162.129 E15.97912 ; perimeter
G1 Z34.402 X119.850 Y158.432 E15.97751 ; perimeter
G1 Z34.422 X122.010 Y152.333 E26.94605 ; perimeter
G1 Z34.444 X124.827 Y146.191 E28.14127 ; perimeter
G1 Z34.468 X128.572 Y139.733 E31.09037 ; perimeter
G1 Z34.481 X130.738 Y136.581 E15.92761 ; perimeter
G1 Z34.493 X133.093 Y133.513 E16.10735 ; perimeter
G1 Z34.500 X134.447 Y131.927 E8.68477 ; perimeter
;LAYER_CHANGE
;Z:36
;HEIGHT:1.5
G1 Z34.500 F960 ; simple layer change
G1 F2400
G1 Z34.506 X135.604 Y130.572 E7.42040 ; perimeter
G1 Z34.518 X138.267 Y127.767 E16.10800 ; perimeter
G1 Z34.531 X141.072 Y125.104 E16.10786 ; perimeter
G1 Z34.543 X144.013 Y122.593 E16.10516 ; perimeter
G1 Z34.556 X147.081 Y120.239 E16.10484 ; perimeter
G1 Z34.568 X150.239 Y118.068 E15.96005 ; perimeter
G1 Z34.590 X156.109 Y114.631 E28.33046 ; perimeter
G1 Z34.614 X162.840 Y111.508 E30.90078 ; perimeter
G1 Z34.635 X168.932 Y109.350 E26.91580 ; perimeter
G1 Z34.647 X172.629 Y108.325 E15.97750 ; perimeter
G1 Z34.660 X176.405 Y107.488 E16.10741 ; perimeter
G1 Z34.672 X180.219 Y106.850 E16.10466 ; perimeter
G1 Z34.685 X184.027 Y106.416 E15.96164 ; perimeter
G1 Z34.707 X190.824 Y106.137 E28.33079 ; perimeter
G1 Z34.731 X198.263 Y106.541 E31.02670 ; perimeter
G1 Z34.743 X202.056 Y107.040 E15.93263 ; perimeter
G1 Z34.756 X205.858 Y107.746 E16.10351 ; perimeter
G1 Z34.768 X209.605 Y108.703 E16.10595 ; perimeter
G1 Z34.781 X213.292 Y109.754 E15.96888 ; perimeter
G1 Z34.802 X219.391 Y112.016 E27.08968 ; perimeter
G1 Z34.814 X222.882 Y113.607 E15.97743 ; perimeter
G1 Z34.826 X226.285 Y115.378 E15.97666 ; perimeter
G1 Z34.848 X231.832 Y118.777 E27.09338 ; perimeter
G1 Z34.860 X234.956 Y121.005 E15.98017 ; perimeter
G1 Z34.872 X237.958 Y123.394 E15.97800 ; perimeter
G1 Z34.893 X242.755 Y127.789 E27.09491 ; perimeter
G1 Z34.906 X245.396 Y130.572 E15.97828 ; perimeter
G1 Z34.918 X247.907 Y133.513 E16.10519 ; perimeter
G1 Z34.931 X250.261 Y136.581 E16.10487 ; perimeter
G1 Z34.943 X252.451 Y139.769 E16.10642 ; perimeter
G1 Z34.956 X254.431 Y143.090 E16.10290 ; perimeter
G1 Z34.968 X256.290 Y146.444 E15.96934 ; perimeter
G1 Z34.989 X258.988 Y152.329 E26.96383 ; perimeter
G1 Z35.010 X261.150 Y158.432 E26.96451 ; perimeter
G1 Z35.022 X262.175 Y162.129 E15.97750 ; perimeter
G1 Z35.035 X263.005 Y165.875 E15.97912 ; perimeter
G1 Z35.056 X263.967 Y172.309 E27.09319 ; perimeter
G1 Z35.068 X264.268 Y176.134 E15.97902 ; perimeter
G1 Z35.081 X264.368 Y180.000 E16.10560 ; perimeter
G1 Z35.093 X264.226 Y183.864 E16.10395 ; perimeter
G1 Z35.106 X263.954 Y187.690 E15.97151 ; perimeter
G1 Z35.127 X263.010 Y194.095 E26.96469 ; perimeter
G1 Z35.148 X261.499 Y200.390 E26.96114 ; perimeter
G1 Z35.160 X260.345 Y204.050 E15.98226 ; perimeter
G1 Z35.172 X258.990 Y207.672 E16.10538 ; perimeter
G1 Z35.185 X257.448 Y211.219 E16.10753 ; perimeter
G1 Z35.197 X255.723 Y214.680 E16.10493 ; perimeter
G1 Z35.210 X253.818 Y218.046 E16.10753 ; perimeter
G1 Z35.222 X251.740 Y221.307 E16.10388 ; perimeter
G1 Z35.235 X249.495 Y224.456 E16.10605 ; perimeter
G1 Z35.247 X247.106 Y227.458 E15.97798 ; perimeter
G1 Z35.268 X242.732 Y232.232 E26.96522 ; perimeter
G1 Z35.289 X237.958 Y236.606 E26.96522 ; perimeter
G1 Z35.302 X234.956 Y238.995 E15.97798 ; perimeter
G1 Z35.314 X231.807 Y241.240 E16.10605 ; perimeter
G1 Z35.327 X228.546 Y243.318 E16.10388 ; perimeter
G1 Z35.339 X225.180 Y245.223 E16.10756 ; perimeter
G1 Z35.352 X221.718 Y246.948 E16.10863 ; perimeter
G1 Z35.364 X218.200 Y248.478 E15.97688 ; perimeter
G1 Z35.385 X212.068 Y250.650 E27.09229 ; perimeter
G1 Z35.397 X208.371 Y251.675 E15.97752 ; perimeter
G1 Z35.410 X204.625 Y252.505 E15.97911 ; perimeter
G1 Z35.431 X198.191 Y253.467 E27.09320 ; perimeter
G1 Z35.443 X194.366 Y253.768 E15.97901 ; perimeter
G1 Z35.456 X190.500 Y253.869 E16.10601 ; perimeter
G1 Z35.468 X186.634 Y253.768 E16.10601 ; perimeter
G1 Z35.481 X182.809 Y253.467 E15.97902 ; perimeter
G1 Z35.502 X176.375 Y252.505 E27.09318 ; perimeter
G1 Z35.514 X172.629 Y251.675 E15.97912 ; perimeter
G1 Z35.527 X168.932 Y250.650 E15.97750 ; perimeter
G1 Z35.547 X162.829 Y248.488 E26.96454 ; perimeter
G1 Z35.568 X156.937 Y245.803 E26.96584 ; perimeter
G1 Z35.581 X153.565 Y243.973 E15.97796 ; perimeter
G1 Z35.593 X150.268 Y241.952 E16.10520 ; perimeter
G1 Z35.606 X147.081 Y239.762 E16.10435 ; perimeter
G1 Z35.618 X144.013 Y237.407 E16.10735 ; perimeter
G1 Z35.631 X141.072 Y234.896 E16.10518 ; perimeter
G1 Z35.643 X138.267 Y232.233 E16.10786 ; perimeter
G1 Z35.656 X135.604 Y229.428 E16.10786 ; perimeter
G1 Z35.668 X133.093 Y226.487 E16.10518 ; perimeter
G1 Z35.681 X130.738 Y223.419 E16.10735 ; perimeter
G1 Z35.693 X128.548 Y220.232 E16.10435 ; perimeter
G1 Z35.706 X126.527 Y216.935 E16.10520 ; perimeter
G1 Z35.718 X124.697 Y213.563 E15.97796 ; perimeter
G1 Z35.739 X122.012 Y207.671 E26.96584 ; perimeter
G1 Z35.760 X119.850 Y201.568 E26.96453 ; perimeter
G1 Z35.772 X118.825 Y197.871 E15.97751 ; perimeter
G1 Z35.785 X117.995 Y194.129 E15.96285 ; perimeter
G1 Z35.807 X117.007 Y187.399 E28.32838 ; perimeter
G1 Z35.831 X116.632 Y179.958 E31.02848 ; perimeter
G1 Z35.843 X116.732 Y176.134 E15.93105 ; perimeter
G1 Z35.856 X117.033 Y172.309 E15.97902 ; perimeter
G1 Z35.877 X117.995 Y165.875 E27.09319 ; perimeter
G1 Z35.889 X118.825 Y162.129 E15.97912 ; perimeter
G1 Z35.902 X119.850 Y158.432 E15.97750 ; perimeter
G1 Z35.922 X122.010 Y152.333 E26.94606 ; perimeter
G1 Z35.944 X124.834 Y146.178 E28.20265 ; perimeter
G1 Z35.968 X128.572 Y139.733 E31.02891 ; perimeter
G1 Z35.981 X130.738 Y136.581 E15.92761 ; perimeter
G1 Z35.993 X133.093 Y133.513 E16.10735 ; perimeter
G1 Z36.000 X134.447 Y131.927 E8.68477 ; perimeter
;LAYER_CHANGE
;Z:37.5
;HEIGHT:1.5
G1 Z36.000 F960 ; simple layer change
G1 F2400
G1 Z36.006 X135.604 Y130.572 E7.42040 ; perimeter
G1 Z36.018 X138.267 Y127.767 E16.10786 ; perimeter
G1 Z36.031 X141.072 Y125.104 E16.10784 ; perimeter
G1 Z36.043 X144.013 Y122.593 E16.10521 ; perimeter
G1 Z36.056 X147.081 Y120.239 E16.10722 ; perimeter
G1 Z36.068 X150.239 Y118.068 E15.95758 ; perimeter
G1 Z36.090 X156.122 Y114.624 E28.39019 ; perimeter
G1 Z36.114 X162.840 Y111.508 E30.84118 ; perimeter
G1 Z36.135 X168.932 Y109.350 E26.91579 ; perimeter
G1 Z36.147 X172.629 Y108.325 E15.97750 ; perimeter
G1 Z36.160 X176.405 Y107.488 E16.10741 ; perimeter
G1 Z36.172 X180.219 Y106.850 E16.10466 ; perimeter
G1 Z36.185 X184.027 Y106.416 E15.96164 ; perimeter
G1 Z36.207 X190.838 Y106.137 E28.38929 ; perimeter
G1 Z36.231 X198.263 Y106.541 E30.96821 ; perimeter
G1 Z36.243 X202.056 Y107.040 E15.93261 ; perimeter
G1 Z36.256 X205.858 Y107.745 E16.10390 ; perimeter
G1 Z36.268 X209.619 Y108.648 E16.10838 ; perimeter
G1 Z36.281 X213.298 Y109.737 E15.97887 ; perimeter
G1 Z36.302 X219.391 Y112.016 E27.09214 ; perimeter
G1 Z36.314 X222.882 Y113.607 E15.97750 ; perimeter
G1 Z36.326 X226.285 Y115.378 E15.97658 ; perimeter
G1 Z36.348 X231.832 Y118.777 E27.09338 ; perimeter
G1 Z36.360 X234.956 Y121.005 E15.98017 ; perimeter
G1 Z36.372 X237.958 Y123.394 E15.97798 ; perimeter
G1 Z36.393 X242.755 Y127.789 E27.09493 ; perimeter
G1 Z36.406 X245.396 Y130.572 E15.97828 ; perimeter
G1 Z36.418 X247.907 Y133.513 E16.10519 ; perimeter
G1 Z36.431 X250.262 Y136.581 E16.10726 ; perimeter
G1 Z36.443 X252.435 Y139.743 E15.97843 ; perimeter
G1 Z36.464 X255.723 Y145.355 E27.08818 ; perimeter
G1 Z36.477 X257.405 Y148.802 E15.97173 ; perimeter
G1 Z36.489 X258.976 Y152.301 E15.97467 ; perimeter
G1 Z36.510 X261.150 Y158.432 E27.09158 ; perimeter
G1 Z36.522 X262.175 Y162.129 E15.97750 ; perimeter
G1 Z36.535 X263.005 Y165.875 E15.97912 ; perimeter
G1 Z36.556 X263.967 Y172.309 E27.09311 ; perimeter
G1 Z36.568 X264.268 Y176.134 E15.97909 ; perimeter
G1 Z36.581 X264.368 Y179.965 E15.96019 ; perimeter
G1 Z36.603 X264.045 Y186.774 E28.39051 ; perimeter
G1 Z36.627 X263.007 Y194.106 E30.83809 ; perimeter
G1 Z36.648 X261.499 Y200.390 E26.91366 ; perimeter
G1 Z36.660 X260.345 Y204.050 E15.98232 ; perimeter
G1 Z36.672 X258.990 Y207.672 E16.10534 ; perimeter
G1 Z36.685 X257.448 Y211.219 E16.10753 ; perimeter
G1 Z36.697 X255.723 Y214.680 E16.10493 ; perimeter
G1 Z36.710 X253.818 Y218.046 E16.10753 ; perimeter
G1 Z36.722 X251.740 Y221.307 E16.10388 ; perimeter
G1 Z36.735 X249.495 Y224.456 E16.10605 ; perimeter
G1 Z36.747 X247.106 Y227.458 E15.97798 ; perimeter
G1 Z36.768 X242.732 Y232.232 E26.96522 ; perimeter
G1 Z36.789 X237.958 Y236.606 E26.96522 ; perimeter
G1 Z36.802 X234.956 Y238.995 E15.97798 ; perimeter
G1 Z36.814 X231.807 Y241.240 E16.10609 ; perimeter
G1 Z36.827 X228.546 Y243.318 E16.10385 ; perimeter
G1 Z36.839 X225.180 Y245.223 E16.10750 ; perimeter
G1 Z36.852 X221.718 Y246.948 E16.10869 ; perimeter
G1 Z36.864 X218.200 Y248.478 E15.97684 ; perimeter
G1 Z36.885 X212.068 Y250.650 E27.09229 ; perimeter
G1 Z36.897 X208.371 Y251.675 E15.97748 ; perimeter
G1 Z36.910 X204.625 Y252.505 E15.97913 ; perimeter
G1 Z36.931 X198.191 Y253.467 E27.09320 ; perimeter
G1 Z36.943 X194.366 Y253.768 E15.97901 ; perimeter
G1 Z36.956 X190.500 Y253.869 E16.10601 ; perimeter
G1 Z36.968 X186.634 Y253.768 E16.10601 ; perimeter
G1 Z36.981 X182.809 Y253.467 E15.97901 ; perimeter
G1 Z37.002 X176.375 Y252.505 E27.09320 ; perimeter
G1 Z37.014 X172.629 Y251.675 E15.97912 ; perimeter
G1 Z37.026 X168.932 Y250.650 E15.97750 ; perimeter
G1 Z37.047 X162.829 Y248.488 E26.96454 ; perimeter
G1 Z37.068 X156.937 Y245.803 E26.96584 ; perimeter
G1 Z37.081 X153.565 Y243.973 E15.97796 ; perimeter
G1 Z37.093 X150.268 Y241.952 E16.10520 ; perimeter
G1 Z37.106 X147.081 Y239.762 E16.10435 ; perimeter
G1 Z37.118 X144.013 Y237.407 E16.10735 ; perimeter
G1 Z37.131 X141.072 Y234.896 E16.10518 ; perimeter
G1 Z37.143 X138.267 Y232.233 E16.10786 ; perimeter
G1 Z37.156 X135.604 Y229.428 E16.10786 ; perimeter
G1 Z37.168 X133.093 Y226.487 E16.10518 ; perimeter
G1 Z37.181 X130.738 Y223.419 E16.10735 ; perimeter
G1 Z37.193 X128.548 Y220.232 E16.10435 ; perimeter
G1 Z37.206 X126.527 Y216.935 E16.10520 ; perimeter
G1 Z37.218 X124.697 Y213.563 E15.97796 ; perimeter
G1 Z37.239 X122.012 Y207.671 E26.96584 ; perimeter
G1 Z37.260 X119.850 Y201.568 E26.96453 ; perimeter
G1 Z37.272 X118.825 Y197.871 E15.97751 ; perimeter
G1 Z37.285 X117.995 Y194.125 E15.97913 ; perimeter
G1 Z37.306 X117.035 Y187.691 E27.09321 ; perimeter
G1 Z37.318 X116.744 Y183.865 E15.97702 ; perimeter
G1 Z37.331 X116.631 Y180.000 E16.10497 ; perimeter
G1 Z37.343 X116.732 Y176.134 E16.10591 ; perimeter
G1 Z37.356 X117.033 Y172.309 E15.97902 ; perimeter
G1 Z37.377 X117.995 Y165.875 E27.09319 ; perimeter
G1 Z37.389 X118.825 Y162.129 E15.97912 ; perimeter
G1 Z37.402 X119.850 Y158.432 E15.97750 ; perimeter
G1 Z37.422 X122.010 Y152.333 E26.94606 ; perimeter
G1 Z37.444 X124.841 Y146.165 E28.26401 ; perimeter
G1 Z37.468 X128.572 Y139.733 E30.96745 ; perimeter
G1 Z37.481 X130.738 Y136.581 E15.92761 ; perimeter
G1 Z37.493 X133.093 Y133.513 E16.10735 ; perimeter
G1 Z37.500 X134.447 Y131.927 E8.68477 ; perimeter
;LAYER_CHANGE
;Z:39
;HEIGHT:1.5
G1 Z37.500 F960 ; simple layer change
G1 F2400
G1 Z37.506 X135.604 Y130.572 E7.42040 ; perimeter
G1 Z37.518 X138.267 Y127.767 E16.10786 ; perimeter
G1 Z37.531 X141.072 Y125.104 E16.10786 ; perimeter
G1 Z37.543 X144.013 Y122.593 E16.10523 ; perimeter
G1 Z37.556 X147.081 Y120.238 E16.10730 ; perimeter
G1 Z37.568 X150.239 Y118.068 E15.95764 ; perimeter
G1 Z37.590 X156.135 Y114.618 E28.45131 ; perimeter
G1 Z37.614 X162.840 Y111.508 E30.77978 ; perimeter
G1 Z37.635 X168.932 Y109.350 E26.91573 ; perimeter
G1 Z37.647 X172.629 Y108.325 E15.97762 ; perimeter
G1 Z37.660 X176.405 Y107.488 E16.10736 ; perimeter
G1 Z37.672 X180.219 Y106.850 E16.10466 ; perimeter
G1 Z37.685 X184.027 Y106.416 E15.96164 ; perimeter
G1 Z37.707 X190.853 Y106.138 E28.45130 ; perimeter
G1 Z37.731 X198.263 Y106.541 E30.90588 ; perimeter
G1 Z37.743 X202.056 Y107.040 E15.93260 ; perimeter
G1 Z37.756 X205.858 Y107.745 E16.10391 ; perimeter
G1 Z37.768 X209.619 Y108.648 E16.10836 ; perimeter
G1 Z37.781 X213.298 Y109.737 E15.97888 ; perimeter
G1 Z37.802 X219.391 Y112.016 E27.09219 ; perimeter
G1 Z37.814 X222.882 Y113.607 E15.97740 ; perimeter
G1 Z37.826 X226.285 Y115.378 E15.97663 ; perimeter
G1 Z37.848 X231.832 Y118.777 E27.09341 ; perimeter
G1 Z37.860 X234.956 Y121.005 E15.98017 ; perimeter
G1 Z37.872 X237.958 Y123.394 E15.97796 ; perimeter
G1 Z37.893 X242.755 Y127.789 E27.09493 ; perimeter
G1 Z37.906 X245.396 Y130.572 E15.97833 ; perimeter
G1 Z37.918 X247.907 Y133.513 E16.10514 ; perimeter
G1 Z37.931 X250.262 Y136.581 E16.10739 ; perimeter
G1 Z37.943 X252.435 Y139.743 E15.97844 ; perimeter
G1 Z37.964 X255.736 Y145.348 E27.09022 ; perimeter
G1 Z37.977 X257.448 Y148.782 E15.98017 ; perimeter
G1 Z37.989 X258.978 Y152.300 E15.97684 ; perimeter
G1 Z38.010 X261.150 Y158.432 E27.09229 ; perimeter
G1 Z38.022 X262.175 Y162.129 E15.97750 ; perimeter
G1 Z38.035 X263.005 Y165.875 E15.97912 ; perimeter
G1 Z38.056 X263.967 Y172.309 E27.09319 ; perimeter
G1 Z38.068 X264.268 Y176.134 E15.97902 ; perimeter
G1 Z38.081 X264.368 Y179.965 E15.96019 ; perimeter
G1 Z38.103 X264.051 Y186.789 E28.45018 ; perimeter
G1 Z38.127 X263.007 Y194.106 E30.78135 ; perimeter
G1 Z38.148 X261.499 Y200.390 E26.91358 ; perimeter
G1 Z38.160 X260.345 Y204.050 E15.98238 ; perimeter
G1 Z38.172 X258.990 Y207.672 E16.10534 ; perimeter
G1 Z38.185 X257.448 Y211.219 E16.10753 ; perimeter
G1 Z38.197 X255.723 Y214.680 E16.10493 ; perimeter
G1 Z38.210 X253.818 Y218.046 E16.10753 ; perimeter
G1 Z38.222 X251.740 Y221.307 E16.10388 ; perimeter
G1 Z38.235 X249.495 Y224.456 E16.10605 ; perimeter
G1 Z38.247 X247.106 Y227.458 E15.97803 ; perimeter
G1 Z38.268 X242.732 Y232.232 E26.96517 ; perimeter
G1 Z38.289 X237.958 Y236.606 E26.96522 ; perimeter
G1 Z38.302 X234.956 Y238.995 E15.97798 ; perimeter
G1 Z38.314 X231.807 Y241.240 E16.10605 ; perimeter
G1 Z38.327 X228.546 Y243.318 E16.10388 ; perimeter
G1 Z38.339 X225.180 Y245.223 E16.10750 ; perimeter
G1 Z38.352 X221.718 Y246.948 E16.10869 ; perimeter
G1 Z38.364 X218.200 Y248.478 E15.97684 ; perimeter
G1 Z38.385 X212.068 Y250.650 E27.09229 ; perimeter
G1 Z38.397 X208.371 Y251.675 E15.97750 ; perimeter
G1 Z38.410 X204.625 Y252.505 E15.97912 ; perimeter
G1 Z38.431 X198.191 Y253.467 E27.09320 ; perimeter
G1 Z38.443 X194.366 Y253.768 E15.97901 ; perimeter
G1 Z38.456 X190.535 Y253.868 E15.96019 ; perimeter
G1 Z38.478 X183.711 Y253.546 E28.44961 ; perimeter
G1 Z38.502 X176.364 Y252.503 E30.90612 ; perimeter
G1 Z38.514 X172.629 Y251.675 E15.93259 ; perimeter
G1 Z38.527 X168.932 Y250.650 E15.97750 ; perimeter
G1 Z38.547 X162.829 Y248.488 E26.96454 ; perimeter
G1 Z38.568 X156.937 Y245.803 E26.96584 ; perimeter
G1 Z38.581 X153.565 Y243.973 E15.97796 ; perimeter
G1 Z38.593 X150.268 Y241.952 E16.10520 ; perimeter
G1 Z38.606 X147.081 Y239.762 E16.10435 ; perimeter
G1 Z38.618 X144.013 Y237.407 E16.10735 ; perimeter
G1 Z38.631 X141.072 Y234.896 E16.10518 ; perimeter
G1 Z38.643 X138.267 Y232.233 E16.10786 ; perimeter
G1 Z38.656 X135.604 Y229.428 E16.10786 ; perimeter
G1 Z38.668 X133.093 Y226.487 E16.10518 ; perimeter
G1 Z38.681 X130.738 Y223.419 E16.10735 ; perimeter
G1 Z38.693 X128.548 Y220.232 E16.10435 ; perimeter
G1 Z38.706 X126.527 Y216.935 E16.10518 ; perimeter
G1 Z38.718 X124.697 Y213.563 E15.97797 ; perimeter
G1 Z38.739 X122.012 Y207.671 E26.96590 ; perimeter
G1 Z38.760 X119.850 Y201.568 E26.96448 ; perimeter
G1 Z38.772 X118.825 Y197.871 E15.97750 ; perimeter
G1 Z38.785 X117.996 Y194.130 E15.95788 ; perimeter
G1 Z38.807 X117.004 Y187.370 E28.45437 ; perimeter
G1 Z38.831 X116.634 Y179.993 E30.76131 ; perimeter
G1 Z38.853 X116.950 Y173.211 E28.27487 ; perimeter
G1 Z38.877 X117.997 Y165.864 E30.90709 ; perimeter
G1 Z38.889 X118.825 Y162.129 E15.93256 ; perimeter
G1 Z38.902 X119.850 Y158.432 E15.97750 ; perimeter
G1 Z38.922 X122.010 Y152.333 E26.94607 ; perimeter
G1 Z38.944 X124.847 Y146.153 E28.31987 ; perimeter
G1 Z38.968 X128.572 Y139.733 E30.91165 ; perimeter
G1 Z38.981 X130.738 Y136.581 E15.92761 ; perimeter
G1 Z38.993 X133.093 Y133.513 E16.10735 ; perimeter
G1 Z39.000 X134.447 Y131.927 E8.68477 ; perimeter
;LAYER_CHANGE
;Z:40.5
;HEIGHT:1.5
G1 Z39.000 F960 ; simple layer change
G1 F2400
G1 Z39.006 X135.604 Y130.572 E7.42040 ; perimeter
G1 Z39.018 X138.267 Y127.767 E16.10786 ; perimeter
G1 Z39.031 X141.072 Y125.104 E16.10786 ; perimeter
G1 Z39.043 X144.013 Y122.593 E16.10518 ; perimeter
G1 Z39.056 X147.081 Y120.238 E16.10479 ; perimeter
G1 Z39.068 X150.239 Y118.068 E15.96022 ; perimeter
G1 Z39.090 X156.148 Y114.611 E28.50903 ; perimeter
G1 Z39.114 X162.840 Y111.508 E30.72213 ; perimeter
G1 Z39.135 X168.932 Y109.350 E26.91580 ; perimeter
G1 Z39.147 X172.629 Y108.325 E15.97750 ; perimeter
G1 Z39.160 X176.405 Y107.488 E16.10741 ; perimeter
G1 Z39.172 X180.219 Y106.850 E16.10466 ; perimeter
G1 Z39.185 X184.026 Y106.416 E15.95751 ; perimeter
G1 Z39.207 X190.867 Y106.138 E28.51367 ; perimeter
G1 Z39.231 X198.263 Y106.541 E30.84768 ; perimeter
G1 Z39.243 X202.056 Y107.040 E15.93260 ; perimeter
G1 Z39.256 X205.858 Y107.745 E16.10391 ; perimeter
G1 Z39.268 X209.619 Y108.648 E16.10837 ; perimeter
G1 Z39.281 X213.298 Y109.737 E15.97888 ; perimeter
G1 Z39.302 X219.391 Y112.016 E27.09205 ; perimeter
G1 Z39.314 X222.882 Y113.607 E15.97752 ; perimeter
G1 Z39.326 X226.285 Y115.378 E15.97667 ; perimeter
G1 Z39.348 X231.832 Y118.777 E27.09338 ; perimeter
G1 Z39.360 X234.956 Y121.005 E15.98015 ; perimeter
G1 Z39.372 X237.958 Y123.394 E15.97798 ; perimeter
G1 Z39.393 X242.755 Y127.789 E27.09493 ; perimeter
G1 Z39.406 X245.396 Y130.572 E15.97833 ; perimeter
G1 Z39.418 X247.907 Y133.513 E16.10518 ; perimeter
G1 Z39.431 X250.261 Y136.581 E16.10483 ; perimeter
G1 Z39.443 X252.432 Y139.739 E15.96010 ; perimeter
G1 Z39.465 X255.887 Y145.648 E28.50868 ; perimeter
G1 Z39.489 X258.992 Y152.340 E30.72192 ; perimeter
G1 Z39.510 X261.150 Y158.432 E26.91575 ; perimeter
G1 Z39.522 X262.175 Y162.129 E15.97750 ; perimeter
G1 Z39.535 X263.004 Y165.870 E15.95783 ; perimeter
G1 Z39.557 X263.995 Y172.644 E28.51217 ; perimeter
G1 Z39.581 X264.366 Y180.011 E30.71912 ; perimeter
G1 Z39.602 X264.074 Y186.468 E26.92087 ; perimeter
G1 Z39.614 X263.594 Y190.273 E15.96990 ; perimeter
G1 Z39.626 X263.015 Y194.065 E15.97414 ; perimeter
G1 Z39.648 X261.499 Y200.390 E27.08844 ; perimeter
G1 Z39.660 X260.345 Y204.050 E15.98232 ; perimeter
G1 Z39.672 X258.990 Y207.672 E16.10534 ; perimeter
G1 Z39.685 X257.448 Y211.219 E16.10753 ; perimeter
G1 Z39.697 X255.723 Y214.680 E16.10496 ; perimeter
G1 Z39.710 X253.818 Y218.046 E16.10750 ; perimeter
G1 Z39.722 X251.740 Y221.307 E16.10388 ; perimeter
G1 Z39.735 X249.495 Y224.456 E16.10605 ; perimeter
G1 Z39.747 X247.106 Y227.458 E15.97798 ; perimeter
G1 Z39.768 X242.732 Y232.232 E26.96522 ; perimeter
G1 Z39.789 X237.958 Y236.606 E26.96522 ; perimeter
G1 Z39.802 X234.956 Y238.995 E15.97798 ; perimeter
G1 Z39.814 X231.807 Y241.240 E16.10605 ; perimeter
G1 Z39.827 X228.546 Y243.318 E16.10388 ; perimeter
G1 Z39.839 X225.180 Y245.223 E16.10753 ; perimeter
G1 Z39.852 X221.719 Y246.948 E16.10496 ; perimeter
G1 Z39.864 X218.200 Y248.478 E15.98059 ; perimeter
G1 Z39.885 X212.068 Y250.650 E27.09229 ; perimeter
G1 Z39.897 X208.371 Y251.675 E15.97750 ; perimeter
G1 Z39.910 X204.625 Y252.505 E15.97912 ; perimeter
G1 Z39.931 X198.191 Y253.467 E27.09318 ; perimeter
G1 Z39.943 X194.366 Y253.768 E15.97902 ; perimeter
G1 Z39.956 X190.531 Y253.868 E15.97683 ; perimeter
G1 Z39.977 X184.031 Y253.578 E27.09578 ; perimeter
G1 Z39.989 X180.224 Y253.118 E15.97332 ; perimeter
G1 Z40.002 X176.405 Y252.511 E16.10200 ; perimeter
G1 Z40.014 X172.629 Y251.675 E16.10711 ; perimeter
G1 Z40.026 X168.932 Y250.650 E15.97750 ; perimeter
G1 Z40.047 X162.829 Y248.488 E26.96454 ; perimeter
G1 Z40.068 X156.937 Y245.803 E26.96584 ; perimeter
G1 Z40.081 X153.565 Y243.973 E15.97793 ; perimeter
G1 Z40.093 X150.268 Y241.952 E16.10523 ; perimeter
G1 Z40.106 X147.081 Y239.762 E16.10435 ; perimeter
G1 Z40.118 X144.013 Y237.407 E16.10731 ; perimeter
G1 Z40.131 X141.072 Y234.896 E16.10522 ; perimeter
G1 Z40.143 X138.267 Y232.233 E16.10786 ; perimeter
G1 Z40.156 X135.604 Y229.428 E16.10786 ; perimeter
G1 Z40.168 X133.093 Y226.487 E16.10518 ; perimeter
G1 Z40.181 X130.738 Y223.419 E16.10735 ; perimeter
G1 Z40.193 X128.548 Y220.232 E16.10435 ; perimeter
G1 Z40.206 X126.527 Y216.935 E16.10518 ; perimeter
G1 Z40.218 X124.697 Y213.563 E15.97797 ; perimeter
G1 Z40.239 X122.012 Y207.671 E26.96585 ; perimeter
G1 Z40.260 X119.850 Y201.568 E26.96453 ; perimeter
G1 Z40.272 X118.825 Y197.871 E15.97750 ; perimeter
G1 Z40.285 X117.995 Y194.125 E15.97909 ; perimeter
G1 Z40.306 X117.035 Y187.691 E27.09318 ; perimeter
G1 Z40.318 X116.744 Y183.865 E15.97709 ; perimeter
G1 Z40.331 X116.632 Y180.036 E15.95496 ; perimeter
G1 Z40.353 X116.950 Y173.197 E28.51252 ; perimeter
G1 Z40.377 X117.997 Y165.864 E30.84906 ; perimeter
G1 Z40.389 X118.825 Y162.129 E15.93259 ; perimeter
G1 Z40.402 X119.850 Y158.432 E15.97750 ; perimeter
G1 Z40.422 X122.010 Y152.334 E26.94218 ; perimeter
G1 Z40.444 X124.854 Y146.140 E28.38503 ; perimeter
G1 Z40.468 X128.572 Y139.733 E30.85018 ; perimeter
G1 Z40.481 X130.738 Y136.581 E15.92761 ; perimeter
G1 Z40.493 X133.093 Y133.513 E16.10735 ; perimeter
G1 Z40.500 X134.447 Y131.927 E8.68477 ; perimeter
;LAYER_CHANGE
;Z:42
;HEIGHT:1.5
G1 Z40.500 F960 ; simple layer change
G1 F2400
G1 Z40.506 X135.604 Y130.572 E7.42040 ; perimeter
G1 Z40.518 X138.267 Y127.767 E16.10786 ; perimeter
G1 Z40.531 X141.072 Y125.104 E16.10784 ; perimeter
G1 Z40.543 X144.013 Y122.593 E16.10521 ; perimeter
G1 Z40.556 X147.081 Y120.239 E16.10484 ; perimeter
G1 Z40.568 X150.238 Y118.068 E15.95661 ; perimeter
G1 Z40.590 X156.160 Y114.604 E28.57220 ; perimeter
G1 Z40.614 X162.840 Y111.508 E30.66257 ; perimeter
G1 Z40.635 X168.932 Y109.350 E26.91580 ; perimeter
G1 Z40.647 X172.629 Y108.325 E15.97750 ; perimeter
G1 Z40.660 X176.405 Y107.488 E16.10741 ; perimeter
G1 Z40.672 X180.219 Y106.850 E16.10466 ; perimeter
G1 Z40.685 X184.026 Y106.416 E15.95750 ; perimeter
G1 Z40.707 X190.882 Y106.138 E28.57613 ; perimeter
G1 Z40.731 X198.263 Y106.541 E30.78529 ; perimeter
G1 Z40.743 X202.056 Y107.040 E15.93268 ; perimeter
G1 Z40.756 X205.858 Y107.745 E16.10383 ; perimeter
G1 Z40.768 X209.619 Y108.648 E16.10838 ; perimeter
G1 Z40.781 X213.298 Y109.737 E15.97887 ; perimeter
G1 Z40.802 X219.391 Y112.016 E27.09213 ; perimeter
G1 Z40.814 X222.882 Y113.607 E15.97745 ; perimeter
G1 Z40.826 X226.285 Y115.378 E15.97666 ; perimeter
G1 Z40.848 X231.832 Y118.777 E27.09338 ; perimeter
G1 Z40.860 X234.956 Y121.005 E15.98017 ; perimeter
G1 Z40.872 X237.958 Y123.394 E15.97800 ; perimeter
G1 Z40.893 X242.755 Y127.789 E27.09496 ; perimeter
G1 Z40.906 X245.396 Y130.572 E15.97824 ; perimeter
G1 Z40.918 X247.907 Y133.513 E16.10519 ; perimeter
G1 Z40.931 X250.262 Y136.581 E16.10721 ; perimeter
G1 Z40.943 X252.435 Y139.743 E15.97838 ; perimeter
G1 Z40.964 X255.725 Y145.354 E27.09013 ; perimeter
G1 Z40.977 X257.389 Y148.809 E15.97047 ; perimeter
G1 Z40.989 X258.975 Y152.301 E15.97277 ; perimeter
G1 Z41.010 X261.150 Y158.432 E27.09122 ; perimeter
G1 Z41.022 X262.175 Y162.129 E15.97750 ; perimeter
G1 Z41.035 X263.005 Y165.875 E15.97908 ; perimeter
G1 Z41.056 X263.955 Y172.311 E27.09307 ; perimeter
G1 Z41.068 X264.209 Y176.137 E15.96991 ; perimeter
G1 Z41.081 X264.366 Y179.969 E15.97286 ; perimeter
G1 Z41.102 X264.085 Y186.469 E27.09511 ; perimeter
G1 Z41.114 X263.650 Y190.281 E15.97866 ; perimeter
G1 Z41.126 X263.017 Y194.065 E15.97799 ; perimeter
G1 Z41.148 X261.499 Y200.390 E27.08942 ; perimeter
G1 Z41.160 X260.345 Y204.050 E15.98230 ; perimeter
G1 Z41.172 X258.990 Y207.672 E16.10534 ; perimeter
G1 Z41.185 X257.448 Y211.218 E16.10370 ; perimeter
G1 Z41.197 X255.723 Y214.680 E16.10874 ; perimeter
G1 Z41.210 X253.818 Y218.045 E16.10388 ; perimeter
G1 Z41.222 X251.740 Y221.307 E16.10742 ; perimeter
G1 Z41.235 X249.495 Y224.456 E16.10609 ; perimeter
G1 Z41.247 X247.106 Y227.458 E15.97799 ; perimeter
G1 Z41.268 X242.732 Y232.232 E26.96522 ; perimeter
G1 Z41.289 X237.958 Y236.606 E26.96522 ; perimeter
G1 Z41.302 X234.956 Y238.995 E15.97798 ; perimeter
G1 Z41.314 X231.807 Y241.240 E16.10605 ; perimeter
G1 Z41.327 X228.546 Y243.318 E16.10388 ; perimeter
G1 Z41.339 X225.180 Y245.223 E16.10756 ; perimeter
G1 Z41.352 X221.718 Y246.948 E16.10863 ; perimeter
G1 Z41.364 X218.200 Y248.478 E15.97688 ; perimeter
G1 Z41.385 X212.068 Y250.650 E27.09229 ; perimeter
G1 Z41.397 X208.371 Y251.675 E15.97752 ; perimeter
G1 Z41.410 X204.625 Y252.505 E15.97911 ; perimeter
G1 Z41.431 X198.191 Y253.467 E27.09320 ; perimeter
G1 Z41.443 X194.366 Y253.768 E15.97901 ; perimeter
G1 Z41.456 X190.500 Y253.868 E16.10579 ; perimeter
G1 Z41.468 X186.635 Y253.743 E16.10459 ; perimeter
G1 Z41.481 X182.810 Y253.460 E15.97447 ; perimeter
G1 Z41.502 X176.375 Y252.505 E27.09219 ; perimeter
G1 Z41.514 X172.629 Y251.675 E15.97911 ; perimeter
G1 Z41.527 X168.932 Y250.650 E15.97750 ; perimeter
G1 Z41.547 X162.829 Y248.488 E26.96454 ; perimeter
G1 Z41.568 X156.937 Y245.803 E26.96581 ; perimeter
G1 Z41.581 X153.565 Y243.973 E15.97796 ; perimeter
G1 Z41.593 X150.268 Y241.952 E16.10523 ; perimeter
G1 Z41.606 X147.081 Y239.762 E16.10435 ; perimeter
G1 Z41.618 X144.013 Y237.407 E16.10731 ; perimeter
G1 Z41.631 X141.072 Y234.896 E16.10522 ; perimeter
G1 Z41.643 X138.267 Y232.233 E16.10786 ; perimeter
G1 Z41.656 X135.604 Y229.428 E16.10781 ; perimeter
G1 Z41.668 X133.093 Y226.487 E16.10523 ; perimeter
G1 Z41.681 X130.738 Y223.419 E16.10735 ; perimeter
G1 Z41.693 X128.548 Y220.232 E16.10435 ; perimeter
G1 Z41.706 X126.527 Y216.935 E16.10520 ; perimeter
G1 Z41.718 X124.697 Y213.563 E15.97796 ; perimeter
G1 Z41.739 X122.012 Y207.671 E26.96588 ; perimeter
G1 Z41.760 X119.850 Y201.568 E26.96449 ; perimeter
G1 Z41.772 X118.825 Y197.871 E15.97750 ; perimeter
G1 Z41.785 X117.996 Y194.130 E15.95788 ; perimeter
G1 Z41.807 X117.002 Y187.341 E28.57509 ; perimeter
G1 Z41.831 X116.632 Y179.958 E30.78598 ; perimeter
G1 Z41.843 X116.740 Y176.134 E15.93038 ; perimeter
G1 Z41.856 X117.037 Y172.310 E15.97678 ; perimeter
G1 Z41.877 X117.995 Y165.875 E27.09313 ; perimeter
G1 Z41.889 X118.825 Y162.129 E15.97909 ; perimeter
G1 Z41.902 X119.850 Y158.432 E15.97750 ; perimeter
G1 Z41.922 X122.010 Y152.334 E26.94214 ; perimeter
G1 Z41.944 X124.861 Y146.127 E28.44643 ; perimeter
G1 Z41.968 X128.572 Y139.733 E30.78872 ; perimeter
G1 Z41.981 X130.738 Y136.581 E15.92761 ; perimeter
G1 Z41.993 X133.093 Y133.513 E16.10735 ; perimeter
G1 Z42.000 X134.447 Y131.927 E8.68477 ; perimeter
;LAYER_CHANGE
;Z:43.5
;HEIGHT:1.5
G1 Z42.000 F960 ; simple layer change
G1 F2400
G1 Z42.006 X135.604 Y130.572 E7.42040 ; perimeter
G1 Z42.018 X138.267 Y127.767 E16.10786 ; perimeter
G1 Z42.031 X141.072 Y125.104 E16.10784 ; perimeter
G1 Z42.043 X144.013 Y122.593 E16.10521 ; perimeter
G1 Z42.056 X147.081 Y120.239 E16.10484 ; perimeter
G1 Z42.068 X150.243 Y118.065 E15.98074 ; perimeter
G1 Z42.089 X155.857 Y114.780 E27.09021 ; perimeter
G1 Z42.102 X159.319 Y113.133 E15.96340 ; perimeter
G1 Z42.114 X162.802 Y111.525 E15.97613 ; perimeter
G1 Z42.135 X168.932 Y109.350 E27.09081 ; perimeter
G1 Z42.147 X172.629 Y108.325 E15.97750 ; perimeter
G1 Z42.160 X176.405 Y107.488 E16.10735 ; perimeter
G1 Z42.172 X180.219 Y106.850 E16.10479 ; perimeter
G1 Z42.185 X184.026 Y106.416 E15.95744 ; perimeter
G1 Z42.207 X190.896 Y106.138 E28.63440 ; perimeter
G1 Z42.231 X198.263 Y106.541 E30.72708 ; perimeter
G1 Z42.243 X202.056 Y107.040 E15.93260 ; perimeter
G1 Z42.256 X205.858 Y107.745 E16.10391 ; perimeter
G1 Z42.268 X209.619 Y108.648 E16.10843 ; perimeter
G1 Z42.281 X213.298 Y109.737 E15.97881 ; perimeter
G1 Z42.302 X219.391 Y112.016 E27.09214 ; perimeter
G1 Z42.314 X222.882 Y113.607 E15.97745 ; perimeter
G1 Z42.326 X226.285 Y115.378 E15.97664 ; perimeter
G1 Z42.348 X231.832 Y118.777 E27.09338 ; perimeter
G1 Z42.360 X234.956 Y121.005 E15.98015 ; perimeter
G1 Z42.372 X237.958 Y123.394 E15.97800 ; perimeter
G1 Z42.393 X242.755 Y127.789 E27.09488 ; perimeter
G1 Z42.406 X245.396 Y130.572 E15.97837 ; perimeter
G1 Z42.418 X247.907 Y133.513 E16.10514 ; perimeter
G1 Z42.431 X250.261 Y136.581 E16.10487 ; perimeter
G1 Z42.443 X252.435 Y139.743 E15.98091 ; perimeter
G1 Z42.464 X255.736 Y145.348 E27.09025 ; perimeter
G1 Z42.477 X257.448 Y148.782 E15.98014 ; perimeter
G1 Z42.489 X258.978 Y152.300 E15.97684 ; perimeter
G1 Z42.510 X261.150 Y158.432 E27.09229 ; perimeter
G1 Z42.522 X262.175 Y162.129 E15.97750 ; perimeter
G1 Z42.535 X263.005 Y165.875 E15.97912 ; perimeter
G1 Z42.556 X263.967 Y172.309 E27.09319 ; perimeter
G1 Z42.568 X264.268 Y176.134 E15.97902 ; perimeter
G1 Z42.581 X264.368 Y180.000 E16.10560 ; perimeter
G1 Z42.593 X264.226 Y183.864 E16.10395 ; perimeter
G1 Z42.606 X263.954 Y187.690 E15.97146 ; perimeter
G1 Z42.627 X263.010 Y194.095 E26.96473 ; perimeter
G1 Z42.648 X261.499 Y200.390 E26.96110 ; perimeter
G1 Z42.660 X260.345 Y204.050 E15.98232 ; perimeter
G1 Z42.672 X258.990 Y207.672 E16.10534 ; perimeter
G1 Z42.685 X257.448 Y211.219 E16.10742 ; perimeter
G1 Z42.697 X255.723 Y214.680 E16.10502 ; perimeter
G1 Z42.710 X253.818 Y218.046 E16.10745 ; perimeter
G1 Z42.722 X251.740 Y221.307 E16.10387 ; perimeter
G1 Z42.735 X249.495 Y224.456 E16.10605 ; perimeter
G1 Z42.747 X247.106 Y227.458 E15.97799 ; perimeter
G1 Z42.768 X242.732 Y232.232 E26.96522 ; perimeter
G1 Z42.789 X237.958 Y236.606 E26.96522 ; perimeter
G1 Z42.802 X234.956 Y238.995 E15.97798 ; perimeter
G1 Z42.814 X231.807 Y241.240 E16.10609 ; perimeter
G1 Z42.827 X228.546 Y243.318 E16.10385 ; perimeter
G1 Z42.839 X225.180 Y245.223 E16.10753 ; perimeter
G1 Z42.852 X221.718 Y246.948 E16.10866 ; perimeter
G1 Z42.864 X218.200 Y248.478 E15.97684 ; perimeter
G1 Z42.885 X212.068 Y250.650 E27.09229 ; perimeter
G1 Z42.897 X208.371 Y251.675 E15.97752 ; perimeter
G1 Z42.910 X204.625 Y252.505 E15.97911 ; perimeter
G1 Z42.931 X198.191 Y253.467 E27.09318 ; perimeter
G1 Z42.943 X194.366 Y253.768 E15.97902 ; perimeter
G1 Z42.956 X190.500 Y253.869 E16.10601 ; perimeter
G1 Z42.968 X186.634 Y253.768 E16.10601 ; perimeter
G1 Z42.981 X182.809 Y253.467 E15.97902 ; perimeter
G1 Z43.002 X176.375 Y252.505 E27.09318 ; perimeter
G1 Z43.014 X172.629 Y251.675 E15.97912 ; perimeter
G1 Z43.027 X168.932 Y250.650 E15.97750 ; perimeter
G1 Z43.047 X162.829 Y248.488 E26.96454 ; perimeter
G1 Z43.068 X156.937 Y245.803 E26.96584 ; perimeter
G1 Z43.081 X153.565 Y243.973 E15.97799 ; perimeter
G1 Z43.093 X150.268 Y241.952 E16.10517 ; perimeter
G1 Z43.106 X147.081 Y239.762 E16.10435 ; perimeter
G1 Z43.118 X144.013 Y237.407 E16.10735 ; perimeter
G1 Z43.131 X141.072 Y234.896 E16.10518 ; perimeter
G1 Z43.143 X138.267 Y232.233 E16.10786 ; perimeter
G1 Z43.156 X135.604 Y229.428 E16.10786 ; perimeter
G1 Z43.168 X133.093 Y226.487 E16.10518 ; perimeter
G1 Z43.181 X130.739 Y223.419 E16.10487 ; perimeter
G1 Z43.193 X128.548 Y220.232 E16.10670 ; perimeter
G1 Z43.206 X126.527 Y216.935 E16.10520 ; perimeter
G1 Z43.218 X124.697 Y213.563 E15.97790 ; perimeter
G1 Z43.239 X122.012 Y207.671 E26.96590 ; perimeter
G1 Z43.260 X119.850 Y201.568 E26.96454 ; perimeter
G1 Z43.272 X118.825 Y197.871 E15.97750 ; perimeter
G1 Z43.285 X117.996 Y194.130 E15.95789 ; perimeter
G1 Z43.307 X117.000 Y187.327 E28.63402 ; perimeter
G1 Z43.331 X116.634 Y179.994 E30.57740 ; perimeter
G1 Z43.353 X116.954 Y173.168 E28.45876 ; perimeter
G1 Z43.377 X117.997 Y165.864 E30.72742 ; perimeter
G1 Z43.389 X118.825 Y162.129 E15.93256 ; perimeter
G1 Z43.402 X119.850 Y158.432 E15.97750 ; perimeter
G1 Z43.422 X122.010 Y152.334 E26.94214 ; perimeter
G1 Z43.445 X124.867 Y146.114 E28.50604 ; perimeter
G1 Z43.468 X128.572 Y139.734 E30.72572 ; perimeter
G1 Z43.481 X130.738 Y136.581 E15.93108 ; perimeter
G1 Z43.493 X133.093 Y133.513 E16.10735 ; perimeter
G1 Z43.500 X134.447 Y131.927 E8.68477 ; perimeter
;LAYER_CHANGE
;Z:45
;HEIGHT:1.5
G1 Z43.500 F960 ; simple layer change
G1 F2400
G1 Z43.506 X135.604 Y130.572 E7.42040 ; perimeter
G1 Z43.518 X138.267 Y127.767 E16.10788 ; perimeter
G1 Z43.531 X141.072 Y125.104 E16.10784 ; perimeter
G1 Z43.543 X144.013 Y122.593 E16.10516 ; perimeter
G1 Z43.556 X147.081 Y120.239 E16.10727 ; perimeter
G1 Z43.568 X150.238 Y118.068 E15.95411 ; perimeter
G1 Z43.590 X156.188 Y114.594 E28.69404 ; perimeter
G1 Z43.614 X162.839 Y111.508 E30.53532 ; perimeter
G1 Z43.635 X168.932 Y109.350 E26.91976 ; perimeter
G1 Z43.647 X172.629 Y108.325 E15.97750 ; perimeter
G1 Z43.660 X176.405 Y107.488 E16.10740 ; perimeter
G1 Z43.672 X180.219 Y106.850 E16.10467 ; perimeter
G1 Z43.685 X184.026 Y106.416 E15.95750 ; perimeter
G1 Z43.707 X190.910 Y106.138 E28.69272 ; perimeter
G1 Z43.731 X198.263 Y106.541 E30.66880 ; perimeter
G1 Z43.743 X202.056 Y107.040 E15.93254 ; perimeter
G1 Z43.756 X205.858 Y107.745 E16.10397 ; perimeter
G1 Z43.768 X209.619 Y108.648 E16.10843 ; perimeter
G1 Z43.781 X213.298 Y109.737 E15.97881 ; perimeter
G1 Z43.802 X219.391 Y112.016 E27.09207 ; perimeter
G1 Z43.814 X222.882 Y113.607 E15.97746 ; perimeter
G1 Z43.826 X226.285 Y115.378 E15.97668 ; perimeter
G1 Z43.848 X231.832 Y118.777 E27.09338 ; perimeter
G1 Z43.860 X234.956 Y121.005 E15.98017 ; perimeter
G1 Z43.872 X237.958 Y123.394 E15.97800 ; perimeter
G1 Z43.893 X242.755 Y127.789 E27.09498 ; perimeter
G1 Z43.906 X245.396 Y130.572 E15.97829 ; perimeter
G1 Z43.918 X247.907 Y133.513 E16.10522 ; perimeter
G1 Z43.931 X250.262 Y136.581 E16.10717 ; perimeter
G1 Z43.943 X252.435 Y139.743 E15.97846 ; perimeter
G1 Z43.964 X255.736 Y145.348 E27.09025 ; perimeter
G1 Z43.977 X257.448 Y148.782 E15.98014 ; perimeter
G1 Z43.989 X258.978 Y152.300 E15.97684 ; perimeter
G1 Z44.010 X261.150 Y158.432 E27.09229 ; perimeter
G1 Z44.022 X262.175 Y162.129 E15.97750 ; perimeter
G1 Z44.035 X263.005 Y165.875 E15.97912 ; perimeter
G1 Z44.056 X263.967 Y172.309 E27.09319 ; perimeter
G1 Z44.068 X264.268 Y176.134 E15.97902 ; perimeter
G1 Z44.081 X264.369 Y180.000 E16.10601 ; perimeter
G1 Z44.093 X264.268 Y183.866 E16.10601 ; perimeter
G1 Z44.106 X263.967 Y187.691 E15.97902 ; perimeter
G1 Z44.127 X263.010 Y194.095 E26.96654 ; perimeter
G1 Z44.148 X261.499 Y200.390 E26.96113 ; perimeter
G1 Z44.160 X260.345 Y204.050 E15.98230 ; perimeter
G1 Z44.172 X258.990 Y207.672 E16.10534 ; perimeter
G1 Z44.185 X257.448 Y211.219 E16.10753 ; perimeter
G1 Z44.197 X255.723 Y214.680 E16.10493 ; perimeter
G1 Z44.210 X253.818 Y218.046 E16.10753 ; perimeter
G1 Z44.222 X251.740 Y221.307 E16.10388 ; perimeter
G1 Z44.235 X249.495 Y224.456 E16.10605 ; perimeter
G1 Z44.247 X247.106 Y227.458 E15.97798 ; perimeter
G1 Z44.268 X242.732 Y232.232 E26.96522 ; perimeter
G1 Z44.289 X237.958 Y236.606 E26.96522 ; perimeter
G1 Z44.302 X234.956 Y238.995 E15.97798 ; perimeter
G1 Z44.314 X231.807 Y241.240 E16.10605 ; perimeter
G1 Z44.327 X228.546 Y243.318 E16.10388 ; perimeter
G1 Z44.339 X225.180 Y245.223 E16.10756 ; perimeter
G1 Z44.352 X221.718 Y246.948 E16.10863 ; perimeter
G1 Z44.364 X218.200 Y248.478 E15.97684 ; perimeter
G1 Z44.385 X212.068 Y250.650 E27.09229 ; perimeter
G1 Z44.397 X208.371 Y251.675 E15.97752 ; perimeter
G1 Z44.410 X204.625 Y252.505 E15.97911 ; perimeter
G1 Z44.431 X198.191 Y253.467 E27.09320 ; perimeter
G1 Z44.443 X194.366 Y253.768 E15.97901 ; perimeter
G1 Z44.456 X190.500 Y253.869 E16.10601 ; perimeter
G1 Z44.468 X186.634 Y253.768 E16.10601 ; perimeter
G1 Z44.481 X182.809 Y253.467 E15.97902 ; perimeter
G1 Z44.502 X176.375 Y252.505 E27.09318 ; perimeter
G1 Z44.514 X172.629 Y251.675 E15.97912 ; perimeter
G1 Z44.527 X168.932 Y250.650 E15.97750 ; perimeter
G1 Z44.547 X162.829 Y248.488 E26.96454 ; perimeter
G1 Z44.568 X156.937 Y245.803 E26.96581 ; perimeter
G1 Z44.581 X153.565 Y243.973 E15.97796 ; perimeter
G1 Z44.593 X150.268 Y241.952 E16.10523 ; perimeter
G1 Z44.606 X147.081 Y239.762 E16.10435 ; perimeter
G1 Z44.618 X144.013 Y237.407 E16.10739 ; perimeter
G1 Z44.631 X141.072 Y234.896 E16.10514 ; perimeter
G1 Z44.643 X138.267 Y232.233 E16.10786 ; perimeter
G1 Z44.656 X135.604 Y229.428 E16.10781 ; perimeter
G1 Z44.668 X133.093 Y226.487 E16.10523 ; perimeter
G1 Z44.681 X130.738 Y223.419 E16.10730 ; perimeter
G1 Z44.693 X128.548 Y220.232 E16.10436 ; perimeter
G1 Z44.706 X126.527 Y216.935 E16.10520 ; perimeter
G1 Z44.718 X124.697 Y213.563 E15.97796 ; perimeter
G1 Z44.739 X122.012 Y207.671 E26.96588 ; perimeter
G1 Z44.760 X119.850 Y201.568 E26.96449 ; perimeter
G1 Z44.772 X118.825 Y197.871 E15.97750 ; perimeter
G1 Z44.785 X117.996 Y194.130 E15.95789 ; perimeter
G1 Z44.807 X116.999 Y187.313 E28.69238 ; perimeter
G1 Z44.831 X116.632 Y179.958 E30.66894 ; perimeter
G1 Z44.843 X116.741 Y176.134 E15.93039 ; perimeter
G1 Z44.856 X117.037 Y172.310 E15.97685 ; perimeter
G1 Z44.877 X117.995 Y165.875 E27.09300 ; perimeter
G1 Z44.889 X118.825 Y162.129 E15.97915 ; perimeter
G1 Z44.902 X119.850 Y158.432 E15.97750 ; perimeter
G1 Z44.922 X122.010 Y152.334 E26.94214 ; perimeter
G1 Z44.945 X124.874 Y146.101 E28.56743 ; perimeter
G1 Z44.968 X128.572 Y139.734 E30.66429 ; perimeter
G1 Z44.981 X130.738 Y136.581 E15.93104 ; perimeter
G1 Z44.993 X133.093 Y133.513 E16.10735 ; perimeter
G1 Z45.000 X134.447 Y131.927 E8.68477 ; perimeter
;LAYER_CHANGE
;Z:46.5
;HEIGHT:1.5
G1 Z45.000 F960 ; simple layer change
G1 F2400
G1 Z45.006 X135.604 Y130.572 E7.42040 ; perimeter
G1 Z45.018 X138.267 Y127.767 E16.10786 ; perimeter
G1 Z45.031 X141.072 Y125.104 E16.10786 ; perimeter
G1 Z45.043 X144.013 Y122.593 E16.10518 ; perimeter
G1 Z45.056 X147.081 Y120.238 E16.10740 ; perimeter
G1 Z45.068 X150.243 Y118.065 E15.97835 ; perimeter
G1 Z45.089 X155.858 Y114.781 E27.09014 ; perimeter
G1 Z45.102 X159.318 Y113.132 E15.96317 ; perimeter
G1 Z45.114 X162.801 Y111.525 E15.97620 ; perimeter
G1 Z45.135 X168.932 Y109.350 E27.09091 ; perimeter
G1 Z45.147 X172.629 Y108.325 E15.97749 ; perimeter
G1 Z45.160 X176.405 Y107.488 E16.10741 ; perimeter
G1 Z45.172 X180.219 Y106.850 E16.10467 ; perimeter
G1 Z45.185 X184.026 Y106.416 E15.95750 ; perimeter
G1 Z45.207 X190.925 Y106.138 E28.75506 ; perimeter
G1 Z45.231 X198.262 Y106.541 E30.60230 ; perimeter
G1 Z45.243 X202.056 Y107.040 E15.93676 ; perimeter
G1 Z45.256 X205.858 Y107.745 E16.10390 ; perimeter
G1 Z45.268 X209.619 Y108.648 E16.10831 ; perimeter
G1 Z45.281 X213.298 Y109.737 E15.97893 ; perimeter
G1 Z45.302 X219.391 Y112.016 E27.09213 ; perimeter
G1 Z45.314 X222.882 Y113.607 E15.97747 ; perimeter
G1 Z45.327 X226.285 Y115.378 E15.97655 ; perimeter
G1 Z45.348 X231.832 Y118.777 E27.09344 ; perimeter
G1 Z45.360 X234.956 Y121.005 E15.98012 ; perimeter
G1 Z45.372 X237.958 Y123.394 E15.97805 ; perimeter
G1 Z45.393 X242.755 Y127.789 E27.09500 ; perimeter
G1 Z45.406 X245.396 Y130.572 E15.97826 ; perimeter
G1 Z45.418 X247.907 Y133.513 E16.10518 ; perimeter
G1 Z45.431 X250.261 Y136.581 E16.10483 ; perimeter
G1 Z45.443 X252.431 Y139.738 E15.95434 ; perimeter
G1 Z45.465 X255.913 Y145.700 E28.75598 ; perimeter
G1 Z45.489 X258.992 Y152.339 E30.47602 ; perimeter
G1 Z45.510 X261.150 Y158.432 E26.91972 ; perimeter
G1 Z45.522 X262.175 Y162.129 E15.97750 ; perimeter
G1 Z45.535 X263.005 Y165.875 E15.97912 ; perimeter
G1 Z45.556 X263.967 Y172.309 E27.09319 ; perimeter
G1 Z45.568 X264.268 Y176.134 E15.97902 ; perimeter
G1 Z45.581 X264.368 Y179.964 E15.95603 ; perimeter
G1 Z45.603 X264.037 Y186.860 E28.75406 ; perimeter
G1 Z45.627 X263.007 Y194.105 E30.47496 ; perimeter
G1 Z45.648 X261.499 Y200.390 E26.91771 ; perimeter
G1 Z45.660 X260.345 Y204.050 E15.98238 ; perimeter
G1 Z45.672 X258.990 Y207.672 E16.10528 ; perimeter
G1 Z45.685 X257.448 Y211.219 E16.10753 ; perimeter
G1 Z45.697 X255.723 Y214.680 E16.10493 ; perimeter
G1 Z45.710 X253.818 Y218.046 E16.10753 ; perimeter
G1 Z45.722 X251.740 Y221.307 E16.10388 ; perimeter
G1 Z45.735 X249.495 Y224.456 E16.10605 ; perimeter
G1 Z45.747 X247.106 Y227.458 E15.97798 ; perimeter
G1 Z45.768 X242.732 Y232.232 E26.96522 ; perimeter
G1 Z45.789 X237.958 Y236.606 E26.96522 ; perimeter
G1 Z45.802 X234.956 Y238.995 E15.97798 ; perimeter
G1 Z45.814 X231.807 Y241.240 E16.10601 ; perimeter
G1 Z45.827 X228.546 Y243.318 E16.10391 ; perimeter
G1 Z45.839 X225.180 Y245.223 E16.10753 ; perimeter
G1 Z45.852 X221.719 Y246.948 E16.10496 ; perimeter
G1 Z45.864 X218.200 Y248.478 E15.98059 ; perimeter
G1 Z45.885 X212.068 Y250.650 E27.09229 ; perimeter
G1 Z45.897 X208.371 Y251.675 E15.97750 ; perimeter
G1 Z45.910 X204.625 Y252.505 E15.97912 ; perimeter
G1 Z45.931 X198.191 Y253.467 E27.09318 ; perimeter
G1 Z45.943 X194.366 Y253.768 E15.97902 ; perimeter
G1 Z45.956 X190.500 Y253.869 E16.10601 ; perimeter
G1 Z45.968 X186.634 Y253.768 E16.10601 ; perimeter
G1 Z45.981 X182.809 Y253.467 E15.97902 ; perimeter
G1 Z46.002 X176.375 Y252.505 E27.09319 ; perimeter
G1 Z46.014 X172.629 Y251.675 E15.97913 ; perimeter
G1 Z46.027 X168.932 Y250.650 E15.97748 ; perimeter
G1 Z46.047 X162.829 Y248.488 E26.96454 ; perimeter
G1 Z46.068 X156.937 Y245.803 E26.96581 ; perimeter
G1 Z46.081 X153.565 Y243.973 E15.97799 ; perimeter
G1 Z46.093 X150.268 Y241.952 E16.10520 ; perimeter
G1 Z46.106 X147.081 Y239.762 E16.10435 ; perimeter
G1 Z46.118 X144.013 Y237.407 E16.10739 ; perimeter
G1 Z46.131 X141.072 Y234.896 E16.10514 ; perimeter
G1 Z46.143 X138.267 Y232.233 E16.10786 ; perimeter
G1 Z46.156 X135.604 Y229.428 E16.10786 ; perimeter
G1 Z46.168 X133.093 Y226.487 E16.10518 ; perimeter
G1 Z46.181 X130.738 Y223.419 E16.10735 ; perimeter
G1 Z46.193 X128.548 Y220.232 E16.10435 ; perimeter
G1 Z46.206 X126.527 Y216.935 E16.10520 ; perimeter
G1 Z46.218 X124.697 Y213.563 E15.97796 ; perimeter
G1 Z46.239 X122.012 Y207.671 E26.96584 ; perimeter
G1 Z46.260 X119.850 Y201.568 E26.96454 ; perimeter
G1 Z46.272 X118.825 Y197.871 E15.97750 ; perimeter
G1 Z46.285 X117.996 Y194.130 E15.95789 ; perimeter
G1 Z46.307 X116.998 Y187.298 E28.75481 ; perimeter
G1 Z46.331 X116.634 Y179.995 E30.45217 ; perimeter
G1 Z46.353 X116.956 Y173.139 E28.58389 ; perimeter
G1 Z46.377 X117.997 Y165.865 E30.60253 ; perimeter
G1 Z46.389 X118.825 Y162.129 E15.93670 ; perimeter
G1 Z46.402 X119.850 Y158.432 E15.97750 ; perimeter
G1 Z46.422 X122.010 Y152.334 E26.94214 ; perimeter
G1 Z46.445 X124.881 Y146.089 E28.62498 ; perimeter
G1 Z46.468 X128.571 Y139.734 E30.60440 ; perimeter
G1 Z46.481 X130.738 Y136.581 E15.93336 ; perimeter
G1 Z46.493 X133.093 Y133.513 E16.10735 ; perimeter
G1 Z46.500 X134.447 Y131.927 E8.68477 ; perimeter
;LAYER_CHANGE
;Z:48
;HEIGHT:1.5
G1 Z46.500 F960 ; simple layer change
G1 F2400
G1 Z46.506 X135.604 Y130.572 E7.42040 ; perimeter
G1 Z46.518 X138.267 Y127.767 E16.10786 ; perimeter
G1 Z46.531 X141.072 Y125.104 E16.10786 ; perimeter
G1 Z46.543 X144.013 Y122.593 E16.10518 ; perimeter
G1 Z46.556 X147.081 Y120.238 E16.10735 ; perimeter
G1 Z46.568 X150.238 Y118.069 E15.95189 ; perimeter
G1 Z46.591 X156.213 Y114.582 E28.81330 ; perimeter
G1 Z46.614 X162.839 Y111.508 E30.41820 ; perimeter
G1 Z46.635 X168.932 Y109.350 E26.91971 ; perimeter
G1 Z46.647 X172.629 Y108.325 E15.97750 ; perimeter
G1 Z46.660 X176.405 Y107.488 E16.10741 ; perimeter
G1 Z46.672 X180.219 Y106.850 E16.10472 ; perimeter
G1 Z46.685 X184.026 Y106.416 E15.95737 ; perimeter
G1 Z46.707 X190.939 Y106.138 E28.81339 ; perimeter
G1 Z46.731 X198.262 Y106.541 E30.54411 ; perimeter
G1 Z46.743 X202.056 Y107.040 E15.93674 ; perimeter
G1 Z46.756 X205.858 Y107.745 E16.10390 ; perimeter
G1 Z46.768 X209.619 Y108.648 E16.10829 ; perimeter
G1 Z46.781 X213.298 Y109.737 E15.97894 ; perimeter
G1 Z46.802 X219.391 Y112.016 E27.09213 ; perimeter
G1 Z46.814 X222.882 Y113.607 E15.97746 ; perimeter
G1 Z46.826 X226.285 Y115.378 E15.97663 ; perimeter
G1 Z46.848 X231.832 Y118.777 E27.09341 ; perimeter
G1 Z46.860 X234.956 Y121.005 E15.98017 ; perimeter
G1 Z46.872 X237.958 Y123.394 E15.97791 ; perimeter
G1 Z46.893 X242.755 Y127.789 E27.09493 ; perimeter
G1 Z46.906 X245.396 Y130.572 E15.97837 ; perimeter
G1 Z46.918 X247.907 Y133.513 E16.10514 ; perimeter
G1 Z46.931 X250.262 Y136.581 E16.10734 ; perimeter
G1 Z46.943 X252.431 Y139.738 E15.95178 ; perimeter
G1 Z46.966 X255.922 Y145.711 E28.81429 ; perimeter
G1 Z46.989 X258.992 Y152.339 E30.41878 ; perimeter
G1 Z47.010 X261.150 Y158.432 E26.91973 ; perimeter
G1 Z47.022 X262.175 Y162.129 E15.97750 ; perimeter
G1 Z47.035 X263.005 Y165.875 E15.97912 ; perimeter
G1 Z47.056 X263.967 Y172.309 E27.09319 ; perimeter
G1 Z47.068 X264.268 Y176.134 E15.97902 ; perimeter
G1 Z47.081 X264.368 Y179.964 E15.95603 ; perimeter
G1 Z47.103 X264.043 Y186.875 E28.81367 ; perimeter
G1 Z47.127 X263.007 Y194.105 E30.41738 ; perimeter
G1 Z47.148 X261.499 Y200.390 E26.91837 ; perimeter
G1 Z47.160 X260.345 Y204.050 E15.98234 ; perimeter
G1 Z47.172 X258.990 Y207.672 E16.10534 ; perimeter
G1 Z47.185 X257.448 Y211.218 E16.10370 ; perimeter
G1 Z47.197 X255.723 Y214.680 E16.10874 ; perimeter
G1 Z47.210 X253.818 Y218.045 E16.10391 ; perimeter
G1 Z47.222 X251.740 Y221.307 E16.10743 ; perimeter
G1 Z47.235 X249.495 Y224.456 E16.10605 ; perimeter
G1 Z47.247 X247.106 Y227.458 E15.97798 ; perimeter
G1 Z47.268 X242.732 Y232.232 E26.96522 ; perimeter
G1 Z47.289 X237.958 Y236.606 E26.96522 ; perimeter
G1 Z47.302 X234.956 Y238.995 E15.97798 ; perimeter
G1 Z47.314 X231.807 Y241.240 E16.10609 ; perimeter
G1 Z47.327 X228.546 Y243.318 E16.10385 ; perimeter
G1 Z47.339 X225.180 Y245.223 E16.10753 ; perimeter
G1 Z47.352 X221.719 Y246.948 E16.10493 ; perimeter
G1 Z47.364 X218.200 Y248.478 E15.98066 ; perimeter
G1 Z47.385 X212.068 Y250.650 E27.09229 ; perimeter
G1 Z47.397 X208.371 Y251.675 E15.97750 ; perimeter
G1 Z47.410 X204.625 Y252.505 E15.97912 ; perimeter
G1 Z47.431 X198.191 Y253.467 E27.09320 ; perimeter
G1 Z47.443 X194.366 Y253.768 E15.97901 ; perimeter
G1 Z47.456 X190.536 Y253.868 E15.95603 ; perimeter
G1 Z47.478 X183.625 Y253.539 E28.81315 ; perimeter
G1 Z47.502 X176.365 Y252.503 E30.54286 ; perimeter
G1 Z47.514 X172.629 Y251.675 E15.93667 ; perimeter
G1 Z47.526 X168.932 Y250.650 E15.97750 ; perimeter
G1 Z47.547 X162.829 Y248.488 E26.96454 ; perimeter
G1 Z47.568 X156.937 Y245.803 E26.96581 ; perimeter
G1 Z47.581 X153.565 Y243.973 E15.97799 ; perimeter
G1 Z47.593 X150.268 Y241.952 E16.10520 ; perimeter
G1 Z47.606 X147.081 Y239.762 E16.10435 ; perimeter
G1 Z47.618 X144.013 Y237.407 E16.10735 ; perimeter
G1 Z47.631 X141.072 Y234.896 E16.10518 ; perimeter
G1 Z47.643 X138.267 Y232.233 E16.10786 ; perimeter
G1 Z47.656 X135.604 Y229.428 E16.10781 ; perimeter
G1 Z47.668 X133.093 Y226.487 E16.10523 ; perimeter
G1 Z47.681 X130.738 Y223.419 E16.10735 ; perimeter
G1 Z47.693 X128.548 Y220.232 E16.10435 ; perimeter
G1 Z47.706 X126.527 Y216.935 E16.10520 ; perimeter
G1 Z47.718 X124.697 Y213.563 E15.97796 ; perimeter
G1 Z47.739 X122.012 Y207.671 E26.96584 ; perimeter
G1 Z47.760 X119.850 Y201.568 E26.96454 ; perimeter
G1 Z47.772 X118.825 Y197.871 E15.97750 ; perimeter
G1 Z47.785 X117.995 Y194.125 E15.97915 ; perimeter
G1 Z47.806 X117.036 Y187.691 E27.09310 ; perimeter
G1 Z47.818 X116.743 Y183.865 E15.97693 ; perimeter
G1 Z47.831 X116.632 Y180.036 E15.95494 ; perimeter
G1 Z47.853 X116.957 Y173.125 E28.81351 ; perimeter
G1 Z47.877 X117.997 Y165.865 E30.54398 ; perimeter
G1 Z47.889 X118.825 Y162.129 E15.93666 ; perimeter
G1 Z47.902 X119.850 Y158.432 E15.97750 ; perimeter
G1 Z47.922 X122.010 Y152.334 E26.94214 ; perimeter
G1 Z47.945 X124.887 Y146.076 E28.68462 ; perimeter
G1 Z47.968 X128.571 Y139.734 E30.54498 ; perimeter
G1 Z47.981 X130.738 Y136.581 E15.93340 ; perimeter
G1 Z47.993 X133.093 Y133.513 E16.10735 ; perimeter
G1 Z48.000 X134.447 Y131.927 E8.68477 ; perimeter
;LAYER_CHANGE
;Z:49.5
;HEIGHT:1.5
G1 Z48.000 F960 ; simple layer change
G1 F2400
G1 Z48.006 X135.604 Y130.572 E7.42044 ; perimeter
G1 Z48.018 X138.267 Y127.767 E16.10782 ; perimeter
G1 Z48.031 X141.072 Y125.104 E16.10788 ; perimeter
G1 Z48.043 X144.013 Y122.593 E16.10516 ; perimeter
G1 Z48.056 X147.081 Y120.238 E16.10484 ; perimeter
G1 Z48.068 X150.238 Y118.069 E15.95436 ; perimeter
G1 Z48.091 X156.224 Y114.571 E28.87576 ; perimeter
G1 Z48.114 X162.839 Y111.508 E30.35747 ; perimeter
G1 Z48.135 X168.932 Y109.350 E26.91966 ; perimeter
G1 Z48.147 X172.629 Y108.325 E15.97751 ; perimeter
G1 Z48.160 X176.405 Y107.488 E16.10742 ; perimeter
G1 Z48.172 X180.219 Y106.850 E16.10465 ; perimeter
G1 Z48.185 X184.025 Y106.416 E15.95338 ; perimeter
G1 Z48.207 X190.954 Y106.138 E28.88008 ; perimeter
G1 Z48.231 X198.262 Y106.541 E30.48144 ; perimeter
G1 Z48.243 X202.056 Y107.040 E15.93674 ; perimeter
G1 Z48.256 X205.858 Y107.745 E16.10390 ; perimeter
G1 Z48.268 X209.619 Y108.648 E16.10838 ; perimeter
G1 Z48.281 X213.298 Y109.737 E15.97886 ; perimeter
G1 Z48.302 X219.391 Y112.016 E27.09213 ; perimeter
G1 Z48.314 X222.882 Y113.607 E15.97746 ; perimeter
G1 Z48.326 X226.285 Y115.378 E15.97664 ; perimeter
G1 Z48.348 X231.832 Y118.777 E27.09338 ; perimeter
G1 Z48.360 X234.956 Y121.005 E15.98017 ; perimeter
G1 Z48.372 X237.958 Y123.394 E15.97793 ; perimeter
G1 Z48.393 X242.755 Y127.789 E27.09498 ; perimeter
G1 Z48.406 X245.396 Y130.572 E15.97833 ; perimeter
G1 Z48.418 X247.907 Y133.513 E16.10514 ; perimeter
G1 Z48.431 X250.261 Y136.581 E16.10487 ; perimeter
G1 Z48.443 X252.431 Y139.738 E15.95432 ; perimeter
G1 Z48.466 X255.929 Y145.724 E28.87588 ; perimeter
G1 Z48.489 X258.992 Y152.339 E30.35738 ; perimeter
G1 Z48.510 X261.150 Y158.432 E26.91973 ; perimeter
G1 Z48.522 X262.175 Y162.129 E15.97750 ; perimeter
G1 Z48.535 X263.005 Y165.875 E15.97912 ; perimeter
G1 Z48.556 X263.967 Y172.309 E27.09319 ; perimeter
G1 Z48.568 X264.268 Y176.134 E15.97902 ; perimeter
G1 Z48.581 X264.368 Y179.969 E15.97676 ; perimeter
G1 Z48.602 X264.071 Y186.468 E27.09575 ; perimeter
G1 Z48.614 X263.595 Y190.273 E15.96923 ; perimeter
G1 Z48.626 X263.015 Y194.065 E15.97424 ; perimeter
G1 Z48.648 X261.499 Y200.390 E27.08875 ; perimeter
G1 Z48.660 X260.345 Y204.050 E15.98226 ; perimeter
G1 Z48.672 X258.990 Y207.672 E16.10534 ; perimeter
G1 Z48.685 X257.448 Y211.219 E16.10742 ; perimeter
G1 Z48.697 X255.723 Y214.680 E16.10499 ; perimeter
G1 Z48.710 X253.818 Y218.046 E16.10748 ; perimeter
G1 Z48.722 X251.740 Y221.307 E16.10387 ; perimeter
G1 Z48.735 X249.495 Y224.456 E16.10605 ; perimeter
G1 Z48.747 X247.106 Y227.458 E15.97798 ; perimeter
G1 Z48.768 X242.732 Y232.232 E26.96522 ; perimeter
G1 Z48.789 X237.958 Y236.606 E26.96522 ; perimeter
G1 Z48.802 X234.956 Y238.995 E15.97798 ; perimeter
G1 Z48.814 X231.807 Y241.240 E16.10605 ; perimeter
G1 Z48.827 X228.546 Y243.318 E16.10388 ; perimeter
G1 Z48.839 X225.180 Y245.223 E16.10756 ; perimeter
G1 Z48.852 X221.718 Y246.948 E16.10869 ; perimeter
G1 Z48.864 X218.200 Y248.478 E15.97682 ; perimeter
G1 Z48.885 X212.068 Y250.650 E27.09229 ; perimeter
G1 Z48.897 X208.371 Y251.675 E15.97748 ; perimeter
G1 Z48.910 X204.625 Y252.505 E15.97913 ; perimeter
G1 Z48.931 X198.191 Y253.467 E27.09319 ; perimeter
G1 Z48.943 X194.366 Y253.768 E15.97902 ; perimeter
G1 Z48.956 X190.500 Y253.868 E16.10571 ; perimeter
G1 Z48.968 X186.635 Y253.738 E16.10397 ; perimeter
G1 Z48.981 X182.811 Y253.453 E15.97156 ; perimeter
G1 Z49.002 X176.375 Y252.505 E27.09286 ; perimeter
G1 Z49.014 X172.629 Y251.675 E15.97907 ; perimeter
G1 Z49.027 X168.932 Y250.650 E15.97752 ; perimeter
G1 Z49.047 X162.829 Y248.488 E26.96454 ; perimeter
G1 Z49.068 X156.937 Y245.803 E26.96584 ; perimeter
G1 Z49.081 X153.565 Y243.973 E15.97796 ; perimeter
G1 Z49.093 X150.268 Y241.952 E16.10520 ; perimeter
G1 Z49.106 X147.081 Y239.762 E16.10435 ; perimeter
G1 Z49.118 X144.013 Y237.407 E16.10731 ; perimeter
G1 Z49.131 X141.072 Y234.896 E16.10522 ; perimeter
G1 Z49.143 X138.267 Y232.233 E16.10786 ; perimeter
G1 Z49.156 X135.604 Y229.428 E16.10786 ; perimeter
G1 Z49.168 X133.093 Y226.487 E16.10518 ; perimeter
G1 Z49.181 X130.738 Y223.419 E16.10735 ; perimeter
G1 Z49.193 X128.548 Y220.232 E16.10435 ; perimeter
G1 Z49.206 X126.527 Y216.935 E16.10520 ; perimeter
G1 Z49.218 X124.697 Y213.563 E15.97789 ; perimeter
G1 Z49.239 X122.012 Y207.671 E26.96592 ; perimeter
G1 Z49.260 X119.850 Y201.568 E26.96454 ; perimeter
G1 Z49.272 X118.825 Y197.871 E15.97749 ; perimeter
G1 Z49.285 X117.996 Y194.131 E15.95384 ; perimeter
G1 Z49.307 X116.996 Y187.270 E28.87593 ; perimeter
G1 Z49.331 X116.632 Y179.959 E30.48495 ; perimeter
G1 Z49.343 X116.741 Y176.134 E15.93456 ; perimeter
G1 Z49.356 X117.037 Y172.310 E15.97688 ; perimeter
G1 Z49.377 X117.995 Y165.875 E27.09311 ; perimeter
G1 Z49.389 X118.825 Y162.129 E15.97908 ; perimeter
G1 Z49.402 X119.850 Y158.432 E15.97750 ; perimeter
G1 Z49.422 X122.010 Y152.335 E26.93819 ; perimeter
G1 Z49.445 X124.894 Y146.063 E28.74975 ; perimeter
G1 Z49.468 X128.571 Y139.734 E30.48357 ; perimeter
G1 Z49.481 X130.738 Y136.581 E15.93340 ; perimeter
G1 Z49.493 X133.093 Y133.513 E16.10735 ; perimeter
G1 Z49.500 X134.447 Y131.927 E8.68477 ; perimeter
;LAYER_CHANGE
;Z:51
;HEIGHT:1.5
G1 Z49.500 F960 ; simple layer change
G1 F2400
G1 Z49.506 X135.604 Y130.572 E7.42040 ; perimeter
G1 Z49.518 X138.267 Y127.767 E16.10786 ; perimeter
G1 Z49.531 X141.072 Y125.104 E16.10786 ; perimeter
G1 Z49.543 X144.013 Y122.593 E16.10518 ; perimeter
G1 Z49.556 X147.081 Y120.239 E16.10722 ; perimeter
G1 Z49.568 X150.238 Y118.069 E15.95181 ; perimeter
G1 Z49.591 X156.237 Y114.564 E28.93543 ; perimeter
G1 Z49.614 X162.839 Y111.508 E30.29780 ; perimeter
G1 Z49.635 X168.932 Y109.350 E26.91979 ; perimeter
G1 Z49.647 X172.629 Y108.325 E15.97744 ; perimeter
G1 Z49.660 X176.405 Y107.488 E16.10742 ; perimeter
G1 Z49.672 X180.219 Y106.850 E16.10466 ; perimeter
G1 Z49.685 X184.025 Y106.416 E15.95336 ; perimeter
G1 Z49.707 X190.968 Y106.139 E28.93800 ; perimeter
G1 Z49.731 X198.262 Y106.541 E30.42329 ; perimeter
G1 Z49.743 X202.056 Y107.040 E15.93674 ; perimeter
G1 Z49.756 X205.858 Y107.745 E16.10390 ; perimeter
G1 Z49.768 X209.619 Y108.648 E16.10838 ; perimeter
G1 Z49.781 X213.298 Y109.737 E15.97881 ; perimeter
G1 Z49.802 X219.391 Y112.016 E27.09225 ; perimeter
G1 Z49.814 X222.882 Y113.607 E15.97746 ; perimeter
G1 Z49.826 X226.285 Y115.378 E15.97660 ; perimeter
G1 Z49.848 X231.832 Y118.777 E27.09338 ; perimeter
G1 Z49.860 X234.956 Y121.005 E15.98008 ; perimeter
G1 Z49.872 X237.958 Y123.394 E15.97800 ; perimeter
G1 Z49.893 X242.755 Y127.789 E27.09491 ; perimeter
G1 Z49.906 X245.396 Y130.572 E15.97840 ; perimeter
G1 Z49.918 X247.907 Y133.513 E16.10514 ; perimeter
G1 Z49.931 X250.262 Y136.581 E16.10726 ; perimeter
G1 Z49.943 X252.450 Y139.769 E16.10370 ; perimeter
G1 Z49.956 X254.423 Y143.095 E16.10202 ; perimeter
G1 Z49.968 X256.279 Y146.448 E15.96365 ; perimeter
G1 Z49.989 X258.988 Y152.329 E26.96544 ; perimeter
G1 Z50.010 X261.150 Y158.432 E26.96435 ; perimeter
G1 Z50.022 X262.175 Y162.129 E15.97750 ; perimeter
G1 Z50.035 X263.005 Y165.875 E15.97912 ; perimeter
G1 Z50.056 X263.967 Y172.309 E27.09319 ; perimeter
G1 Z50.068 X264.268 Y176.134 E15.97902 ; perimeter
G1 Z50.081 X264.368 Y180.000 E16.10560 ; perimeter
G1 Z50.093 X264.226 Y183.864 E16.10401 ; perimeter
G1 Z50.106 X263.954 Y187.690 E15.97140 ; perimeter
G1 Z50.127 X263.010 Y194.095 E26.96473 ; perimeter
G1 Z50.148 X261.499 Y200.390 E26.96110 ; perimeter
G1 Z50.160 X260.345 Y204.050 E15.98226 ; perimeter
G1 Z50.172 X258.990 Y207.672 E16.10540 ; perimeter
G1 Z50.185 X257.448 Y211.219 E16.10753 ; perimeter
G1 Z50.197 X255.723 Y214.680 E16.10496 ; perimeter
G1 Z50.210 X253.818 Y218.046 E16.10750 ; perimeter
G1 Z50.222 X251.740 Y221.307 E16.10385 ; perimeter
G1 Z50.235 X249.495 Y224.456 E16.10609 ; perimeter
G1 Z50.247 X247.106 Y227.458 E15.97799 ; perimeter
G1 Z50.268 X242.732 Y232.232 E26.96522 ; perimeter
G1 Z50.289 X237.958 Y236.606 E26.96522 ; perimeter
G1 Z50.302 X234.956 Y238.995 E15.97798 ; perimeter
G1 Z50.314 X231.807 Y241.240 E16.10605 ; perimeter
G1 Z50.327 X228.546 Y243.318 E16.10388 ; perimeter
G1 Z50.339 X225.180 Y245.223 E16.10753 ; perimeter
G1 Z50.352 X221.718 Y246.948 E16.10866 ; perimeter
G1 Z50.364 X218.200 Y248.478 E15.97684 ; perimeter
G1 Z50.385 X212.068 Y250.650 E27.09229 ; perimeter
G1 Z50.397 X208.371 Y251.675 E15.97752 ; perimeter
G1 Z50.410 X204.625 Y252.505 E15.97911 ; perimeter
G1 Z50.431 X198.191 Y253.467 E27.09320 ; perimeter
G1 Z50.443 X194.366 Y253.768 E15.97901 ; perimeter
G1 Z50.456 X190.500 Y253.869 E16.10601 ; perimeter
G1 Z50.468 X186.634 Y253.768 E16.10601 ; perimeter
G1 Z50.481 X182.809 Y253.467 E15.97902 ; perimeter
G1 Z50.502 X176.375 Y252.505 E27.09318 ; perimeter
G1 Z50.514 X172.629 Y251.675 E15.97912 ; perimeter
G1 Z50.527 X168.932 Y250.650 E15.97750 ; perimeter
G1 Z50.547 X162.829 Y248.488 E26.96454 ; perimeter
G1 Z50.568 X156.937 Y245.803 E26.96584 ; perimeter
G1 Z50.581 X153.565 Y243.973 E15.97796 ; perimeter
G1 Z50.593 X150.268 Y241.952 E16.10520 ; perimeter
G1 Z50.606 X147.081 Y239.762 E16.10435 ; perimeter
G1 Z50.618 X144.013 Y237.407 E16.10735 ; perimeter
G1 Z50.631 X141.072 Y234.896 E16.10518 ; perimeter
G1 Z50.643 X138.267 Y232.233 E16.10786 ; perimeter
G1 Z50.656 X135.604 Y229.428 E16.10786 ; perimeter
G1 Z50.668 X133.093 Y226.487 E16.10518 ; perimeter
G1 Z50.681 X130.738 Y223.419 E16.10735 ; perimeter
G1 Z50.693 X128.548 Y220.232 E16.10435 ; perimeter
G1 Z50.706 X126.527 Y216.935 E16.10520 ; perimeter
G1 Z50.718 X124.697 Y213.563 E15.97796 ; perimeter
G1 Z50.739 X122.012 Y207.671 E26.96584 ; perimeter
G1 Z50.760 X119.850 Y201.568 E26.96453 ; perimeter
G1 Z50.772 X118.825 Y197.871 E15.97751 ; perimeter
G1 Z50.785 X117.996 Y194.131 E15.95382 ; perimeter
G1 Z50.807 X116.993 Y187.255 E28.93913 ; perimeter
G1 Z50.831 X116.632 Y179.959 E30.42239 ; perimeter
G1 Z50.843 X116.732 Y176.134 E15.93521 ; perimeter
G1 Z50.856 X117.033 Y172.309 E15.97902 ; perimeter
G1 Z50.877 X117.995 Y165.875 E27.09319 ; perimeter
G1 Z50.889 X118.825 Y162.129 E15.97912 ; perimeter
G1 Z50.902 X119.850 Y158.432 E15.97750 ; perimeter
G1 Z50.922 X122.009 Y152.335 E26.93682 ; perimeter
G1 Z50.945 X124.901 Y146.050 E28.81287 ; perimeter
G1 Z50.968 X128.571 Y139.734 E30.42206 ; perimeter
G1 Z50.981 X130.738 Y136.581 E15.93340 ; perimeter
G1 Z50.993 X133.093 Y133.513 E16.10735 ; perimeter
G1 Z51.000 X134.447 Y131.927 E8.68477 ; perimeter
;LAYER_CHANGE
;Z:52.5
;HEIGHT:1.5
G1 Z51.000 F960 ; simple layer change
G1 F2400
G1 Z51.006 X135.604 Y130.572 E7.42040 ; perimeter
G1 Z51.018 X138.267 Y127.767 E16.10788 ; perimeter
G1 Z51.031 X141.072 Y125.104 E16.10784 ; perimeter
G1 Z51.043 X144.013 Y122.593 E16.10516 ; perimeter
G1 Z51.056 X147.081 Y120.238 E16.10740 ; perimeter
G1 Z51.068 X150.237 Y118.069 E15.94835 ; perimeter
G1 Z51.091 X156.250 Y114.558 E29.00008 ; perimeter
G1 Z51.114 X162.838 Y111.508 E30.23263 ; perimeter
G1 Z51.135 X168.932 Y109.350 E26.92349 ; perimeter
G1 Z51.147 X172.629 Y108.325 E15.97738 ; perimeter
G1 Z51.160 X176.405 Y107.488 E16.10747 ; perimeter
G1 Z51.172 X180.219 Y106.850 E16.10466 ; perimeter
G1 Z51.185 X184.025 Y106.416 E15.95330 ; perimeter
G1 Z51.207 X190.983 Y106.139 E29.00054 ; perimeter
G1 Z51.231 X198.262 Y106.541 E30.36084 ; perimeter
G1 Z51.243 X202.056 Y107.040 E15.93674 ; perimeter
G1 Z51.256 X205.858 Y107.745 E16.10390 ; perimeter
G1 Z51.268 X209.619 Y108.648 E16.10838 ; perimeter
G1 Z51.281 X213.298 Y109.737 E15.97893 ; perimeter
G1 Z51.302 X219.391 Y112.016 E27.09207 ; perimeter
G1 Z51.314 X222.882 Y113.607 E15.97745 ; perimeter
G1 Z51.326 X226.285 Y115.378 E15.97666 ; perimeter
G1 Z51.348 X231.832 Y118.777 E27.09338 ; perimeter
G1 Z51.360 X234.956 Y121.005 E15.98017 ; perimeter
G1 Z51.372 X237.958 Y123.394 E15.97798 ; perimeter
G1 Z51.393 X242.755 Y127.789 E27.09493 ; perimeter
G1 Z51.406 X245.396 Y130.572 E15.97833 ; perimeter
G1 Z51.418 X247.907 Y133.513 E16.10514 ; perimeter
G1 Z51.431 X250.262 Y136.581 E16.10739 ; perimeter
G1 Z51.443 X252.452 Y139.768 E16.10435 ; perimeter
G1 Z51.456 X254.473 Y143.065 E16.10523 ; perimeter
G1 Z51.468 X256.303 Y146.437 E15.97793 ; perimeter
G1 Z51.489 X258.988 Y152.329 E26.96584 ; perimeter
G1 Z51.510 X261.150 Y158.432 E26.96454 ; perimeter
G1 Z51.522 X262.175 Y162.129 E15.97750 ; perimeter
G1 Z51.535 X263.005 Y165.875 E15.97912 ; perimeter
G1 Z51.556 X263.967 Y172.309 E27.09319 ; perimeter
G1 Z51.568 X264.268 Y176.134 E15.97902 ; perimeter
G1 Z51.581 X264.369 Y180.000 E16.10601 ; perimeter
G1 Z51.593 X264.268 Y183.866 E16.10601 ; perimeter
G1 Z51.606 X263.967 Y187.691 E15.97902 ; perimeter
G1 Z51.627 X263.010 Y194.095 E26.96654 ; perimeter
G1 Z51.648 X261.499 Y200.390 E26.96104 ; perimeter
G1 Z51.660 X260.345 Y204.050 E15.98238 ; perimeter
G1 Z51.672 X258.990 Y207.672 E16.10534 ; perimeter
G1 Z51.685 X257.448 Y211.218 E16.10370 ; perimeter
G1 Z51.697 X255.723 Y214.680 E16.10874 ; perimeter
G1 Z51.710 X253.818 Y218.046 E16.10750 ; perimeter
G1 Z51.722 X251.740 Y221.307 E16.10385 ; perimeter
G1 Z51.735 X249.495 Y224.456 E16.10609 ; perimeter
G1 Z51.747 X247.106 Y227.458 E15.97799 ; perimeter
G1 Z51.768 X242.732 Y232.232 E26.96522 ; perimeter
G1 Z51.789 X237.958 Y236.606 E26.96522 ; perimeter
G1 Z51.802 X234.956 Y238.995 E15.97798 ; perimeter
G1 Z51.814 X231.807 Y241.240 E16.10605 ; perimeter
G1 Z51.827 X228.546 Y243.318 E16.10388 ; perimeter
G1 Z51.839 X225.180 Y245.223 E16.10756 ; perimeter
G1 Z51.852 X221.719 Y246.948 E16.10490 ; perimeter
G1 Z51.864 X218.200 Y248.478 E15.98061 ; perimeter
G1 Z51.885 X212.068 Y250.650 E27.09229 ; perimeter
G1 Z51.897 X208.371 Y251.675 E15.97752 ; perimeter
G1 Z51.910 X204.625 Y252.505 E15.97911 ; perimeter
G1 Z51.931 X198.191 Y253.467 E27.09320 ; perimeter
G1 Z51.943 X194.366 Y253.768 E15.97901 ; perimeter
G1 Z51.956 X190.500 Y253.869 E16.10601 ; perimeter
G1 Z51.968 X186.634 Y253.768 E16.10601 ; perimeter
G1 Z51.981 X182.809 Y253.467 E15.97902 ; perimeter
G1 Z52.002 X176.375 Y252.505 E27.09318 ; perimeter
G1 Z52.014 X172.629 Y251.675 E15.97912 ; perimeter
G1 Z52.027 X168.932 Y250.650 E15.97750 ; perimeter
G1 Z52.047 X162.829 Y248.488 E26.96454 ; perimeter
G1 Z52.068 X156.937 Y245.803 E26.96584 ; perimeter
G1 Z52.081 X153.565 Y243.973 E15.97796 ; perimeter
G1 Z52.093 X150.268 Y241.952 E16.10520 ; perimeter
G1 Z52.106 X147.081 Y239.762 E16.10435 ; perimeter
G1 Z52.118 X144.013 Y237.407 E16.10735 ; perimeter
G1 Z52.131 X141.072 Y234.896 E16.10518 ; perimeter
G1 Z52.143 X138.267 Y232.233 E16.10786 ; perimeter
G1 Z52.156 X135.604 Y229.428 E16.10786 ; perimeter
G1 Z52.168 X133.093 Y226.487 E16.10518 ; perimeter
G1 Z52.181 X130.738 Y223.419 E16.10735 ; perimeter
G1 Z52.193 X128.548 Y220.232 E16.10435 ; perimeter
G1 Z52.206 X126.527 Y216.935 E16.10520 ; perimeter
G1 Z52.218 X124.697 Y213.563 E15.97796 ; perimeter
G1 Z52.239 X122.012 Y207.671 E26.96584 ; perimeter
G1 Z52.260 X119.850 Y201.568 E26.96453 ; perimeter
G1 Z52.272 X118.825 Y197.871 E15.97751 ; perimeter
G1 Z52.285 X117.996 Y194.131 E15.95382 ; perimeter
G1 Z52.307 X116.992 Y187.241 E28.99742 ; perimeter
G1 Z52.331 X116.632 Y179.959 E30.36399 ; perimeter
G1 Z52.343 X116.732 Y176.134 E15.93521 ; perimeter
G1 Z52.356 X117.033 Y172.309 E15.97902 ; perimeter
G1 Z52.377 X117.995 Y165.875 E27.09319 ; perimeter
G1 Z52.389 X118.825 Y162.129 E15.97912 ; perimeter
G1 Z52.402 X119.850 Y158.432 E15.97751 ; perimeter
G1 Z52.422 X122.009 Y152.335 E26.93681 ; perimeter
G1 Z52.445 X124.907 Y146.037 E28.87246 ; perimeter
G1 Z52.468 X128.571 Y139.734 E30.36273 ; perimeter
G1 Z52.481 X130.738 Y136.581 E15.93340 ; perimeter
G1 Z52.493 X133.093 Y133.513 E16.10735 ; perimeter
G1 Z52.500 X134.447 Y131.927 E8.68477 ; perimeter
;LAYER_CHANGE
;Z:54
;HEIGHT:1.5
G1 Z52.500 F960 ; simple layer change
G1 F2400
G1 Z52.506 X135.604 Y130.572 E7.42040 ; perimeter
G1 Z52.518 X138.267 Y127.767 E16.10786 ; perimeter
G1 Z52.531 X141.072 Y125.104 E16.10786 ; perimeter
G1 Z52.543 X143.984 Y122.617 E15.94842 ; perimeter
G1 Z52.566 X149.615 Y118.496 E29.05852 ; perimeter
G1 Z52.589 X155.868 Y114.778 E30.29924 ; perimeter
G1 Z52.602 X159.317 Y113.130 E15.91920 ; perimeter
G1 Z52.614 X162.801 Y111.525 E15.97637 ; perimeter
G1 Z52.635 X168.932 Y109.350 E27.09112 ; perimeter
G1 Z52.647 X172.629 Y108.325 E15.97751 ; perimeter
G1 Z52.660 X176.405 Y107.488 E16.10740 ; perimeter
G1 Z52.672 X180.219 Y106.850 E16.10460 ; perimeter
G1 Z52.685 X184.025 Y106.416 E15.95342 ; perimeter
G1 Z52.707 X190.997 Y106.139 E29.05868 ; perimeter
G1 Z52.731 X198.262 Y106.541 E30.30270 ; perimeter
G1 Z52.743 X202.056 Y107.040 E15.93674 ; perimeter
G1 Z52.756 X205.858 Y107.745 E16.10390 ; perimeter
G1 Z52.768 X209.619 Y108.648 E16.10831 ; perimeter
G1 Z52.781 X213.298 Y109.737 E15.97893 ; perimeter
G1 Z52.802 X219.391 Y112.016 E27.09220 ; perimeter
G1 Z52.814 X222.882 Y113.607 E15.97740 ; perimeter
G1 Z52.826 X226.285 Y115.378 E15.97664 ; perimeter
G1 Z52.848 X231.832 Y118.777 E27.09336 ; perimeter
G1 Z52.860 X234.956 Y121.005 E15.98019 ; perimeter
G1 Z52.872 X237.958 Y123.394 E15.97798 ; perimeter
G1 Z52.893 X242.755 Y127.789 E27.09488 ; perimeter
G1 Z52.906 X245.396 Y130.572 E15.97835 ; perimeter
G1 Z52.918 X247.907 Y133.513 E16.10514 ; perimeter
G1 Z52.931 X250.261 Y136.581 E16.10487 ; perimeter
G1 Z52.943 X252.452 Y139.768 E16.10682 ; perimeter
G1 Z52.956 X254.473 Y143.065 E16.10520 ; perimeter
G1 Z52.968 X256.303 Y146.437 E15.97796 ; perimeter
G1 Z52.989 X258.988 Y152.329 E26.96584 ; perimeter
G1 Z53.010 X261.150 Y158.432 E26.96458 ; perimeter
G1 Z53.022 X262.175 Y162.129 E15.97747 ; perimeter
G1 Z53.035 X263.005 Y165.875 E15.97912 ; perimeter
G1 Z53.056 X263.967 Y172.309 E27.09319 ; perimeter
G1 Z53.068 X264.268 Y176.134 E15.97902 ; perimeter
G1 Z53.081 X264.368 Y179.963 E15.95186 ; perimeter
G1 Z53.103 X264.031 Y186.932 E29.05921 ; perimeter
G1 Z53.127 X263.008 Y194.104 E30.16937 ; perimeter
G1 Z53.148 X261.499 Y200.390 E26.92269 ; perimeter
G1 Z53.160 X260.345 Y204.050 E15.98226 ; perimeter
G1 Z53.172 X258.990 Y207.672 E16.10540 ; perimeter
G1 Z53.185 X257.448 Y211.219 E16.10742 ; perimeter
G1 Z53.197 X255.723 Y214.680 E16.10502 ; perimeter
G1 Z53.210 X253.818 Y218.046 E16.10750 ; perimeter
G1 Z53.222 X251.740 Y221.307 E16.10391 ; perimeter
G1 Z53.235 X249.495 Y224.456 E16.10601 ; perimeter
G1 Z53.247 X247.106 Y227.458 E15.97797 ; perimeter
G1 Z53.268 X242.732 Y232.232 E26.96523 ; perimeter
G1 Z53.289 X237.958 Y236.606 E26.96522 ; perimeter
G1 Z53.302 X234.956 Y238.995 E15.97798 ; perimeter
G1 Z53.314 X231.807 Y241.240 E16.10601 ; perimeter
G1 Z53.327 X228.546 Y243.318 E16.10391 ; perimeter
G1 Z53.339 X225.180 Y245.223 E16.10753 ; perimeter
G1 Z53.352 X221.719 Y246.948 E16.10493 ; perimeter
G1 Z53.364 X218.200 Y248.478 E15.98066 ; perimeter
G1 Z53.385 X212.068 Y250.650 E27.09229 ; perimeter
G1 Z53.397 X208.371 Y251.675 E15.97750 ; perimeter
G1 Z53.410 X204.625 Y252.505 E15.97912 ; perimeter
G1 Z53.431 X198.191 Y253.467 E27.09318 ; perimeter
G1 Z53.443 X194.366 Y253.768 E15.97902 ; perimeter
G1 Z53.456 X190.500 Y253.869 E16.10601 ; perimeter
G1 Z53.468 X186.634 Y253.768 E16.10601 ; perimeter
G1 Z53.481 X182.809 Y253.467 E15.97902 ; perimeter
G1 Z53.502 X176.375 Y252.505 E27.09319 ; perimeter
G1 Z53.514 X172.629 Y251.675 E15.97913 ; perimeter
G1 Z53.527 X168.932 Y250.650 E15.97748 ; perimeter
G1 Z53.547 X162.829 Y248.488 E26.96454 ; perimeter
G1 Z53.568 X156.937 Y245.803 E26.96581 ; perimeter
G1 Z53.581 X153.565 Y243.973 E15.97799 ; perimeter
G1 Z53.593 X150.268 Y241.952 E16.10520 ; perimeter
G1 Z53.606 X147.081 Y239.762 E16.10435 ; perimeter
G1 Z53.618 X144.013 Y237.407 E16.10739 ; perimeter
G1 Z53.631 X141.072 Y234.896 E16.10514 ; perimeter
G1 Z53.643 X138.267 Y232.233 E16.10786 ; perimeter
G1 Z53.656 X135.604 Y229.428 E16.10786 ; perimeter
G1 Z53.668 X133.093 Y226.487 E16.10518 ; perimeter
G1 Z53.681 X130.738 Y223.419 E16.10735 ; perimeter
G1 Z53.693 X128.548 Y220.232 E16.10435 ; perimeter
G1 Z53.706 X126.527 Y216.935 E16.10520 ; perimeter
G1 Z53.718 X124.697 Y213.563 E15.97796 ; perimeter
G1 Z53.739 X122.012 Y207.671 E26.96590 ; perimeter
G1 Z53.760 X119.850 Y201.568 E26.96449 ; perimeter
G1 Z53.772 X118.825 Y197.871 E15.97749 ; perimeter
G1 Z53.785 X117.996 Y194.131 E15.95382 ; perimeter
G1 Z53.807 X116.991 Y187.226 E29.05985 ; perimeter
G1 Z53.831 X116.634 Y179.997 E30.14292 ; perimeter
G1 Z53.853 X116.963 Y173.067 E28.89320 ; perimeter
G1 Z53.877 X117.997 Y165.865 E30.30159 ; perimeter
G1 Z53.889 X118.825 Y162.129 E15.93665 ; perimeter
G1 Z53.902 X119.850 Y158.432 E15.97750 ; perimeter
G1 Z53.922 X122.009 Y152.335 E26.93682 ; perimeter
G1 Z53.945 X124.914 Y146.025 E28.93009 ; perimeter
G1 Z53.968 X128.571 Y139.734 E30.30487 ; perimeter
G1 Z53.981 X130.738 Y136.581 E15.93340 ; perimeter
G1 Z53.993 X133.093 Y133.513 E16.10735 ; perimeter
G1 Z54.000 X134.447 Y131.927 E8.68477 ; perimeter
;LAYER_CHANGE
;Z:55.5
;HEIGHT:1.5
G1 Z54.000 F960 ; simple layer change
G1 F2400
G1 Z54.006 X135.604 Y130.572 E7.42040 ; perimeter
G1 Z54.018 X138.267 Y127.767 E16.10786 ; perimeter
G1 Z54.031 X141.072 Y125.104 E16.10784 ; perimeter
G1 Z54.043 X143.984 Y122.617 E15.94847 ; perimeter
G1 Z54.066 X149.621 Y118.481 E29.11967 ; perimeter
G1 Z54.089 X155.857 Y114.759 E30.24274 ; perimeter
G1 Z54.102 X159.281 Y113.052 E15.93358 ; perimeter
G1 Z54.114 X162.800 Y111.522 E15.98066 ; perimeter
G1 Z54.135 X168.932 Y109.350 E27.09229 ; perimeter
G1 Z54.147 X172.629 Y108.325 E15.97749 ; perimeter
G1 Z54.160 X176.405 Y107.488 E16.10742 ; perimeter
G1 Z54.172 X180.219 Y106.850 E16.10465 ; perimeter
G1 Z54.185 X184.025 Y106.416 E15.95336 ; perimeter
G1 Z54.207 X191.011 Y106.139 E29.11700 ; perimeter
G1 Z54.231 X198.261 Y106.541 E30.24018 ; perimeter
G1 Z54.243 X202.056 Y107.040 E15.94097 ; perimeter
G1 Z54.256 X205.858 Y107.745 E16.10390 ; perimeter
G1 Z54.268 X209.619 Y108.648 E16.10836 ; perimeter
G1 Z54.281 X213.298 Y109.737 E15.97887 ; perimeter
G1 Z54.302 X219.391 Y112.016 E27.09206 ; perimeter
G1 Z54.314 X222.882 Y113.607 E15.97747 ; perimeter
G1 Z54.326 X226.285 Y115.378 E15.97670 ; perimeter
G1 Z54.348 X231.832 Y118.777 E27.09338 ; perimeter
G1 Z54.360 X234.956 Y121.005 E15.98017 ; perimeter
G1 Z54.372 X237.958 Y123.394 E15.97803 ; perimeter
G1 Z54.393 X242.755 Y127.789 E27.09495 ; perimeter
G1 Z54.406 X245.396 Y130.572 E15.97826 ; perimeter
G1 Z54.418 X247.907 Y133.513 E16.10514 ; perimeter
G1 Z54.431 X250.261 Y136.581 E16.10490 ; perimeter
G1 Z54.443 X252.431 Y139.737 E15.95074 ; perimeter
G1 Z54.466 X255.949 Y145.779 E29.11668 ; perimeter
G1 Z54.489 X258.992 Y152.338 E30.11322 ; perimeter
G1 Z54.510 X261.150 Y158.432 E26.92367 ; perimeter
G1 Z54.522 X262.175 Y162.129 E15.97750 ; perimeter
G1 Z54.535 X263.005 Y165.875 E15.97912 ; perimeter
G1 Z54.556 X263.967 Y172.309 E27.09321 ; perimeter
G1 Z54.568 X264.268 Y176.134 E15.97901 ; perimeter
G1 Z54.581 X264.368 Y179.963 E15.95192 ; perimeter
G1 Z54.603 X264.036 Y186.947 E29.11867 ; perimeter
G1 Z54.627 X263.008 Y194.104 E30.11225 ; perimeter
G1 Z54.648 X261.499 Y200.390 E26.92271 ; perimeter
G1 Z54.660 X260.345 Y204.050 E15.98232 ; perimeter
G1 Z54.672 X258.990 Y207.672 E16.10534 ; perimeter
G1 Z54.685 X257.448 Y211.218 E16.10370 ; perimeter
G1 Z54.697 X255.723 Y214.680 E16.10874 ; perimeter
G1 Z54.710 X253.818 Y218.046 E16.10750 ; perimeter
G1 Z54.722 X251.740 Y221.307 E16.10388 ; perimeter
G1 Z54.735 X249.495 Y224.456 E16.10605 ; perimeter
G1 Z54.747 X247.106 Y227.458 E15.97799 ; perimeter
G1 Z54.768 X242.732 Y232.232 E26.96522 ; perimeter
G1 Z54.789 X237.958 Y236.606 E26.96522 ; perimeter
G1 Z54.802 X234.956 Y238.995 E15.97798 ; perimeter
G1 Z54.814 X231.807 Y241.240 E16.10605 ; perimeter
G1 Z54.827 X228.546 Y243.318 E16.10388 ; perimeter
G1 Z54.839 X225.180 Y245.223 E16.10750 ; perimeter
G1 Z54.852 X221.718 Y246.948 E16.10869 ; perimeter
G1 Z54.864 X218.200 Y248.478 E15.97688 ; perimeter
G1 Z54.885 X212.068 Y250.650 E27.09229 ; perimeter
G1 Z54.897 X208.371 Y251.675 E15.97752 ; perimeter
G1 Z54.910 X204.625 Y252.505 E15.97911 ; perimeter
G1 Z54.931 X198.191 Y253.467 E27.09319 ; perimeter
G1 Z54.943 X194.366 Y253.768 E15.97902 ; perimeter
G1 Z54.956 X190.537 Y253.868 E15.95186 ; perimeter
G1 Z54.978 X183.553 Y253.532 E29.11825 ; perimeter
G1 Z55.002 X176.366 Y252.503 E30.23796 ; perimeter
G1 Z55.014 X172.629 Y251.675 E15.94071 ; perimeter
G1 Z55.027 X168.932 Y250.650 E15.97752 ; perimeter
G1 Z55.047 X162.829 Y248.488 E26.96454 ; perimeter
G1 Z55.068 X156.937 Y245.803 E26.96587 ; perimeter
G1 Z55.081 X153.565 Y243.973 E15.97793 ; perimeter
G1 Z55.093 X150.268 Y241.952 E16.10520 ; perimeter
G1 Z55.106 X147.081 Y239.762 E16.10435 ; perimeter
G1 Z55.118 X144.013 Y237.407 E16.10731 ; perimeter
G1 Z55.131 X141.072 Y234.896 E16.10522 ; perimeter
G1 Z55.143 X138.267 Y232.233 E16.10786 ; perimeter
G1 Z55.156 X135.604 Y229.428 E16.10791 ; perimeter
G1 Z55.168 X133.093 Y226.487 E16.10513 ; perimeter
G1 Z55.181 X130.738 Y223.419 E16.10735 ; perimeter
G1 Z55.193 X128.548 Y220.232 E16.10435 ; perimeter
G1 Z55.206 X126.527 Y216.935 E16.10520 ; perimeter
G1 Z55.218 X124.697 Y213.563 E15.97796 ; perimeter
G1 Z55.239 X122.012 Y207.671 E26.96584 ; perimeter
G1 Z55.260 X119.850 Y201.568 E26.96453 ; perimeter
G1 Z55.272 X118.825 Y197.871 E15.97751 ; perimeter
G1 Z55.285 X117.996 Y194.131 E15.95382 ; perimeter
G1 Z55.307 X116.989 Y187.212 E29.11873 ; perimeter
G1 Z55.331 X116.634 Y179.997 E30.08424 ; perimeter
G1 Z55.353 X116.964 Y173.053 E28.95194 ; perimeter
G1 Z55.377 X117.997 Y165.866 E30.23890 ; perimeter
G1 Z55.389 X118.825 Y162.129 E15.94073 ; perimeter
G1 Z55.402 X119.850 Y158.432 E15.97750 ; perimeter
G1 Z55.422 X122.009 Y152.335 E26.93682 ; perimeter
G1 Z55.445 X124.921 Y146.012 E28.99149 ; perimeter
G1 Z55.468 X128.571 Y139.735 E30.23978 ; perimeter
G1 Z55.481 X130.738 Y136.581 E15.93683 ; perimeter
G1 Z55.493 X133.093 Y133.513 E16.10735 ; perimeter
G1 Z55.500 X134.447 Y131.927 E8.68477 ; perimeter
;LAYER_CHANGE
;Z:57
;HEIGHT:1.5
G1 Z55.500 F960 ; simple layer change
G1 F2400
G1 Z55.506 X135.604 Y130.572 E7.42044 ; perimeter
G1 Z55.518 X138.267 Y127.767 E16.10782 ; perimeter
G1 Z55.531 X141.072 Y125.104 E16.10788 ; perimeter
G1 Z55.543 X143.984 Y122.617 E15.94840 ; perimeter
G1 Z55.566 X149.633 Y118.473 E29.17965 ; perimeter
G1 Z55.589 X155.857 Y114.759 E30.18274 ; perimeter
G1 Z55.602 X159.281 Y113.052 E15.93364 ; perimeter
G1 Z55.614 X162.800 Y111.522 E15.98060 ; perimeter
G1 Z55.635 X168.932 Y109.350 E27.09235 ; perimeter
G1 Z55.647 X172.629 Y108.325 E15.97756 ; perimeter
G1 Z55.660 X176.405 Y107.488 E16.10734 ; perimeter
G1 Z55.672 X180.219 Y106.850 E16.10467 ; perimeter
G1 Z55.685 X184.025 Y106.416 E15.95336 ; perimeter
G1 Z55.707 X191.026 Y106.139 E29.17935 ; perimeter
G1 Z55.731 X198.261 Y106.541 E30.17794 ; perimeter
G1 Z55.743 X202.056 Y107.040 E15.94087 ; perimeter
G1 Z55.756 X205.858 Y107.745 E16.10390 ; perimeter
G1 Z55.768 X209.619 Y108.648 E16.10837 ; perimeter
G1 Z55.781 X213.298 Y109.737 E15.97887 ; perimeter
G1 Z55.802 X219.391 Y112.016 E27.09214 ; perimeter
G1 Z55.814 X222.882 Y113.607 E15.97745 ; perimeter
G1 Z55.826 X226.285 Y115.378 E15.97663 ; perimeter
G1 Z55.848 X231.832 Y118.777 E27.09332 ; perimeter
G1 Z55.860 X234.956 Y121.005 E15.98026 ; perimeter
G1 Z55.872 X237.958 Y123.394 E15.97798 ; perimeter
G1 Z55.893 X242.755 Y127.789 E27.09488 ; perimeter
G1 Z55.906 X245.396 Y130.572 E15.97835 ; perimeter
G1 Z55.918 X247.907 Y133.513 E16.10514 ; perimeter
G1 Z55.931 X250.262 Y136.581 E16.10721 ; perimeter
G1 Z55.943 X252.450 Y139.769 E16.10384 ; perimeter
G1 Z55.956 X254.422 Y143.095 E16.10184 ; perimeter
G1 Z55.968 X256.280 Y146.448 E15.96401 ; perimeter
G1 Z55.989 X258.988 Y152.329 E26.96548 ; perimeter
G1 Z56.010 X261.150 Y158.432 E26.96453 ; perimeter
G1 Z56.022 X262.175 Y162.129 E15.97750 ; perimeter
G1 Z56.035 X263.004 Y165.868 E15.94977 ; perimeter
G1 Z56.057 X264.008 Y172.802 E29.18002 ; perimeter
G1 Z56.081 X264.366 Y180.040 E30.17876 ; perimeter
G1 Z56.093 X264.216 Y183.864 E15.93622 ; perimeter
G1 Z56.106 X263.945 Y187.688 E15.96695 ; perimeter
G1 Z56.127 X263.010 Y194.095 E26.96616 ; perimeter
G1 Z56.148 X261.499 Y200.390 E26.96099 ; perimeter
G1 Z56.160 X260.345 Y204.050 E15.98226 ; perimeter
G1 Z56.172 X258.990 Y207.672 E16.10534 ; perimeter
G1 Z56.185 X257.448 Y211.219 E16.10748 ; perimeter
G1 Z56.197 X255.723 Y214.680 E16.10493 ; perimeter
G1 Z56.210 X253.818 Y218.046 E16.10753 ; perimeter
G1 Z56.222 X251.740 Y221.307 E16.10385 ; perimeter
G1 Z56.235 X249.495 Y224.456 E16.10609 ; perimeter
G1 Z56.247 X247.106 Y227.458 E15.97798 ; perimeter
G1 Z56.268 X242.732 Y232.232 E26.96522 ; perimeter
G1 Z56.289 X237.958 Y236.606 E26.96522 ; perimeter
G1 Z56.302 X234.956 Y238.995 E15.97798 ; perimeter
G1 Z56.314 X231.807 Y241.240 E16.10605 ; perimeter
G1 Z56.327 X228.546 Y243.318 E16.10388 ; perimeter
G1 Z56.339 X225.180 Y245.223 E16.10753 ; perimeter
G1 Z56.352 X221.719 Y246.948 E16.10493 ; perimeter
G1 Z56.364 X218.200 Y248.478 E15.98061 ; perimeter
G1 Z56.385 X212.068 Y250.650 E27.09229 ; perimeter
G1 Z56.397 X208.371 Y251.675 E15.97748 ; perimeter
G1 Z56.410 X204.625 Y252.505 E15.97913 ; perimeter
G1 Z56.431 X198.191 Y253.467 E27.09319 ; perimeter
G1 Z56.443 X194.366 Y253.768 E15.97902 ; perimeter
G1 Z56.456 X190.500 Y253.868 E16.10571 ; perimeter
G1 Z56.468 X186.635 Y253.738 E16.10388 ; perimeter
G1 Z56.481 X182.811 Y253.454 E15.97178 ; perimeter
G1 Z56.502 X176.375 Y252.505 E27.09294 ; perimeter
G1 Z56.514 X172.629 Y251.675 E15.97902 ; perimeter
G1 Z56.527 X168.932 Y250.650 E15.97752 ; perimeter
G1 Z56.547 X162.829 Y248.488 E26.96454 ; perimeter
G1 Z56.568 X156.937 Y245.803 E26.96584 ; perimeter
G1 Z56.581 X153.565 Y243.973 E15.97796 ; perimeter
G1 Z56.593 X150.268 Y241.952 E16.10520 ; perimeter
G1 Z56.606 X147.081 Y239.762 E16.10435 ; perimeter
G1 Z56.618 X144.013 Y237.407 E16.10735 ; perimeter
G1 Z56.631 X141.072 Y234.896 E16.10518 ; perimeter
G1 Z56.643 X138.267 Y232.233 E16.10786 ; perimeter
G1 Z56.656 X135.604 Y229.428 E16.10791 ; perimeter
G1 Z56.668 X133.093 Y226.487 E16.10513 ; perimeter
G1 Z56.681 X130.738 Y223.419 E16.10735 ; perimeter
G1 Z56.693 X128.548 Y220.232 E16.10435 ; perimeter
G1 Z56.706 X126.527 Y216.935 E16.10520 ; perimeter
G1 Z56.718 X124.697 Y213.563 E15.97794 ; perimeter
G1 Z56.739 X122.012 Y207.671 E26.96578 ; perimeter
G1 Z56.760 X119.850 Y201.568 E26.96461 ; perimeter
G1 Z56.772 X118.825 Y197.871 E15.97750 ; perimeter
G1 Z56.785 X117.996 Y194.132 E15.94973 ; perimeter
G1 Z56.807 X116.988 Y187.198 E29.18119 ; perimeter
G1 Z56.831 X116.632 Y179.960 E30.17993 ; perimeter
G1 Z56.843 X116.741 Y176.134 E15.93868 ; perimeter
G1 Z56.856 X117.037 Y172.310 E15.97691 ; perimeter
G1 Z56.877 X117.995 Y165.875 E27.09317 ; perimeter
G1 Z56.889 X118.825 Y162.129 E15.97907 ; perimeter
G1 Z56.902 X119.850 Y158.432 E15.97750 ; perimeter
G1 Z56.922 X122.009 Y152.335 E26.93682 ; perimeter
G1 Z56.945 X124.927 Y145.999 E29.05104 ; perimeter
G1 Z56.968 X128.571 Y139.735 E30.18047 ; perimeter
G1 Z56.981 X130.738 Y136.581 E15.93683 ; perimeter
G1 Z56.993 X133.093 Y133.513 E16.10735 ; perimeter
G1 Z57.000 X134.447 Y131.927 E8.68477 ; perimeter
;LAYER_CHANGE
;Z:58.5
;HEIGHT:1.5
G1 Z57.000 F960 ; simple layer change
G1 F2400
G1 Z57.006 X135.604 Y130.572 E7.42040 ; perimeter
G1 Z57.018 X138.267 Y127.767 E16.10788 ; perimeter
G1 Z57.031 X141.072 Y125.104 E16.10784 ; perimeter
G1 Z57.043 X143.984 Y122.617 E15.94845 ; perimeter
G1 Z57.066 X149.645 Y118.465 E29.23964 ; perimeter
G1 Z57.089 X155.856 Y114.759 E30.11922 ; perimeter
G1 Z57.102 X159.282 Y113.052 E15.94094 ; perimeter
G1 Z57.114 X162.800 Y111.522 E15.97679 ; perimeter
G1 Z57.135 X168.932 Y109.350 E27.09241 ; perimeter
G1 Z57.147 X172.629 Y108.325 E15.97744 ; perimeter
G1 Z57.160 X176.405 Y107.488 E16.10741 ; perimeter
G1 Z57.172 X180.219 Y106.850 E16.10466 ; perimeter
G1 Z57.185 X184.024 Y106.416 E15.94924 ; perimeter
G1 Z57.208 X191.040 Y106.139 E29.24180 ; perimeter
G1 Z57.231 X198.261 Y106.541 E30.11973 ; perimeter
G1 Z57.243 X202.056 Y107.040 E15.94081 ; perimeter
G1 Z57.256 X205.858 Y107.745 E16.10384 ; perimeter
G1 Z57.268 X209.619 Y108.648 E16.10836 ; perimeter
G1 Z57.281 X213.298 Y109.737 E15.97894 ; perimeter
G1 Z57.302 X219.391 Y112.016 E27.09214 ; perimeter
G1 Z57.314 X222.882 Y113.607 E15.97746 ; perimeter
G1 Z57.326 X226.285 Y115.378 E15.97663 ; perimeter
G1 Z57.348 X231.832 Y118.777 E27.09338 ; perimeter
G1 Z57.360 X234.956 Y121.005 E15.98022 ; perimeter
G1 Z57.372 X237.958 Y123.394 E15.97798 ; perimeter
G1 Z57.393 X242.755 Y127.789 E27.09488 ; perimeter
G1 Z57.406 X245.396 Y130.572 E15.97833 ; perimeter
G1 Z57.418 X247.907 Y133.513 E16.10518 ; perimeter
G1 Z57.431 X250.262 Y136.581 E16.10735 ; perimeter
G1 Z57.443 X252.452 Y139.768 E16.10435 ; perimeter
G1 Z57.456 X254.473 Y143.065 E16.10517 ; perimeter
G1 Z57.468 X256.303 Y146.437 E15.97799 ; perimeter
G1 Z57.489 X258.988 Y152.329 E26.96578 ; perimeter
G1 Z57.510 X261.150 Y158.432 E26.96460 ; perimeter
G1 Z57.522 X262.175 Y162.129 E15.97750 ; perimeter
G1 Z57.535 X263.005 Y165.875 E15.97912 ; perimeter
G1 Z57.556 X263.951 Y172.311 E27.09295 ; perimeter
G1 Z57.568 X264.211 Y176.137 E15.96842 ; perimeter
G1 Z57.581 X264.367 Y180.000 E16.10230 ; perimeter
G1 Z57.593 X264.268 Y183.866 E16.10550 ; perimeter
G1 Z57.606 X263.967 Y187.691 E15.97902 ; perimeter
G1 Z57.627 X263.010 Y194.095 E26.96654 ; perimeter
G1 Z57.648 X261.499 Y200.390 E26.96110 ; perimeter
G1 Z57.660 X260.345 Y204.050 E15.98226 ; perimeter
G1 Z57.672 X258.990 Y207.672 E16.10540 ; perimeter
G1 Z57.685 X257.448 Y211.219 E16.10753 ; perimeter
G1 Z57.697 X255.723 Y214.680 E16.10496 ; perimeter
G1 Z57.710 X253.818 Y218.046 E16.10750 ; perimeter
G1 Z57.722 X251.757 Y221.281 E15.97457 ; perimeter
G1 Z57.743 X247.879 Y226.504 E27.09409 ; perimeter
G1 Z57.756 X245.370 Y229.405 E15.96881 ; perimeter
G1 Z57.768 X242.754 Y232.210 E15.97650 ; perimeter
G1 Z57.789 X237.958 Y236.606 E27.09441 ; perimeter
G1 Z57.802 X234.956 Y238.995 E15.97798 ; perimeter
G1 Z57.814 X231.807 Y241.240 E16.10605 ; perimeter
G1 Z57.827 X228.546 Y243.318 E16.10388 ; perimeter
G1 Z57.839 X225.180 Y245.223 E16.10756 ; perimeter
G1 Z57.852 X221.719 Y246.948 E16.10490 ; perimeter
G1 Z57.864 X218.200 Y248.478 E15.98066 ; perimeter
G1 Z57.885 X212.068 Y250.650 E27.09229 ; perimeter
G1 Z57.897 X208.371 Y251.675 E15.97752 ; perimeter
G1 Z57.910 X204.625 Y252.505 E15.97911 ; perimeter
G1 Z57.931 X198.191 Y253.467 E27.09320 ; perimeter
G1 Z57.943 X194.366 Y253.768 E15.97901 ; perimeter
G1 Z57.956 X190.500 Y253.869 E16.10601 ; perimeter
G1 Z57.968 X186.634 Y253.768 E16.10601 ; perimeter
G1 Z57.981 X182.809 Y253.467 E15.97902 ; perimeter
G1 Z58.002 X176.375 Y252.505 E27.09318 ; perimeter
G1 Z58.014 X172.629 Y251.675 E15.97912 ; perimeter
G1 Z58.027 X168.932 Y250.650 E15.97750 ; perimeter
G1 Z58.047 X162.829 Y248.488 E26.96454 ; perimeter
G1 Z58.068 X156.937 Y245.803 E26.96581 ; perimeter
G1 Z58.081 X153.565 Y243.973 E15.97796 ; perimeter
G1 Z58.093 X150.268 Y241.952 E16.10523 ; perimeter
G1 Z58.106 X147.081 Y239.762 E16.10435 ; perimeter
G1 Z58.118 X144.013 Y237.407 E16.10731 ; perimeter
G1 Z58.131 X141.072 Y234.896 E16.10522 ; perimeter
G1 Z58.143 X138.267 Y232.233 E16.10786 ; perimeter
G1 Z58.156 X135.604 Y229.428 E16.10786 ; perimeter
G1 Z58.168 X133.093 Y226.487 E16.10518 ; perimeter
G1 Z58.181 X130.738 Y223.419 E16.10735 ; perimeter
G1 Z58.193 X128.548 Y220.232 E16.10435 ; perimeter
G1 Z58.206 X126.527 Y216.935 E16.10520 ; perimeter
G1 Z58.218 X124.697 Y213.563 E15.97801 ; perimeter
G1 Z58.239 X122.012 Y207.671 E26.96577 ; perimeter
G1 Z58.260 X119.850 Y201.568 E26.96456 ; perimeter
G1 Z58.272 X118.825 Y197.871 E15.97749 ; perimeter
G1 Z58.285 X117.996 Y194.132 E15.94976 ; perimeter
G1 Z58.308 X116.986 Y187.183 E29.24417 ; perimeter
G1 Z58.331 X116.632 Y179.960 E30.11731 ; perimeter
G1 Z58.343 X116.732 Y176.134 E15.93937 ; perimeter
G1 Z58.356 X117.033 Y172.309 E15.97902 ; perimeter
G1 Z58.377 X117.995 Y165.875 E27.09319 ; perimeter
G1 Z58.389 X118.825 Y162.129 E15.97912 ; perimeter
G1 Z58.402 X119.850 Y158.432 E15.97750 ; perimeter
G1 Z58.422 X122.009 Y152.336 E26.93287 ; perimeter
G1 Z58.445 X124.934 Y145.986 E29.11623 ; perimeter
G1 Z58.468 X128.571 Y139.735 E30.11901 ; perimeter
G1 Z58.481 X130.738 Y136.581 E15.93683 ; perimeter
G1 Z58.493 X133.093 Y133.513 E16.10735 ; perimeter
G1 Z58.500 X134.447 Y131.927 E8.68477 ; perimeter
;LAYER_CHANGE
;Z:60
;HEIGHT:1.5
G1 Z58.500 F960 ; simple layer change
G1 F2400
G1 Z58.506 X135.604 Y130.572 E7.42040 ; perimeter
G1 Z58.518 X138.267 Y127.767 E16.10788 ; perimeter
G1 Z58.531 X141.072 Y125.104 E16.10784 ; perimeter
G1 Z58.543 X143.984 Y122.617 E15.94845 ; perimeter
G1 Z58.566 X149.657 Y118.457 E29.29965 ; perimeter
G1 Z58.589 X155.856 Y114.759 E30.05920 ; perimeter
G1 Z58.602 X159.281 Y113.052 E15.93733 ; perimeter
G1 Z58.614 X162.800 Y111.522 E15.98057 ; perimeter
G1 Z58.635 X168.932 Y109.350 E27.09229 ; perimeter
G1 Z58.647 X172.629 Y108.325 E15.97750 ; perimeter
G1 Z58.660 X176.405 Y107.488 E16.10741 ; perimeter
G1 Z58.672 X180.219 Y106.850 E16.10466 ; perimeter
G1 Z58.685 X184.024 Y106.416 E15.94922 ; perimeter
G1 Z58.708 X191.055 Y106.139 E29.30425 ; perimeter
G1 Z58.731 X198.261 Y106.541 E30.05729 ; perimeter
G1 Z58.743 X202.056 Y107.040 E15.94087 ; perimeter
G1 Z58.756 X205.858 Y107.745 E16.10396 ; perimeter
G1 Z58.768 X209.619 Y108.648 E16.10831 ; perimeter
G1 Z58.781 X213.298 Y109.737 E15.97881 ; perimeter
G1 Z58.802 X219.391 Y112.016 E27.09219 ; perimeter
G1 Z58.814 X222.882 Y113.607 E15.97740 ; perimeter
G1 Z58.826 X226.285 Y115.378 E15.97670 ; perimeter
G1 Z58.848 X231.832 Y118.777 E27.09338 ; perimeter
G1 Z58.860 X234.956 Y121.005 E15.98017 ; perimeter
G1 Z58.872 X237.958 Y123.394 E15.97803 ; perimeter
G1 Z58.893 X242.755 Y127.789 E27.09488 ; perimeter
G1 Z58.906 X245.396 Y130.572 E15.97833 ; perimeter
G1 Z58.918 X247.907 Y133.513 E16.10522 ; perimeter
G1 Z58.931 X250.261 Y136.581 E16.10479 ; perimeter
G1 Z58.943 X252.452 Y139.768 E16.10682 ; perimeter
G1 Z58.956 X254.473 Y143.065 E16.10523 ; perimeter
G1 Z58.968 X256.303 Y146.437 E15.97793 ; perimeter
G1 Z58.989 X258.988 Y152.329 E26.96584 ; perimeter
G1 Z59.010 X261.150 Y158.432 E26.96454 ; perimeter
G1 Z59.022 X262.175 Y162.129 E15.97750 ; perimeter
G1 Z59.035 X263.005 Y165.875 E15.97912 ; perimeter
G1 Z59.056 X263.967 Y172.309 E27.09325 ; perimeter
G1 Z59.068 X264.268 Y176.134 E15.97896 ; perimeter
G1 Z59.081 X264.369 Y180.000 E16.10601 ; perimeter
G1 Z59.093 X264.268 Y183.866 E16.10601 ; perimeter
G1 Z59.106 X263.967 Y187.691 E15.97902 ; perimeter
G1 Z59.127 X263.010 Y194.095 E26.96654 ; perimeter
G1 Z59.148 X261.499 Y200.390 E26.96104 ; perimeter
G1 Z59.160 X260.345 Y204.050 E15.98238 ; perimeter
G1 Z59.172 X258.990 Y207.672 E16.10534 ; perimeter
G1 Z59.185 X257.448 Y211.219 E16.10753 ; perimeter
G1 Z59.197 X255.723 Y214.680 E16.10496 ; perimeter
G1 Z59.210 X253.818 Y218.046 E16.10750 ; perimeter
G1 Z59.222 X251.739 Y221.306 E16.10363 ; perimeter
G1 Z59.235 X249.466 Y224.435 E16.10412 ; perimeter
G1 Z59.247 X247.098 Y227.451 E15.97156 ; perimeter
G1 Z59.268 X242.732 Y232.232 E26.96372 ; perimeter
G1 Z59.289 X237.958 Y236.606 E26.96523 ; perimeter
G1 Z59.302 X234.956 Y238.995 E15.97798 ; perimeter
G1 Z59.314 X231.807 Y241.240 E16.10605 ; perimeter
G1 Z59.327 X228.546 Y243.318 E16.10388 ; perimeter
G1 Z59.339 X225.180 Y245.223 E16.10756 ; perimeter
G1 Z59.352 X221.719 Y246.948 E16.10490 ; perimeter
G1 Z59.364 X218.200 Y248.478 E15.98066 ; perimeter
G1 Z59.385 X212.068 Y250.650 E27.09229 ; perimeter
G1 Z59.397 X208.371 Y251.675 E15.97752 ; perimeter
G1 Z59.410 X204.625 Y252.505 E15.97911 ; perimeter
G1 Z59.431 X198.191 Y253.467 E27.09320 ; perimeter
G1 Z59.443 X194.366 Y253.768 E15.97901 ; perimeter
G1 Z59.456 X190.500 Y253.869 E16.10601 ; perimeter
G1 Z59.468 X186.634 Y253.768 E16.10601 ; perimeter
G1 Z59.481 X182.809 Y253.467 E15.97902 ; perimeter
G1 Z59.502 X176.375 Y252.505 E27.09318 ; perimeter
G1 Z59.514 X172.629 Y251.675 E15.97912 ; perimeter
G1 Z59.527 X168.932 Y250.650 E15.97750 ; perimeter
G1 Z59.547 X162.829 Y248.488 E26.96454 ; perimeter
G1 Z59.568 X156.937 Y245.803 E26.96581 ; perimeter
G1 Z59.581 X153.565 Y243.973 E15.97796 ; perimeter
G1 Z59.593 X150.268 Y241.952 E16.10523 ; perimeter
G1 Z59.606 X147.081 Y239.762 E16.10435 ; perimeter
G1 Z59.618 X144.013 Y237.407 E16.10731 ; perimeter
G1 Z59.631 X141.072 Y234.896 E16.10522 ; perimeter
G1 Z59.643 X138.267 Y232.233 E16.10786 ; perimeter
G1 Z59.656 X135.604 Y229.428 E16.10781 ; perimeter
G1 Z59.668 X133.093 Y226.487 E16.10523 ; perimeter
G1 Z59.681 X130.738 Y223.419 E16.10735 ; perimeter
G1 Z59.693 X128.548 Y220.232 E16.10435 ; perimeter
G1 Z59.706 X126.527 Y216.935 E16.10520 ; perimeter
G1 Z59.718 X124.697 Y213.563 E15.97796 ; perimeter
G1 Z59.739 X122.012 Y207.671 E26.96583 ; perimeter
G1 Z59.760 X119.850 Y201.568 E26.96455 ; perimeter
G1 Z59.772 X118.825 Y197.871 E15.97750 ; perimeter
G1 Z59.785 X117.996 Y194.132 E15.94976 ; perimeter
G1 Z59.808 X116.985 Y187.169 E29.30247 ; perimeter
G1 Z59.831 X116.632 Y179.960 E30.05891 ; perimeter
G1 Z59.843 X116.732 Y176.134 E15.93937 ; perimeter
G1 Z59.856 X117.033 Y172.309 E15.97902 ; perimeter
G1 Z59.877 X117.995 Y165.875 E27.09319 ; perimeter
G1 Z59.889 X118.825 Y162.129 E15.97911 ; perimeter
G1 Z59.902 X119.850 Y158.432 E15.97750 ; perimeter
G1 Z59.922 X122.009 Y152.336 E26.93289 ; perimeter
G1 Z59.945 X124.941 Y145.973 E29.17758 ; perimeter
G1 Z59.968 X128.571 Y139.735 E30.05755 ; perimeter
G1 Z59.981 X130.738 Y136.581 E15.93683 ; perimeter
G1 Z59.993 X133.093 Y133.513 E16.10735 ; perimeter
G1 Z60.000 X134.447 Y131.927 E8.68477 ; perimeter
;LAYER_CHANGE
;Z:61.5
;HEIGHT:1.5
G1 Z60.000 F960 ; simple layer change
G1 F2400
G1 Z60.006 X135.604 Y130.572 E7.42044 ; perimeter
G1 Z60.018 X138.267 Y127.767 E16.10782 ; perimeter
G1 Z60.031 X141.072 Y125.104 E16.10788 ; perimeter
G1 Z60.043 X143.984 Y122.617 E15.94840 ; perimeter
G1 Z60.066 X149.669 Y118.449 E29.35968 ; perimeter
G1 Z60.089 X155.856 Y114.759 E29.99710 ; perimeter
G1 Z60.102 X159.281 Y113.052 E15.93940 ; perimeter
G1 Z60.114 X162.800 Y111.522 E15.98060 ; perimeter
G1 Z60.135 X168.932 Y109.350 E27.09235 ; perimeter
G1 Z60.147 X172.629 Y108.325 E15.97756 ; perimeter
G1 Z60.160 X176.405 Y107.488 E16.10734 ; perimeter
G1 Z60.172 X180.219 Y106.850 E16.10467 ; perimeter
G1 Z60.185 X184.024 Y106.416 E15.94928 ; perimeter
G1 Z60.208 X191.069 Y106.139 E29.36263 ; perimeter
G1 Z60.231 X198.261 Y106.541 E29.99892 ; perimeter
G1 Z60.243 X202.056 Y107.040 E15.94074 ; perimeter
G1 Z60.256 X205.858 Y107.745 E16.10397 ; perimeter
G1 Z60.268 X209.619 Y108.648 E16.10843 ; perimeter
G1 Z60.281 X213.298 Y109.737 E15.97881 ; perimeter
G1 Z60.302 X219.391 Y112.016 E27.09219 ; perimeter
G1 Z60.314 X222.882 Y113.607 E15.97740 ; perimeter
G1 Z60.326 X226.285 Y115.378 E15.97664 ; perimeter
G1 Z60.348 X231.832 Y118.777 E27.09338 ; perimeter
G1 Z60.360 X234.956 Y121.005 E15.98017 ; perimeter
G1 Z60.372 X237.958 Y123.394 E15.97793 ; perimeter
G1 Z60.393 X242.755 Y127.789 E27.09498 ; perimeter
G1 Z60.406 X245.396 Y130.572 E15.97833 ; perimeter
G1 Z60.418 X247.907 Y133.513 E16.10514 ; perimeter
G1 Z60.431 X250.261 Y136.581 E16.10490 ; perimeter
G1 Z60.443 X252.435 Y139.743 E15.98076 ; perimeter
G1 Z60.464 X255.723 Y145.355 E27.08818 ; perimeter
G1 Z60.477 X257.405 Y148.802 E15.97173 ; perimeter
G1 Z60.489 X258.976 Y152.301 E15.97462 ; perimeter
G1 Z60.510 X261.150 Y158.432 E27.09162 ; perimeter
G1 Z60.522 X262.175 Y162.129 E15.97750 ; perimeter
G1 Z60.535 X263.005 Y165.875 E15.97912 ; perimeter
G1 Z60.556 X263.967 Y172.309 E27.09319 ; perimeter
G1 Z60.568 X264.268 Y176.134 E15.97902 ; perimeter
G1 Z60.581 X264.369 Y180.000 E16.10601 ; perimeter
G1 Z60.593 X264.268 Y183.866 E16.10601 ; perimeter
G1 Z60.606 X263.967 Y187.691 E15.97896 ; perimeter
G1 Z60.627 X263.010 Y194.095 E26.96660 ; perimeter
G1 Z60.648 X261.499 Y200.390 E26.96110 ; perimeter
G1 Z60.660 X260.345 Y204.050 E15.98232 ; perimeter
G1 Z60.672 X258.990 Y207.672 E16.10534 ; perimeter
G1 Z60.685 X257.448 Y211.219 E16.10753 ; perimeter
G1 Z60.697 X255.723 Y214.680 E16.10493 ; perimeter
G1 Z60.710 X253.818 Y218.046 E16.10753 ; perimeter
G1 Z60.722 X251.740 Y221.307 E16.10388 ; perimeter
G1 Z60.735 X249.495 Y224.456 E16.10605 ; perimeter
G1 Z60.747 X247.106 Y227.458 E15.97798 ; perimeter
G1 Z60.768 X242.732 Y232.232 E26.96522 ; perimeter
G1 Z60.789 X237.958 Y236.606 E26.96522 ; perimeter
G1 Z60.802 X234.956 Y238.995 E15.97798 ; perimeter
G1 Z60.814 X231.807 Y241.240 E16.10609 ; perimeter
G1 Z60.827 X228.546 Y243.318 E16.10385 ; perimeter
G1 Z60.839 X225.180 Y245.223 E16.10753 ; perimeter
G1 Z60.852 X221.719 Y246.948 E16.10493 ; perimeter
G1 Z60.864 X218.200 Y248.478 E15.98066 ; perimeter
G1 Z60.885 X212.068 Y250.650 E27.09229 ; perimeter
G1 Z60.897 X208.371 Y251.675 E15.97748 ; perimeter
G1 Z60.910 X204.625 Y252.505 E15.97913 ; perimeter
G1 Z60.931 X198.191 Y253.467 E27.09319 ; perimeter
G1 Z60.943 X194.366 Y253.768 E15.97902 ; perimeter
G1 Z60.956 X190.538 Y253.868 E15.94770 ; perimeter
G1 Z60.978 X183.496 Y253.528 E29.36054 ; perimeter
G1 Z61.002 X176.366 Y252.503 E30.00006 ; perimeter
G1 Z61.014 X172.629 Y251.675 E15.94071 ; perimeter
G1 Z61.027 X168.932 Y250.650 E15.97752 ; perimeter
G1 Z61.047 X162.829 Y248.488 E26.96454 ; perimeter
G1 Z61.068 X156.937 Y245.803 E26.96584 ; perimeter
G1 Z61.081 X153.565 Y243.973 E15.97796 ; perimeter
G1 Z61.093 X150.268 Y241.952 E16.10520 ; perimeter
G1 Z61.106 X147.081 Y239.762 E16.10435 ; perimeter
G1 Z61.118 X144.013 Y237.407 E16.10735 ; perimeter
G1 Z61.131 X141.072 Y234.896 E16.10518 ; perimeter
G1 Z61.143 X138.267 Y232.233 E16.10786 ; perimeter
G1 Z61.156 X135.604 Y229.428 E16.10786 ; perimeter
G1 Z61.168 X133.093 Y226.487 E16.10518 ; perimeter
G1 Z61.181 X130.738 Y223.419 E16.10735 ; perimeter
G1 Z61.193 X128.548 Y220.232 E16.10435 ; perimeter
G1 Z61.206 X126.527 Y216.935 E16.10520 ; perimeter
G1 Z61.218 X124.697 Y213.563 E15.97794 ; perimeter
G1 Z61.239 X122.012 Y207.671 E26.96587 ; perimeter
G1 Z61.260 X119.850 Y201.568 E26.96452 ; perimeter
G1 Z61.272 X118.825 Y197.871 E15.97751 ; perimeter
G1 Z61.285 X117.996 Y194.132 E15.94976 ; perimeter
G1 Z61.308 X116.984 Y187.155 E29.36077 ; perimeter
G1 Z61.331 X116.632 Y179.960 E30.00053 ; perimeter
G1 Z61.343 X116.732 Y176.134 E15.93931 ; perimeter
G1 Z61.356 X117.033 Y172.309 E15.97902 ; perimeter
G1 Z61.377 X117.995 Y165.875 E27.09319 ; perimeter
G1 Z61.389 X118.825 Y162.129 E15.97912 ; perimeter
G1 Z61.402 X119.850 Y158.432 E15.97750 ; perimeter
G1 Z61.422 X122.009 Y152.336 E26.93289 ; perimeter
G1 Z61.445 X124.947 Y145.961 E29.23344 ; perimeter
G1 Z61.468 X128.571 Y139.735 E30.00178 ; perimeter
G1 Z61.481 X130.738 Y136.581 E15.93683 ; perimeter
G1 Z61.493 X133.093 Y133.513 E16.10735 ; perimeter
G1 Z61.500 X134.447 Y131.927 E8.68477 ; perimeter
;LAYER_CHANGE
;Z:63
;HEIGHT:1.5
G1 Z61.500 F960 ; simple layer change
G1 F2400
G1 Z61.506 X135.604 Y130.572 E7.42040 ; perimeter
G1 Z61.518 X138.267 Y127.767 E16.10786 ; perimeter
G1 Z61.531 X141.072 Y125.104 E16.10786 ; perimeter
G1 Z61.543 X143.984 Y122.617 E15.94573 ; perimeter
G1 Z61.566 X149.681 Y118.441 E29.42234 ; perimeter
G1 Z61.589 X155.856 Y114.760 E29.93713 ; perimeter
G1 Z61.602 X159.281 Y113.052 E15.93917 ; perimeter
G1 Z61.614 X162.800 Y111.522 E15.98065 ; perimeter
G1 Z61.635 X168.932 Y109.350 E27.09229 ; perimeter
G1 Z61.647 X172.629 Y108.325 E15.97750 ; perimeter
G1 Z61.660 X176.405 Y107.488 E16.10741 ; perimeter
G1 Z61.672 X180.219 Y106.850 E16.10466 ; perimeter
G1 Z61.685 X184.024 Y106.416 E15.94922 ; perimeter
G1 Z61.708 X191.084 Y106.140 E29.42477 ; perimeter
G1 Z61.731 X198.261 Y106.541 E29.93653 ; perimeter
G1 Z61.743 X202.056 Y107.040 E15.94081 ; perimeter
G1 Z61.756 X205.858 Y107.745 E16.10390 ; perimeter
G1 Z61.768 X209.619 Y108.648 E16.10844 ; perimeter
G1 Z61.781 X213.298 Y109.737 E15.97880 ; perimeter
G1 Z61.802 X219.391 Y112.016 E27.09207 ; perimeter
G1 Z61.814 X222.882 Y113.607 E15.97758 ; perimeter
G1 Z61.826 X226.285 Y115.378 E15.97666 ; perimeter
G1 Z61.848 X231.832 Y118.777 E27.09332 ; perimeter
G1 Z61.860 X234.956 Y121.005 E15.98013 ; perimeter
G1 Z61.872 X237.958 Y123.394 E15.97800 ; perimeter
G1 Z61.893 X242.755 Y127.789 E27.09495 ; perimeter
G1 Z61.906 X245.396 Y130.572 E15.97835 ; perimeter
G1 Z61.918 X247.907 Y133.513 E16.10509 ; perimeter
G1 Z61.931 X250.262 Y136.581 E16.10721 ; perimeter
G1 Z61.943 X252.435 Y139.743 E15.97849 ; perimeter
G1 Z61.964 X255.736 Y145.348 E27.09031 ; perimeter
G1 Z61.977 X257.448 Y148.782 E15.98003 ; perimeter
G1 Z61.989 X258.978 Y152.300 E15.97701 ; perimeter
G1 Z62.010 X261.150 Y158.432 E27.09219 ; perimeter
G1 Z62.022 X262.175 Y162.129 E15.97750 ; perimeter
G1 Z62.035 X263.005 Y165.875 E15.97912 ; perimeter
G1 Z62.056 X263.967 Y172.309 E27.09319 ; perimeter
G1 Z62.068 X264.268 Y176.134 E15.97902 ; perimeter
G1 Z62.081 X264.368 Y179.962 E15.94770 ; perimeter
G1 Z62.103 X264.024 Y187.019 E29.42310 ; perimeter
G1 Z62.127 X263.008 Y194.103 E29.80579 ; perimeter
G1 Z62.148 X261.499 Y200.390 E26.92682 ; perimeter
G1 Z62.160 X260.345 Y204.050 E15.98226 ; perimeter
G1 Z62.172 X258.990 Y207.672 E16.10534 ; perimeter
G1 Z62.185 X257.448 Y211.218 E16.10370 ; perimeter
G1 Z62.197 X255.723 Y214.680 E16.10872 ; perimeter
G1 Z62.210 X253.818 Y218.046 E16.10753 ; perimeter
G1 Z62.222 X251.740 Y221.307 E16.10388 ; perimeter
G1 Z62.235 X249.495 Y224.456 E16.10605 ; perimeter
G1 Z62.247 X247.106 Y227.458 E15.97799 ; perimeter
G1 Z62.268 X242.732 Y232.232 E26.96522 ; perimeter
G1 Z62.289 X237.958 Y236.606 E26.96522 ; perimeter
G1 Z62.302 X234.956 Y238.995 E15.97798 ; perimeter
G1 Z62.314 X231.807 Y241.240 E16.10605 ; perimeter
G1 Z62.327 X228.546 Y243.318 E16.10388 ; perimeter
G1 Z62.339 X225.180 Y245.223 E16.10756 ; perimeter
G1 Z62.352 X221.719 Y246.948 E16.10490 ; perimeter
G1 Z62.364 X218.200 Y248.478 E15.98066 ; perimeter
G1 Z62.385 X212.068 Y250.650 E27.09229 ; perimeter
G1 Z62.397 X208.371 Y251.675 E15.97750 ; perimeter
G1 Z62.410 X204.625 Y252.505 E15.97912 ; perimeter
G1 Z62.431 X198.191 Y253.467 E27.09320 ; perimeter
G1 Z62.443 X194.366 Y253.768 E15.97901 ; perimeter
G1 Z62.456 X190.538 Y253.868 E15.94770 ; perimeter
G1 Z62.478 X183.481 Y253.529 E29.42373 ; perimeter
G1 Z62.502 X176.366 Y252.504 E29.93741 ; perimeter
G1 Z62.514 X172.629 Y251.675 E15.94150 ; perimeter
G1 Z62.527 X168.932 Y250.650 E15.97750 ; perimeter
G1 Z62.547 X162.829 Y248.488 E26.96454 ; perimeter
G1 Z62.568 X156.937 Y245.803 E26.96584 ; perimeter
G1 Z62.581 X153.565 Y243.973 E15.97796 ; perimeter
G1 Z62.593 X150.268 Y241.952 E16.10520 ; perimeter
G1 Z62.606 X147.081 Y239.762 E16.10435 ; perimeter
G1 Z62.618 X144.013 Y237.407 E16.10735 ; perimeter
G1 Z62.631 X141.072 Y234.896 E16.10518 ; perimeter
G1 Z62.643 X138.267 Y232.233 E16.10786 ; perimeter
G1 Z62.656 X135.604 Y229.428 E16.10786 ; perimeter
G1 Z62.668 X133.093 Y226.487 E16.10518 ; perimeter
G1 Z62.681 X130.738 Y223.419 E16.10735 ; perimeter
G1 Z62.693 X128.548 Y220.232 E16.10435 ; perimeter
G1 Z62.706 X126.527 Y216.935 E16.10518 ; perimeter
G1 Z62.718 X124.697 Y213.563 E15.97797 ; perimeter
G1 Z62.739 X122.012 Y207.671 E26.96584 ; perimeter
G1 Z62.760 X119.850 Y201.568 E26.96454 ; perimeter
G1 Z62.772 X118.825 Y197.871 E15.97750 ; perimeter
G1 Z62.785 X117.996 Y194.132 E15.94976 ; perimeter
G1 Z62.808 X116.982 Y187.140 E29.42373 ; perimeter
G1 Z62.831 X116.634 Y179.999 E29.77506 ; perimeter
G1 Z62.853 X116.972 Y172.981 E29.26102 ; perimeter
G1 Z62.877 X117.996 Y165.866 E29.93713 ; perimeter
G1 Z62.889 X118.825 Y162.129 E15.94161 ; perimeter
G1 Z62.902 X119.850 Y158.432 E15.97750 ; perimeter
G1 Z62.922 X122.009 Y152.336 E26.93289 ; perimeter
G1 Z62.945 X124.954 Y145.948 E29.29480 ; perimeter
G1 Z62.968 X128.570 Y139.735 E29.93822 ; perimeter
G1 Z62.981 X130.738 Y136.581 E15.93921 ; perimeter
G1 Z62.993 X133.093 Y133.513 E16.10735 ; perimeter
G1 Z63.000 X134.447 Y131.927 E8.68477 ; perimeter
;LAYER_CHANGE
;Z:64.5
;HEIGHT:1.5
G1 Z63.000 F960 ; simple layer change
G1 F2400
G1 Z63.006 X135.604 Y130.572 E7.42040 ; perimeter
G1 Z63.018 X138.267 Y127.767 E16.10786 ; perimeter
G1 Z63.031 X141.072 Y125.104 E16.10786 ; perimeter
G1 Z63.043 X143.983 Y122.618 E15.94255 ; perimeter
G1 Z63.066 X149.693 Y118.433 E29.48534 ; perimeter
G1 Z63.089 X155.856 Y114.760 E29.87711 ; perimeter
G1 Z63.102 X159.281 Y113.052 E15.93915 ; perimeter
G1 Z63.114 X162.800 Y111.522 E15.98067 ; perimeter
G1 Z63.135 X168.932 Y109.350 E27.09229 ; perimeter
G1 Z63.147 X172.629 Y108.325 E15.97750 ; perimeter
G1 Z63.160 X176.405 Y107.488 E16.10742 ; perimeter
G1 Z63.172 X180.219 Y106.850 E16.10466 ; perimeter
G1 Z63.185 X184.024 Y106.416 E15.94922 ; perimeter
G1 Z63.208 X191.098 Y106.140 E29.48298 ; perimeter
G1 Z63.231 X198.261 Y106.541 E29.87833 ; perimeter
G1 Z63.243 X202.056 Y107.040 E15.94087 ; perimeter
G1 Z63.256 X205.858 Y107.745 E16.10390 ; perimeter
G1 Z63.268 X209.619 Y108.648 E16.10838 ; perimeter
G1 Z63.281 X213.298 Y109.737 E15.97887 ; perimeter
G1 Z63.302 X219.391 Y112.016 E27.09219 ; perimeter
G1 Z63.314 X222.882 Y113.607 E15.97739 ; perimeter
G1 Z63.326 X226.285 Y115.378 E15.97666 ; perimeter
G1 Z63.348 X231.832 Y118.777 E27.09338 ; perimeter
G1 Z63.360 X234.956 Y121.005 E15.98019 ; perimeter
G1 Z63.372 X237.958 Y123.394 E15.97791 ; perimeter
G1 Z63.393 X242.755 Y127.789 E27.09498 ; perimeter
G1 Z63.406 X245.396 Y130.572 E15.97833 ; perimeter
G1 Z63.418 X247.907 Y133.513 E16.10514 ; perimeter
G1 Z63.431 X250.261 Y136.581 E16.10487 ; perimeter
G1 Z63.443 X252.430 Y139.736 E15.94510 ; perimeter
G1 Z63.466 X255.991 Y145.854 E29.48293 ; perimeter
G1 Z63.489 X258.991 Y152.337 E29.74824 ; perimeter
G1 Z63.510 X261.150 Y158.432 E26.92895 ; perimeter
G1 Z63.522 X262.175 Y162.129 E15.97750 ; perimeter
G1 Z63.535 X263.005 Y165.875 E15.97912 ; perimeter
G1 Z63.556 X263.967 Y172.309 E27.09319 ; perimeter
G1 Z63.568 X264.268 Y176.134 E15.97902 ; perimeter
G1 Z63.581 X264.368 Y179.962 E15.94770 ; perimeter
G1 Z63.604 X264.027 Y187.033 E29.48197 ; perimeter
G1 Z63.627 X263.008 Y194.103 E29.74891 ; perimeter
G1 Z63.648 X261.499 Y200.390 E26.92673 ; perimeter
G1 Z63.660 X260.345 Y204.050 E15.98234 ; perimeter
G1 Z63.672 X258.990 Y207.672 E16.10534 ; perimeter
G1 Z63.685 X257.448 Y211.219 E16.10742 ; perimeter
G1 Z63.697 X255.723 Y214.680 E16.10496 ; perimeter
G1 Z63.710 X253.818 Y218.046 E16.10756 ; perimeter
G1 Z63.722 X251.740 Y221.307 E16.10388 ; perimeter
G1 Z63.735 X249.495 Y224.456 E16.10605 ; perimeter
G1 Z63.747 X247.106 Y227.458 E15.97799 ; perimeter
G1 Z63.768 X242.732 Y232.232 E26.96522 ; perimeter
G1 Z63.789 X237.958 Y236.606 E26.96522 ; perimeter
G1 Z63.802 X234.956 Y238.995 E15.97798 ; perimeter
G1 Z63.814 X231.807 Y241.240 E16.10609 ; perimeter
G1 Z63.827 X228.546 Y243.318 E16.10385 ; perimeter
G1 Z63.839 X225.180 Y245.223 E16.10750 ; perimeter
G1 Z63.852 X221.719 Y246.948 E16.10496 ; perimeter
G1 Z63.864 X218.200 Y248.478 E15.98066 ; perimeter
G1 Z63.885 X212.068 Y250.650 E27.09229 ; perimeter
G1 Z63.897 X208.371 Y251.675 E15.97750 ; perimeter
G1 Z63.910 X204.625 Y252.505 E15.97912 ; perimeter
G1 Z63.931 X198.191 Y253.467 E27.09320 ; perimeter
G1 Z63.943 X194.366 Y253.768 E15.97901 ; perimeter
G1 Z63.956 X190.531 Y253.868 E15.97683 ; perimeter
G1 Z63.977 X184.031 Y253.575 E27.09568 ; perimeter
G1 Z63.989 X180.223 Y253.120 E15.97231 ; perimeter
G1 Z64.002 X176.405 Y252.511 E16.10231 ; perimeter
G1 Z64.014 X172.629 Y251.675 E16.10716 ; perimeter
G1 Z64.027 X168.932 Y250.650 E15.97750 ; perimeter
G1 Z64.047 X162.829 Y248.488 E26.96454 ; perimeter
G1 Z64.068 X156.937 Y245.803 E26.96584 ; perimeter
G1 Z64.081 X153.565 Y243.973 E15.97796 ; perimeter
G1 Z64.093 X150.268 Y241.952 E16.10520 ; perimeter
G1 Z64.106 X147.081 Y239.762 E16.10435 ; perimeter
G1 Z64.118 X144.013 Y237.407 E16.10735 ; perimeter
G1 Z64.131 X141.072 Y234.896 E16.10518 ; perimeter
G1 Z64.143 X138.267 Y232.233 E16.10786 ; perimeter
G1 Z64.156 X135.604 Y229.428 E16.10786 ; perimeter
G1 Z64.168 X133.093 Y226.487 E16.10518 ; perimeter
G1 Z64.181 X130.738 Y223.419 E16.10735 ; perimeter
G1 Z64.193 X128.548 Y220.232 E16.10435 ; perimeter
G1 Z64.206 X126.527 Y216.935 E16.10518 ; perimeter
G1 Z64.218 X124.697 Y213.563 E15.97797 ; perimeter
G1 Z64.239 X122.012 Y207.671 E26.96584 ; perimeter
G1 Z64.260 X119.850 Y201.568 E26.96454 ; perimeter
G1 Z64.272 X118.825 Y197.871 E15.97750 ; perimeter
G1 Z64.285 X117.996 Y194.132 E15.94976 ; perimeter
G1 Z64.308 X116.981 Y187.126 E29.48210 ; perimeter
G1 Z64.331 X116.634 Y179.999 E29.71660 ; perimeter
G1 Z64.354 X116.972 Y172.967 E29.31956 ; perimeter
G1 Z64.377 X117.996 Y165.867 E29.87492 ; perimeter
G1 Z64.389 X118.825 Y162.129 E15.94571 ; perimeter
G1 Z64.402 X119.850 Y158.432 E15.97750 ; perimeter
G1 Z64.422 X122.009 Y152.336 E26.93289 ; perimeter
G1 Z64.445 X124.961 Y145.935 E29.35617 ; perimeter
G1 Z64.468 X128.570 Y139.735 E29.87678 ; perimeter
G1 Z64.481 X130.738 Y136.581 E15.93919 ; perimeter
G1 Z64.493 X133.093 Y133.513 E16.10735 ; perimeter
G1 Z64.500 X134.447 Y131.927 E8.68477 ; perimeter
;LAYER_CHANGE
;Z:66
;HEIGHT:1.5
G1 Z64.500 F960 ; simple layer change
G1 F2400
G1 Z64.506 X135.604 Y130.572 E7.42040 ; perimeter
G1 Z64.518 X138.267 Y127.767 E16.10786 ; perimeter
G1 Z64.531 X141.072 Y125.104 E16.10786 ; perimeter
G1 Z64.543 X143.983 Y122.618 E15.94257 ; perimeter
G1 Z64.566 X149.705 Y118.425 E29.54549 ; perimeter
G1 Z64.589 X155.856 Y114.760 E29.81714 ; perimeter
G1 Z64.602 X159.281 Y113.052 E15.93915 ; perimeter
G1 Z64.614 X162.800 Y111.522 E15.98067 ; perimeter
G1 Z64.635 X168.932 Y109.350 E27.09229 ; perimeter
G1 Z64.647 X172.629 Y108.325 E15.97750 ; perimeter
G1 Z64.660 X176.405 Y107.488 E16.10741 ; perimeter
G1 Z64.672 X180.219 Y106.850 E16.10460 ; perimeter
G1 Z64.685 X184.024 Y106.416 E15.94928 ; perimeter
G1 Z64.708 X191.112 Y106.140 E29.54124 ; perimeter
G1 Z64.731 X198.260 Y106.541 E29.81578 ; perimeter
G1 Z64.743 X202.056 Y107.040 E15.94523 ; perimeter
G1 Z64.756 X205.858 Y107.745 E16.10390 ; perimeter
G1 Z64.768 X209.619 Y108.648 E16.10831 ; perimeter
G1 Z64.781 X213.298 Y109.737 E15.97892 ; perimeter
G1 Z64.802 X219.391 Y112.016 E27.09207 ; perimeter
G1 Z64.814 X222.882 Y113.607 E15.97746 ; perimeter
G1 Z64.826 X226.285 Y115.378 E15.97668 ; perimeter
G1 Z64.848 X231.832 Y118.777 E27.09340 ; perimeter
G1 Z64.860 X234.956 Y121.005 E15.98012 ; perimeter
G1 Z64.872 X237.958 Y123.394 E15.97808 ; perimeter
G1 Z64.893 X242.755 Y127.789 E27.09488 ; perimeter
G1 Z64.906 X245.396 Y130.572 E15.97833 ; perimeter
G1 Z64.918 X247.907 Y133.513 E16.10518 ; perimeter
G1 Z64.931 X250.261 Y136.581 E16.10486 ; perimeter
G1 Z64.943 X252.430 Y139.736 E15.94494 ; perimeter
G1 Z64.966 X256.002 Y145.865 E29.54557 ; perimeter
G1 Z64.989 X258.991 Y152.337 E29.68753 ; perimeter
G1 Z65.010 X261.150 Y158.432 E26.92893 ; perimeter
G1 Z65.022 X262.175 Y162.129 E15.97750 ; perimeter
G1 Z65.035 X263.004 Y165.867 E15.94571 ; perimeter
G1 Z65.058 X264.015 Y172.888 E29.54312 ; perimeter
G1 Z65.081 X264.366 Y180.039 E29.81507 ; perimeter
G1 Z65.093 X264.215 Y183.863 E15.94034 ; perimeter
G1 Z65.106 X263.947 Y187.688 E15.96753 ; perimeter
G1 Z65.127 X263.010 Y194.095 E26.96627 ; perimeter
G1 Z65.148 X261.499 Y200.390 E26.96087 ; perimeter
G1 Z65.160 X260.345 Y204.050 E15.98226 ; perimeter
G1 Z65.172 X258.990 Y207.672 E16.10540 ; perimeter
G1 Z65.185 X257.448 Y211.219 E16.10753 ; perimeter
G1 Z65.197 X255.723 Y214.680 E16.10493 ; perimeter
G1 Z65.210 X253.818 Y218.046 E16.10758 ; perimeter
G1 Z65.222 X251.740 Y221.307 E16.10379 ; perimeter
G1 Z65.235 X249.495 Y224.456 E16.10609 ; perimeter
G1 Z65.247 X247.106 Y227.458 E15.97798 ; perimeter
G1 Z65.268 X242.732 Y232.232 E26.96522 ; perimeter
G1 Z65.289 X237.958 Y236.606 E26.96522 ; perimeter
G1 Z65.302 X234.956 Y238.995 E15.97798 ; perimeter
G1 Z65.314 X231.807 Y241.240 E16.10601 ; perimeter
G1 Z65.327 X228.546 Y243.318 E16.10391 ; perimeter
G1 Z65.339 X225.180 Y245.223 E16.10753 ; perimeter
G1 Z65.352 X221.719 Y246.948 E16.10493 ; perimeter
G1 Z65.364 X218.200 Y248.478 E15.98066 ; perimeter
G1 Z65.385 X212.068 Y250.650 E27.09229 ; perimeter
G1 Z65.397 X208.371 Y251.675 E15.97750 ; perimeter
G1 Z65.410 X204.625 Y252.505 E15.97912 ; perimeter
G1 Z65.431 X198.191 Y253.467 E27.09320 ; perimeter
G1 Z65.443 X194.366 Y253.768 E15.97901 ; perimeter
G1 Z65.456 X190.500 Y253.868 E16.10579 ; perimeter
G1 Z65.468 X186.635 Y253.743 E16.10459 ; perimeter
G1 Z65.481 X182.810 Y253.460 E15.97447 ; perimeter
G1 Z65.502 X176.375 Y252.505 E27.09219 ; perimeter
G1 Z65.514 X172.629 Y251.675 E15.97911 ; perimeter
G1 Z65.527 X168.932 Y250.650 E15.97750 ; perimeter
G1 Z65.547 X162.829 Y248.488 E26.96454 ; perimeter
G1 Z65.568 X156.937 Y245.803 E26.96584 ; perimeter
G1 Z65.581 X153.565 Y243.973 E15.97793 ; perimeter
G1 Z65.593 X150.268 Y241.952 E16.10523 ; perimeter
G1 Z65.606 X147.081 Y239.762 E16.10435 ; perimeter
G1 Z65.618 X144.013 Y237.407 E16.10739 ; perimeter
G1 Z65.631 X141.072 Y234.896 E16.10514 ; perimeter
G1 Z65.643 X138.267 Y232.233 E16.10786 ; perimeter
G1 Z65.656 X135.604 Y229.428 E16.10786 ; perimeter
G1 Z65.668 X133.093 Y226.487 E16.10518 ; perimeter
G1 Z65.681 X130.738 Y223.419 E16.10735 ; perimeter
G1 Z65.693 X128.548 Y220.232 E16.10435 ; perimeter
G1 Z65.706 X126.527 Y216.935 E16.10522 ; perimeter
G1 Z65.718 X124.697 Y213.563 E15.97794 ; perimeter
G1 Z65.739 X122.012 Y207.671 E26.96584 ; perimeter
G1 Z65.760 X119.850 Y201.568 E26.96455 ; perimeter
G1 Z65.772 X118.825 Y197.871 E15.97749 ; perimeter
G1 Z65.785 X117.996 Y194.133 E15.94573 ; perimeter
G1 Z65.808 X116.980 Y187.112 E29.54447 ; perimeter
G1 Z65.831 X116.632 Y179.961 E29.81648 ; perimeter
G1 Z65.843 X116.741 Y176.134 E15.94275 ; perimeter
G1 Z65.856 X117.036 Y172.309 E15.97703 ; perimeter
G1 Z65.877 X117.989 Y165.913 E26.93292 ; perimeter
G1 Z65.899 X119.670 Y159.052 E29.41768 ; perimeter
G1 Z65.922 X122.013 Y152.328 E29.65563 ; perimeter
G1 Z65.945 X124.967 Y145.922 E29.37865 ; perimeter
G1 Z65.968 X128.570 Y139.736 E29.81373 ; perimeter
G1 Z65.981 X130.738 Y136.581 E15.94266 ; perimeter
G1 Z65.993 X133.093 Y133.513 E16.10735 ; perimeter
G1 Z66.000 X134.447 Y131.927 E8.68477 ; perimeter
;LAYER_CHANGE
;Z:67.5
;HEIGHT:1.5
G1 Z66.000 F960 ; simple layer change
G1 F2400
G1 Z66.006 X135.604 Y130.572 E7.42040 ; perimeter
G1 Z66.018 X138.267 Y127.767 E16.10788 ; perimeter
G1 Z66.031 X141.072 Y125.104 E16.10784 ; perimeter
G1 Z66.043 X143.983 Y122.618 E15.94255 ; perimeter
G1 Z66.066 X149.717 Y118.417 E29.60553 ; perimeter
G1 Z66.089 X155.855 Y114.760 E29.75355 ; perimeter
G1 Z66.102 X159.282 Y113.052 E15.94654 ; perimeter
G1 Z66.114 X162.800 Y111.522 E15.97684 ; perimeter
G1 Z66.135 X168.932 Y109.350 E27.09230 ; perimeter
G1 Z66.147 X172.629 Y108.325 E15.97744 ; perimeter
G1 Z66.160 X176.405 Y107.488 E16.10747 ; perimeter
G1 Z66.172 X180.219 Y106.850 E16.10467 ; perimeter
G1 Z66.185 X184.023 Y106.416 E15.94510 ; perimeter
G1 Z66.208 X191.127 Y106.140 E29.60776 ; perimeter
G1 Z66.231 X198.260 Y106.540 E29.75334 ; perimeter
G1 Z66.243 X202.056 Y107.040 E15.94554 ; perimeter
G1 Z66.256 X205.858 Y107.745 E16.10391 ; perimeter
G1 Z66.268 X209.619 Y108.648 E16.10843 ; perimeter
G1 Z66.281 X213.298 Y109.737 E15.97881 ; perimeter
G1 Z66.302 X219.391 Y112.016 E27.09207 ; perimeter
G1 Z66.314 X222.882 Y113.607 E15.97746 ; perimeter
G1 Z66.326 X226.285 Y115.378 E15.97670 ; perimeter
G1 Z66.348 X231.832 Y118.777 E27.09336 ; perimeter
G1 Z66.360 X234.956 Y121.005 E15.98017 ; perimeter
G1 Z66.372 X237.958 Y123.394 E15.97800 ; perimeter
G1 Z66.393 X242.755 Y127.789 E27.09498 ; perimeter
G1 Z66.406 X245.396 Y130.572 E15.97829 ; perimeter
G1 Z66.418 X247.907 Y133.513 E16.10522 ; perimeter
G1 Z66.431 X250.261 Y136.581 E16.10474 ; perimeter
G1 Z66.443 X252.435 Y139.743 E15.98068 ; perimeter
G1 Z66.464 X255.718 Y145.358 E27.09000 ; perimeter
G1 Z66.477 X257.393 Y148.808 E15.96778 ; perimeter
G1 Z66.489 X258.976 Y152.301 E15.97337 ; perimeter
G1 Z66.510 X261.150 Y158.432 E27.09130 ; perimeter
G1 Z66.522 X262.175 Y162.129 E15.97750 ; perimeter
G1 Z66.535 X263.005 Y165.875 E15.97914 ; perimeter
G1 Z66.556 X263.948 Y172.312 E27.09298 ; perimeter
G1 Z66.568 X264.212 Y176.137 E15.96755 ; perimeter
G1 Z66.581 X264.367 Y180.000 E16.10254 ; perimeter
G1 Z66.593 X264.268 Y183.866 E16.10544 ; perimeter
G1 Z66.606 X263.967 Y187.691 E15.97908 ; perimeter
G1 Z66.627 X263.010 Y194.095 E26.96647 ; perimeter
G1 Z66.648 X261.499 Y200.390 E26.96110 ; perimeter
G1 Z66.660 X260.345 Y204.050 E15.98234 ; perimeter
G1 Z66.672 X258.990 Y207.672 E16.10532 ; perimeter
G1 Z66.685 X257.448 Y211.219 E16.10753 ; perimeter
G1 Z66.697 X255.723 Y214.680 E16.10493 ; perimeter
G1 Z66.710 X253.818 Y218.046 E16.10758 ; perimeter
G1 Z66.722 X251.740 Y221.307 E16.10386 ; perimeter
G1 Z66.735 X249.495 Y224.456 E16.10601 ; perimeter
G1 Z66.747 X247.106 Y227.458 E15.97797 ; perimeter
G1 Z66.768 X242.732 Y232.232 E26.96523 ; perimeter
G1 Z66.789 X237.958 Y236.606 E26.96522 ; perimeter
G1 Z66.802 X234.956 Y238.995 E15.97798 ; perimeter
G1 Z66.814 X231.807 Y241.240 E16.10605 ; perimeter
G1 Z66.827 X228.546 Y243.318 E16.10388 ; perimeter
G1 Z66.839 X225.180 Y245.223 E16.10756 ; perimeter
G1 Z66.852 X221.719 Y246.948 E16.10490 ; perimeter
G1 Z66.864 X218.200 Y248.478 E15.98066 ; perimeter
G1 Z66.885 X212.068 Y250.650 E27.09229 ; perimeter
G1 Z66.897 X208.371 Y251.675 E15.97752 ; perimeter
G1 Z66.910 X204.625 Y252.505 E15.97911 ; perimeter
G1 Z66.931 X198.191 Y253.467 E27.09320 ; perimeter
G1 Z66.943 X194.366 Y253.768 E15.97901 ; perimeter
G1 Z66.956 X190.500 Y253.869 E16.10601 ; perimeter
G1 Z66.968 X186.634 Y253.768 E16.10601 ; perimeter
G1 Z66.981 X182.809 Y253.467 E15.97902 ; perimeter
G1 Z67.002 X176.375 Y252.505 E27.09318 ; perimeter
G1 Z67.014 X172.629 Y251.675 E15.97912 ; perimeter
G1 Z67.027 X168.932 Y250.650 E15.97750 ; perimeter
G1 Z67.047 X162.829 Y248.488 E26.96454 ; perimeter
G1 Z67.068 X156.937 Y245.803 E26.96581 ; perimeter
G1 Z67.081 X153.565 Y243.973 E15.97796 ; perimeter
G1 Z67.093 X150.268 Y241.952 E16.10523 ; perimeter
G1 Z67.106 X147.081 Y239.762 E16.10435 ; perimeter
G1 Z67.118 X144.013 Y237.407 E16.10731 ; perimeter
G1 Z67.131 X141.072 Y234.896 E16.10522 ; perimeter
G1 Z67.143 X138.267 Y232.233 E16.10786 ; perimeter
G1 Z67.156 X135.604 Y229.428 E16.10781 ; perimeter
G1 Z67.168 X133.093 Y226.487 E16.10523 ; perimeter
G1 Z67.181 X130.738 Y223.419 E16.10735 ; perimeter
G1 Z67.193 X128.548 Y220.232 E16.10435 ; perimeter
G1 Z67.206 X126.527 Y216.935 E16.10520 ; perimeter
G1 Z67.218 X124.697 Y213.563 E15.97796 ; perimeter
G1 Z67.239 X122.012 Y207.671 E26.96583 ; perimeter
G1 Z67.260 X119.850 Y201.568 E26.96456 ; perimeter
G1 Z67.272 X118.825 Y197.871 E15.97749 ; perimeter
G1 Z67.285 X117.996 Y194.133 E15.94569 ; perimeter
G1 Z67.308 X116.978 Y187.097 E29.60752 ; perimeter
G1 Z67.331 X116.632 Y179.961 E29.75379 ; perimeter
G1 Z67.343 X116.732 Y176.134 E15.94354 ; perimeter
G1 Z67.356 X117.033 Y172.309 E15.97902 ; perimeter
G1 Z67.377 X117.995 Y165.875 E27.09310 ; perimeter
G1 Z67.389 X118.831 Y162.131 E15.97852 ; perimeter
G1 Z67.402 X119.852 Y158.433 E15.97613 ; perimeter
G1 Z67.422 X122.009 Y152.337 E26.92893 ; perimeter
G1 Z67.445 X124.974 Y145.909 E29.48095 ; perimeter
G1 Z67.468 X128.570 Y139.736 E29.75237 ; perimeter
G1 Z67.481 X130.738 Y136.581 E15.94262 ; perimeter
G1 Z67.493 X133.093 Y133.513 E16.10735 ; perimeter
G1 Z67.500 X134.447 Y131.927 E8.68477 ; perimeter
;LAYER_CHANGE
;Z:69
;HEIGHT:1.5
G1 Z67.500 F960 ; simple layer change
G1 F2400
G1 Z67.506 X135.604 Y130.572 E7.42044 ; perimeter
G1 Z67.518 X138.267 Y127.767 E16.10782 ; perimeter
G1 Z67.531 X141.072 Y125.104 E16.10788 ; perimeter
G1 Z67.543 X143.983 Y122.618 E15.94253 ; perimeter
G1 Z67.566 X149.729 Y118.409 E29.66556 ; perimeter
G1 Z67.589 X155.855 Y114.760 E29.69355 ; perimeter
G1 Z67.602 X159.281 Y113.052 E15.94288 ; perimeter
G1 Z67.614 X162.800 Y111.522 E15.98058 ; perimeter
G1 Z67.635 X168.932 Y109.350 E27.09229 ; perimeter
G1 Z67.647 X172.629 Y108.325 E15.97750 ; perimeter
G1 Z67.660 X176.405 Y107.488 E16.10747 ; perimeter
G1 Z67.672 X180.219 Y106.850 E16.10460 ; perimeter
G1 Z67.685 X184.023 Y106.416 E15.94508 ; perimeter
G1 Z67.708 X191.141 Y106.140 E29.66615 ; perimeter
G1 Z67.731 X198.260 Y106.540 E29.69508 ; perimeter
G1 Z67.743 X202.056 Y107.040 E15.94554 ; perimeter
G1 Z67.756 X205.858 Y107.745 E16.10391 ; perimeter
G1 Z67.768 X209.619 Y108.648 E16.10843 ; perimeter
G1 Z67.781 X213.298 Y109.737 E15.97881 ; perimeter
G1 Z67.802 X219.354 Y112.002 E26.92737 ; perimeter
G1 Z67.824 X225.739 Y115.092 E29.54103 ; perimeter
G1 Z67.848 X231.839 Y118.782 E29.69126 ; perimeter
G1 Z67.860 X234.956 Y121.005 E15.94435 ; perimeter
G1 Z67.872 X237.958 Y123.394 E15.97805 ; perimeter
G1 Z67.893 X242.755 Y127.789 E27.09486 ; perimeter
G1 Z67.906 X245.396 Y130.572 E15.97833 ; perimeter
G1 Z67.918 X247.907 Y133.513 E16.10514 ; perimeter
G1 Z67.931 X250.261 Y136.581 E16.10482 ; perimeter
G1 Z67.943 X252.435 Y139.743 E15.98084 ; perimeter
G1 Z67.964 X255.736 Y145.348 E27.09025 ; perimeter
G1 Z67.977 X257.448 Y148.782 E15.98014 ; perimeter
G1 Z67.989 X258.978 Y152.300 E15.97684 ; perimeter
G1 Z68.010 X261.150 Y158.432 E27.09233 ; perimeter
G1 Z68.022 X262.175 Y162.129 E15.97747 ; perimeter
G1 Z68.035 X263.005 Y165.875 E15.97912 ; perimeter
G1 Z68.056 X263.967 Y172.309 E27.09319 ; perimeter
G1 Z68.068 X264.268 Y176.134 E15.97902 ; perimeter
G1 Z68.081 X264.369 Y180.000 E16.10601 ; perimeter
G1 Z68.093 X264.268 Y183.866 E16.10601 ; perimeter
G1 Z68.106 X263.967 Y187.691 E15.97902 ; perimeter
G1 Z68.127 X263.010 Y194.095 E26.96654 ; perimeter
G1 Z68.148 X261.499 Y200.390 E26.96110 ; perimeter
G1 Z68.160 X260.345 Y204.050 E15.98234 ; perimeter
G1 Z68.172 X258.990 Y207.672 E16.10532 ; perimeter
G1 Z68.185 X257.448 Y211.219 E16.10753 ; perimeter
G1 Z68.197 X255.723 Y214.680 E16.10496 ; perimeter
G1 Z68.210 X253.818 Y218.046 E16.10750 ; perimeter
G1 Z68.222 X251.740 Y221.307 E16.10388 ; perimeter
G1 Z68.235 X249.495 Y224.456 E16.10605 ; perimeter
G1 Z68.247 X247.106 Y227.458 E15.97798 ; perimeter
G1 Z68.268 X242.732 Y232.232 E26.96522 ; perimeter
G1 Z68.289 X237.958 Y236.606 E26.96522 ; perimeter
G1 Z68.302 X234.956 Y238.995 E15.97798 ; perimeter
G1 Z68.314 X231.807 Y241.240 E16.10605 ; perimeter
G1 Z68.327 X228.546 Y243.318 E16.10388 ; perimeter
G1 Z68.339 X225.180 Y245.223 E16.10756 ; perimeter
G1 Z68.352 X221.719 Y246.948 E16.10490 ; perimeter
G1 Z68.364 X218.200 Y248.478 E15.98066 ; perimeter
G1 Z68.385 X212.068 Y250.650 E27.09229 ; perimeter
G1 Z68.397 X208.371 Y251.675 E15.97750 ; perimeter
G1 Z68.410 X204.625 Y252.505 E15.97912 ; perimeter
G1 Z68.431 X198.191 Y253.467 E27.09319 ; perimeter
G1 Z68.443 X194.366 Y253.768 E15.97902 ; perimeter
G1 Z68.456 X190.500 Y253.869 E16.10601 ; perimeter
G1 Z68.468 X186.634 Y253.768 E16.10601 ; perimeter
G1 Z68.481 X182.809 Y253.467 E15.97902 ; perimeter
G1 Z68.502 X176.375 Y252.505 E27.09319 ; perimeter
G1 Z68.514 X172.629 Y251.675 E15.97911 ; perimeter
G1 Z68.527 X168.932 Y250.650 E15.97752 ; perimeter
G1 Z68.547 X162.829 Y248.488 E26.96454 ; perimeter
G1 Z68.568 X156.937 Y245.803 E26.96584 ; perimeter
G1 Z68.581 X153.565 Y243.973 E15.97796 ; perimeter
G1 Z68.593 X150.268 Y241.952 E16.10520 ; perimeter
G1 Z68.606 X147.081 Y239.762 E16.10435 ; perimeter
G1 Z68.618 X144.013 Y237.407 E16.10731 ; perimeter
G1 Z68.631 X141.072 Y234.896 E16.10522 ; perimeter
G1 Z68.643 X138.267 Y232.233 E16.10786 ; perimeter
G1 Z68.656 X135.604 Y229.428 E16.10786 ; perimeter
G1 Z68.668 X133.093 Y226.487 E16.10518 ; perimeter
G1 Z68.681 X130.738 Y223.419 E16.10735 ; perimeter
G1 Z68.693 X128.548 Y220.232 E16.10435 ; perimeter
G1 Z68.706 X126.527 Y216.935 E16.10520 ; perimeter
G1 Z68.718 X124.697 Y213.563 E15.97800 ; perimeter
G1 Z68.739 X122.012 Y207.671 E26.96581 ; perimeter
G1 Z68.760 X119.850 Y201.568 E26.96454 ; perimeter
G1 Z68.772 X118.825 Y197.871 E15.97749 ; perimeter
G1 Z68.785 X117.996 Y194.133 E15.94569 ; perimeter
G1 Z68.808 X116.977 Y187.083 E29.66583 ; perimeter
G1 Z68.831 X116.632 Y179.961 E29.69539 ; perimeter
G1 Z68.843 X116.732 Y176.134 E15.94354 ; perimeter
G1 Z68.856 X117.033 Y172.309 E15.97902 ; perimeter
G1 Z68.877 X117.995 Y165.875 E27.09319 ; perimeter
G1 Z68.889 X118.825 Y162.129 E15.97912 ; perimeter
G1 Z68.902 X119.850 Y158.432 E15.97750 ; perimeter
G1 Z68.922 X122.009 Y152.337 E26.92897 ; perimeter
G1 Z68.945 X124.981 Y145.897 E29.53858 ; perimeter
G1 Z68.968 X128.570 Y139.736 E29.69449 ; perimeter
G1 Z68.981 X130.738 Y136.581 E15.94262 ; perimeter
G1 Z68.993 X133.093 Y133.513 E16.10735 ; perimeter
G1 Z69.000 X134.447 Y131.927 E8.68477 ; perimeter
;LAYER_CHANGE
;Z:70.5
;HEIGHT:1.5
G1 Z69.000 F960 ; simple layer change
G1 F2400
G1 Z69.010 X136.492 Y129.637 E12.78587 ; perimeter
G1 Z69.022 X139.179 Y126.900 E15.97460 ; perimeter
G1 Z69.043 X144.039 Y122.577 E27.08872 ; perimeter
G1 Z69.056 X147.132 Y120.307 E15.97599 ; perimeter
G1 Z69.068 X150.251 Y118.095 E15.92550 ; perimeter
G1 Z69.091 X156.407 Y114.484 E29.72123 ; perimeter
G1 Z69.114 X162.837 Y111.509 E29.50785 ; perimeter
G1 Z69.135 X168.932 Y109.350 E26.92892 ; perimeter
G1 Z69.147 X172.629 Y108.325 E15.97755 ; perimeter
G1 Z69.160 X176.405 Y107.488 E16.10741 ; perimeter
G1 Z69.172 X180.219 Y106.850 E16.10466 ; perimeter
G1 Z69.185 X184.023 Y106.416 E15.94508 ; perimeter
G1 Z69.208 X191.156 Y106.140 E29.72850 ; perimeter
G1 Z69.231 X198.260 Y106.540 E29.63276 ; perimeter
G1 Z69.243 X202.056 Y107.040 E15.94547 ; perimeter
G1 Z69.256 X205.858 Y107.745 E16.10397 ; perimeter
G1 Z69.268 X209.619 Y108.648 E16.10837 ; perimeter
G1 Z69.281 X213.298 Y109.737 E15.97886 ; perimeter
G1 Z69.302 X219.390 Y112.019 E27.09103 ; perimeter
G1 Z69.314 X222.852 Y113.670 E15.97375 ; perimeter
G1 Z69.326 X226.272 Y115.399 E15.96230 ; perimeter
G1 Z69.348 X231.832 Y118.777 E27.09297 ; perimeter
G1 Z69.360 X234.956 Y121.005 E15.98011 ; perimeter
G1 Z69.372 X237.981 Y123.414 E16.10499 ; perimeter
G1 Z69.385 X240.844 Y126.013 E16.10386 ; perimeter
G1 Z69.397 X243.604 Y128.676 E15.97021 ; perimeter
G1 Z69.418 X247.926 Y133.537 E27.09062 ; perimeter
G1 Z69.431 X250.262 Y136.581 E15.97980 ; perimeter
G1 Z69.443 X252.430 Y139.736 E15.94263 ; perimeter
G1 Z69.466 X256.017 Y145.906 E29.72276 ; perimeter
G1 Z69.489 X259.002 Y152.365 E29.63217 ; perimeter
G1 Z69.502 X260.301 Y155.966 E15.94616 ; perimeter
G1 Z69.514 X261.494 Y159.643 E16.09638 ; perimeter
G1 Z69.527 X262.462 Y163.386 E16.10201 ; perimeter
G1 Z69.539 X263.212 Y167.147 E15.97255 ; perimeter
G1 Z69.560 X264.076 Y173.593 E27.08450 ; perimeter
G1 Z69.572 X264.310 Y177.422 E15.97732 ; perimeter
G1 Z69.585 X264.344 Y181.289 E16.10226 ; perimeter
G1 Z69.597 X264.176 Y185.152 E16.10462 ; perimeter
G1 Z69.610 X263.795 Y188.968 E15.97124 ; perimeter
G1 Z69.631 X262.721 Y195.382 E27.08224 ; perimeter
G1 Z69.643 X261.826 Y199.113 E15.98009 ; perimeter
G1 Z69.656 X260.742 Y202.823 E16.09866 ; perimeter
G1 Z69.668 X259.451 Y206.468 E16.10147 ; perimeter
G1 Z69.681 X257.984 Y210.012 E15.97675 ; perimeter
G1 Z69.702 X255.082 Y215.833 E27.08840 ; perimeter
G1 Z69.714 X253.135 Y219.139 E15.97600 ; perimeter
G1 Z69.726 X251.018 Y222.338 E15.97562 ; perimeter
G1 Z69.748 X247.066 Y227.504 E27.08963 ; perimeter
G1 Z69.760 X244.499 Y230.356 E15.97746 ; perimeter
G1 Z69.772 X241.799 Y233.120 E16.09604 ; perimeter
G1 Z69.785 X238.948 Y235.733 E16.10585 ; perimeter
G1 Z69.797 X235.996 Y238.182 E15.97341 ; perimeter
G1 Z69.818 X230.701 Y241.959 E27.08843 ; perimeter
G1 Z69.831 X227.430 Y243.964 E15.97590 ; perimeter
G1 Z69.843 X224.059 Y245.795 E15.97589 ; perimeter
G1 Z69.864 X218.171 Y248.488 E26.96459 ; perimeter
G1 Z69.885 X212.068 Y250.650 E26.96451 ; perimeter
G1 Z69.897 X208.371 Y251.675 E15.97752 ; perimeter
G1 Z69.910 X204.595 Y252.511 E16.10715 ; perimeter
G1 Z69.922 X200.777 Y253.124 E16.10311 ; perimeter
G1 Z69.935 X196.937 Y253.580 E16.10342 ; perimeter
G1 Z69.947 X193.078 Y253.816 E16.10375 ; perimeter
G1 Z69.960 X189.211 Y253.850 E16.10353 ; perimeter
G1 Z69.972 X185.348 Y253.681 E16.10585 ; perimeter
G1 Z69.985 X181.530 Y253.306 E15.97407 ; perimeter
G1 Z70.006 X175.143 Y252.246 E26.96291 ; perimeter
G1 Z70.027 X168.874 Y250.631 E26.96148 ; perimeter
G1 Z70.039 X165.242 Y249.394 E15.98027 ; perimeter
G1 Z70.052 X161.643 Y247.984 E16.09843 ; perimeter
G1 Z70.064 X158.124 Y246.381 E16.10601 ; perimeter
G1 Z70.076 X154.718 Y244.617 E15.97323 ; perimeter
G1 Z70.098 X149.171 Y241.218 E27.09073 ; perimeter
G1 Z70.110 X146.048 Y238.990 E15.97887 ; perimeter
G1 Z70.122 X143.022 Y236.583 E16.10427 ; perimeter
G1 Z70.135 X140.125 Y234.021 E16.10487 ; perimeter
G1 Z70.147 X137.389 Y231.332 E15.97817 ; perimeter
G1 Z70.168 X133.074 Y226.463 E27.09226 ; perimeter
G1 Z70.181 X130.738 Y223.419 E15.97988 ; perimeter
G1 Z70.193 X128.548 Y220.232 E16.10435 ; perimeter
G1 Z70.206 X126.527 Y216.935 E16.10520 ; perimeter
G1 Z70.218 X124.697 Y213.563 E15.97796 ; perimeter
G1 Z70.239 X122.012 Y207.671 E26.96585 ; perimeter
G1 Z70.260 X119.850 Y201.568 E26.96453 ; perimeter
G1 Z70.272 X118.825 Y197.871 E15.97750 ; perimeter
G1 Z70.285 X117.988 Y194.095 E16.10734 ; perimeter
G1 Z70.297 X117.362 Y190.279 E16.10363 ; perimeter
G1 Z70.310 X116.916 Y186.438 E16.10569 ; perimeter
G1 Z70.322 X116.686 Y182.578 E16.10537 ; perimeter
G1 Z70.335 X116.644 Y178.750 E15.94091 ; perimeter
G1 Z70.358 X117.114 Y171.627 E29.72813 ; perimeter
G1 Z70.381 X118.256 Y164.604 E29.63194 ; perimeter
G1 Z70.393 X119.150 Y160.881 E15.94541 ; perimeter
G1 Z70.406 X120.238 Y157.212 E15.93978 ; perimeter
G1 Z70.429 X122.770 Y150.538 E29.72676 ; perimeter
G1 Z70.452 X125.914 Y144.155 E29.63347 ; perimeter
G1 Z70.464 X127.856 Y140.856 E15.94503 ; perimeter
G1 Z70.476 X129.973 Y137.656 E15.97772 ; perimeter
G1 Z70.498 X133.933 Y132.495 E27.09176 ; perimeter
G1 Z70.500 X134.441 Y131.921 E3.19226 ; perimeter
;LAYER_CHANGE
;Z:72
;HEIGHT:1.5
G1 Z70.500 F960 ; simple layer change
G1 F2400
G1 Z70.510 X136.475 Y129.621 E12.78699 ; perimeter
G1 Z70.522 X139.165 Y126.885 E15.97932 ; perimeter
G1 Z70.543 X144.037 Y122.574 E27.09296 ; perimeter
G1 Z70.556 X147.081 Y120.238 E15.97989 ; perimeter
G1 Z70.568 X150.236 Y118.070 E15.94262 ; perimeter
G1 Z70.591 X156.416 Y114.471 E29.78557 ; perimeter
G1 Z70.614 X162.836 Y111.509 E29.44379 ; perimeter
G1 Z70.635 X168.932 Y109.350 E26.93266 ; perimeter
G1 Z70.647 X172.629 Y108.325 E15.97756 ; perimeter
G1 Z70.660 X176.405 Y107.488 E16.10742 ; perimeter
G1 Z70.672 X180.219 Y106.850 E16.10466 ; perimeter
G1 Z70.685 X184.023 Y106.416 E15.94508 ; perimeter
G1 Z70.708 X191.170 Y106.140 E29.78683 ; perimeter
G1 Z70.731 X198.260 Y106.540 E29.57450 ; perimeter
G1 Z70.743 X202.056 Y107.040 E15.94560 ; perimeter
G1 Z70.756 X205.858 Y107.745 E16.10384 ; perimeter
G1 Z70.768 X209.619 Y108.648 E16.10837 ; perimeter
G1 Z70.781 X213.298 Y109.737 E15.97887 ; perimeter
G1 Z70.802 X219.391 Y112.016 E27.09214 ; perimeter
G1 Z70.814 X222.882 Y113.607 E15.97743 ; perimeter
G1 Z70.826 X226.285 Y115.378 E15.97666 ; perimeter
G1 Z70.848 X231.832 Y118.777 E27.09336 ; perimeter
G1 Z70.860 X234.956 Y121.005 E15.98021 ; perimeter
G1 Z70.872 X237.982 Y123.413 E16.10545 ; perimeter
G1 Z70.885 X240.879 Y125.975 E16.10617 ; perimeter
G1 Z70.897 X243.615 Y128.665 E15.97927 ; perimeter
G1 Z70.918 X247.926 Y133.537 E27.09300 ; perimeter
G1 Z70.931 X250.261 Y136.581 E15.97736 ; perimeter
G1 Z70.943 X252.430 Y139.736 E15.94509 ; perimeter
G1 Z70.966 X256.029 Y145.916 E29.78564 ; perimeter
G1 Z70.989 X259.004 Y152.364 E29.57235 ; perimeter
G1 Z71.002 X260.345 Y155.951 E15.94839 ; perimeter
G1 Z71.014 X261.508 Y159.639 E16.10480 ; perimeter
G1 Z71.027 X262.476 Y163.383 E16.10515 ; perimeter
G1 Z71.039 X263.241 Y167.143 E15.97988 ; perimeter
G1 Z71.060 X264.090 Y173.592 E27.08946 ; perimeter
G1 Z71.072 X264.324 Y177.422 E15.98040 ; perimeter
G1 Z71.085 X264.358 Y181.289 E16.10531 ; perimeter
G1 Z71.097 X264.189 Y185.153 E16.10757 ; perimeter
G1 Z71.110 X263.822 Y188.972 E15.97805 ; perimeter
G1 Z71.131 X262.748 Y195.388 E27.09214 ; perimeter
G1 Z71.143 X261.852 Y199.119 E15.98007 ; perimeter
G1 Z71.156 X260.754 Y202.827 E16.10532 ; perimeter
G1 Z71.168 X259.463 Y206.472 E16.10415 ; perimeter
G1 Z71.181 X257.995 Y210.017 E15.97946 ; perimeter
G1 Z71.202 X255.092 Y215.839 E27.09354 ; perimeter
G1 Z71.214 X253.145 Y219.145 E15.97864 ; perimeter
G1 Z71.226 X251.027 Y222.344 E15.97809 ; perimeter
G1 Z71.248 X247.067 Y227.505 E27.09182 ; perimeter
G1 Z71.260 X244.525 Y230.379 E15.97924 ; perimeter
G1 Z71.272 X241.814 Y233.137 E16.10597 ; perimeter
G1 Z71.285 X238.963 Y235.750 E16.10591 ; perimeter
G1 Z71.297 X236.002 Y238.190 E15.97896 ; perimeter
G1 Z71.318 X230.706 Y241.968 E27.09290 ; perimeter
G1 Z71.331 X227.435 Y243.973 E15.97803 ; perimeter
G1 Z71.343 X224.063 Y245.803 E15.97802 ; perimeter
G1 Z71.364 X218.171 Y248.488 E26.96581 ; perimeter
G1 Z71.385 X212.068 Y250.650 E26.96454 ; perimeter
G1 Z71.397 X208.371 Y251.675 E15.97750 ; perimeter
G1 Z71.410 X204.595 Y252.512 E16.10741 ; perimeter
G1 Z71.422 X200.781 Y253.150 E16.10466 ; perimeter
G1 Z71.435 X196.938 Y253.588 E16.10834 ; perimeter
G1 Z71.447 X193.078 Y253.824 E16.10556 ; perimeter
G1 Z71.460 X189.211 Y253.858 E16.10531 ; perimeter
G1 Z71.472 X185.347 Y253.689 E16.10757 ; perimeter
G1 Z71.485 X181.528 Y253.322 E15.97805 ; perimeter
G1 Z71.506 X175.142 Y252.253 E26.96548 ; perimeter
G1 Z71.527 X168.874 Y250.632 E26.96279 ; perimeter
G1 Z71.539 X165.235 Y249.414 E15.98154 ; perimeter
G1 Z71.552 X161.637 Y247.997 E16.10458 ; perimeter
G1 Z71.564 X158.118 Y246.393 E16.10602 ; perimeter
G1 Z71.576 X154.715 Y244.622 E15.97664 ; perimeter
G1 Z71.598 X149.168 Y241.223 E27.09338 ; perimeter
G1 Z71.610 X146.044 Y238.995 E15.98017 ; perimeter
G1 Z71.622 X143.018 Y236.587 E16.10547 ; perimeter
G1 Z71.635 X140.121 Y234.025 E16.10617 ; perimeter
G1 Z71.647 X137.385 Y231.335 E15.97932 ; perimeter
G1 Z71.668 X133.074 Y226.463 E27.09296 ; perimeter
G1 Z71.681 X130.738 Y223.419 E15.97989 ; perimeter
G1 Z71.693 X128.548 Y220.232 E16.10435 ; perimeter
G1 Z71.706 X126.527 Y216.935 E16.10520 ; perimeter
G1 Z71.718 X124.697 Y213.563 E15.97796 ; perimeter
G1 Z71.739 X122.012 Y207.671 E26.96584 ; perimeter
G1 Z71.760 X119.850 Y201.568 E26.96454 ; perimeter
G1 Z71.772 X118.825 Y197.871 E15.97750 ; perimeter
G1 Z71.785 X117.988 Y194.095 E16.10741 ; perimeter
G1 Z71.797 X117.350 Y190.281 E16.10466 ; perimeter
G1 Z71.810 X116.912 Y186.438 E16.10835 ; perimeter
G1 Z71.822 X116.676 Y182.578 E16.10555 ; perimeter
G1 Z71.835 X116.642 Y178.741 E15.98037 ; perimeter
G1 Z71.856 X117.042 Y172.248 E27.09148 ; perimeter
G1 Z71.868 X117.548 Y168.445 E15.97729 ; perimeter
G1 Z71.881 X118.245 Y164.642 E16.10321 ; perimeter
G1 Z71.893 X119.148 Y160.881 E16.10835 ; perimeter
G1 Z71.906 X120.237 Y157.202 E15.97884 ; perimeter
G1 Z71.927 X122.517 Y151.110 E27.09211 ; perimeter
G1 Z71.939 X124.110 Y147.620 E15.97657 ; perimeter
G1 Z71.951 X125.874 Y144.222 E15.94279 ; perimeter
G1 Z71.975 X129.642 Y138.142 E29.78933 ; perimeter
G1 Z71.998 X133.938 Y132.489 E29.56951 ; perimeter
G1 Z72.000 X134.441 Y131.921 E3.15974 ; perimeter
;LAYER_CHANGE
;Z:73.5
;HEIGHT:1.5
G1 Z72.000 F960 ; simple layer change
G1 F2400
G1 Z72.010 X136.475 Y129.621 E12.78699 ; perimeter
G1 Z72.022 X139.165 Y126.885 E15.97932 ; perimeter
G1 Z72.043 X144.037 Y122.574 E27.09298 ; perimeter
G1 Z72.056 X147.081 Y120.238 E15.97989 ; perimeter
G1 Z72.068 X150.235 Y118.070 E15.93923 ; perimeter
G1 Z72.091 X156.429 Y114.464 E29.84866 ; perimeter
G1 Z72.114 X162.836 Y111.509 E29.38413 ; perimeter
G1 Z72.135 X168.932 Y109.350 E26.93295 ; perimeter
G1 Z72.147 X172.629 Y108.325 E15.97744 ; perimeter
G1 Z72.160 X176.405 Y107.488 E16.10741 ; perimeter
G1 Z72.172 X180.219 Y106.850 E16.10466 ; perimeter
G1 Z72.185 X184.023 Y106.416 E15.94502 ; perimeter
G1 Z72.208 X191.185 Y106.140 E29.84941 ; perimeter
G1 Z72.231 X198.260 Y106.540 E29.51195 ; perimeter
G1 Z72.243 X202.056 Y107.040 E15.94554 ; perimeter
G1 Z72.256 X205.820 Y107.738 E15.94296 ; perimeter
G1 Z72.279 X212.747 Y109.573 E29.84453 ; perimeter
G1 Z72.302 X219.398 Y112.019 E29.51202 ; perimeter
G1 Z72.314 X222.882 Y113.607 E15.94577 ; perimeter
G1 Z72.326 X226.285 Y115.378 E15.97664 ; perimeter
G1 Z72.348 X231.832 Y118.777 E27.09338 ; perimeter
G1 Z72.360 X234.956 Y121.005 E15.98019 ; perimeter
G1 Z72.372 X237.982 Y123.413 E16.10545 ; perimeter
G1 Z72.385 X240.879 Y125.975 E16.10610 ; perimeter
G1 Z72.397 X243.615 Y128.665 E15.97939 ; perimeter
G1 Z72.418 X247.926 Y133.537 E27.09296 ; perimeter
G1 Z72.431 X250.261 Y136.581 E15.97739 ; perimeter
G1 Z72.443 X252.430 Y139.735 E15.94154 ; perimeter
G1 Z72.466 X256.036 Y145.929 E29.84873 ; perimeter
G1 Z72.489 X259.004 Y152.364 E29.51269 ; perimeter
G1 Z72.502 X260.345 Y155.951 E15.94839 ; perimeter
G1 Z72.514 X261.508 Y159.639 E16.10480 ; perimeter
G1 Z72.527 X262.476 Y163.383 E16.10515 ; perimeter
G1 Z72.539 X263.241 Y167.143 E15.97988 ; perimeter
G1 Z72.560 X264.090 Y173.592 E27.08954 ; perimeter
G1 Z72.572 X264.324 Y177.422 E15.98033 ; perimeter
G1 Z72.585 X264.358 Y181.289 E16.10531 ; perimeter
G1 Z72.597 X264.189 Y185.153 E16.10756 ; perimeter
G1 Z72.610 X263.822 Y188.972 E15.97805 ; perimeter
G1 Z72.631 X262.748 Y195.388 E27.09214 ; perimeter
G1 Z72.643 X261.852 Y199.119 E15.98001 ; perimeter
G1 Z72.656 X260.754 Y202.827 E16.10538 ; perimeter
G1 Z72.668 X259.463 Y206.472 E16.10409 ; perimeter
G1 Z72.681 X257.995 Y210.017 E15.97952 ; perimeter
G1 Z72.702 X255.092 Y215.839 E27.09363 ; perimeter
G1 Z72.714 X253.145 Y219.145 E15.97859 ; perimeter
G1 Z72.726 X251.027 Y222.344 E15.97807 ; perimeter
G1 Z72.748 X247.067 Y227.505 E27.09178 ; perimeter
G1 Z72.760 X244.525 Y230.379 E15.97928 ; perimeter
G1 Z72.772 X241.814 Y233.137 E16.10597 ; perimeter
G1 Z72.785 X238.963 Y235.750 E16.10591 ; perimeter
G1 Z72.797 X236.002 Y238.190 E15.97896 ; perimeter
G1 Z72.818 X230.706 Y241.968 E27.09290 ; perimeter
G1 Z72.831 X227.435 Y243.973 E15.97806 ; perimeter
G1 Z72.843 X224.063 Y245.803 E15.97799 ; perimeter
G1 Z72.864 X218.171 Y248.488 E26.96581 ; perimeter
G1 Z72.885 X212.068 Y250.650 E26.96454 ; perimeter
G1 Z72.897 X208.371 Y251.675 E15.97748 ; perimeter
G1 Z72.910 X204.595 Y252.512 E16.10743 ; perimeter
G1 Z72.922 X200.781 Y253.150 E16.10466 ; perimeter
G1 Z72.935 X196.938 Y253.588 E16.10834 ; perimeter
G1 Z72.947 X193.078 Y253.824 E16.10556 ; perimeter
G1 Z72.960 X189.211 Y253.858 E16.10531 ; perimeter
G1 Z72.972 X185.347 Y253.689 E16.10757 ; perimeter
G1 Z72.985 X181.528 Y253.322 E15.97805 ; perimeter
G1 Z73.006 X175.142 Y252.253 E26.96549 ; perimeter
G1 Z73.027 X168.874 Y250.632 E26.96279 ; perimeter
G1 Z73.039 X165.235 Y249.414 E15.98152 ; perimeter
G1 Z73.052 X161.637 Y247.997 E16.10460 ; perimeter
G1 Z73.064 X158.118 Y246.393 E16.10599 ; perimeter
G1 Z73.076 X154.715 Y244.622 E15.97667 ; perimeter
G1 Z73.098 X149.168 Y241.223 E27.09338 ; perimeter
G1 Z73.110 X146.044 Y238.995 E15.98013 ; perimeter
G1 Z73.122 X143.018 Y236.587 E16.10547 ; perimeter
G1 Z73.135 X140.121 Y234.025 E16.10617 ; perimeter
G1 Z73.147 X137.385 Y231.335 E15.97932 ; perimeter
G1 Z73.168 X133.074 Y226.463 E27.09296 ; perimeter
G1 Z73.181 X130.738 Y223.419 E15.97989 ; perimeter
G1 Z73.193 X128.570 Y220.265 E15.93918 ; perimeter
G1 Z73.216 X124.965 Y214.070 E29.84866 ; perimeter
G1 Z73.239 X122.009 Y207.664 E29.38373 ; perimeter
G1 Z73.260 X119.850 Y201.568 E26.93288 ; perimeter
G1 Z73.272 X118.825 Y197.871 E15.97750 ; perimeter
G1 Z73.285 X117.988 Y194.095 E16.10741 ; perimeter
G1 Z73.297 X117.350 Y190.281 E16.10466 ; perimeter
G1 Z73.310 X116.912 Y186.438 E16.10835 ; perimeter
G1 Z73.322 X116.676 Y182.578 E16.10555 ; perimeter
G1 Z73.335 X116.642 Y178.750 E15.94289 ; perimeter
G1 Z73.358 X117.117 Y171.599 E29.84650 ; perimeter
G1 Z73.381 X118.254 Y164.604 E29.51461 ; perimeter
G1 Z73.393 X119.148 Y160.881 E15.94578 ; perimeter
G1 Z73.406 X120.237 Y157.202 E15.97881 ; perimeter
G1 Z73.427 X122.516 Y151.109 E27.09213 ; perimeter
G1 Z73.439 X124.107 Y147.618 E15.97746 ; perimeter
G1 Z73.451 X125.874 Y144.222 E15.94309 ; perimeter
G1 Z73.475 X129.650 Y138.130 E29.84942 ; perimeter
G1 Z73.498 X133.938 Y132.489 E29.50959 ; perimeter
G1 Z73.500 X134.441 Y131.921 E3.15974 ; perimeter
;LAYER_CHANGE
;Z:75
;HEIGHT:1.5
G1 Z73.500 F960 ; simple layer change
G1 F2400
G1 Z73.510 X136.475 Y129.621 E12.78694 ; perimeter
G1 Z73.522 X139.165 Y126.885 E15.97939 ; perimeter
G1 Z73.543 X144.037 Y122.574 E27.09294 ; perimeter
G1 Z73.556 X147.081 Y120.238 E15.97991 ; perimeter
G1 Z73.568 X150.235 Y118.070 E15.93912 ; perimeter
G1 Z73.591 X156.442 Y114.458 E29.91010 ; perimeter
G1 Z73.614 X162.836 Y111.509 E29.32271 ; perimeter
G1 Z73.635 X168.932 Y109.350 E26.93289 ; perimeter
G1 Z73.647 X172.629 Y108.325 E15.97750 ; perimeter
G1 Z73.660 X176.405 Y107.488 E16.10742 ; perimeter
G1 Z73.672 X180.219 Y106.850 E16.10465 ; perimeter
G1 Z73.685 X184.023 Y106.416 E15.94508 ; perimeter
G1 Z73.708 X191.199 Y106.141 E29.90729 ; perimeter
G1 Z73.731 X198.259 Y106.540 E29.44957 ; perimeter
G1 Z73.743 X202.056 Y107.040 E15.94963 ; perimeter
G1 Z73.756 X205.819 Y107.738 E15.93895 ; perimeter
G1 Z73.779 X212.763 Y109.572 E29.90958 ; perimeter
G1 Z73.802 X219.398 Y112.019 E29.45316 ; perimeter
G1 Z73.814 X222.882 Y113.607 E15.94582 ; perimeter
G1 Z73.826 X226.285 Y115.378 E15.97658 ; perimeter
G1 Z73.848 X231.832 Y118.777 E27.09331 ; perimeter
G1 Z73.860 X234.956 Y121.005 E15.98022 ; perimeter
G1 Z73.872 X237.982 Y123.413 E16.10547 ; perimeter
G1 Z73.885 X240.879 Y125.975 E16.10617 ; perimeter
G1 Z73.897 X243.615 Y128.665 E15.97932 ; perimeter
G1 Z73.918 X247.926 Y133.537 E27.09296 ; perimeter
G1 Z73.931 X250.261 Y136.581 E15.97735 ; perimeter
G1 Z73.943 X252.451 Y139.769 E16.10622 ; perimeter
G1 Z73.956 X254.419 Y143.097 E16.10135 ; perimeter
G1 Z73.968 X256.284 Y146.446 E15.96568 ; perimeter
G1 Z73.989 X259.001 Y152.357 E27.09410 ; perimeter
G1 Z74.002 X260.345 Y155.951 E15.98005 ; perimeter
G1 Z74.014 X261.508 Y159.639 E16.10476 ; perimeter
G1 Z74.027 X262.476 Y163.383 E16.10515 ; perimeter
G1 Z74.039 X263.241 Y167.143 E15.97988 ; perimeter
G1 Z74.060 X264.090 Y173.592 E27.08954 ; perimeter
G1 Z74.072 X264.324 Y177.422 E15.98033 ; perimeter
G1 Z74.085 X264.358 Y181.289 E16.10531 ; perimeter
G1 Z74.097 X264.189 Y185.153 E16.10757 ; perimeter
G1 Z74.110 X263.822 Y188.972 E15.97811 ; perimeter
G1 Z74.131 X262.748 Y195.388 E27.09208 ; perimeter
G1 Z74.143 X261.852 Y199.119 E15.98007 ; perimeter
G1 Z74.156 X260.754 Y202.827 E16.10532 ; perimeter
G1 Z74.168 X259.463 Y206.472 E16.10415 ; perimeter
G1 Z74.181 X257.995 Y210.017 E15.97946 ; perimeter
G1 Z74.202 X255.092 Y215.839 E27.09357 ; perimeter
G1 Z74.214 X253.145 Y219.145 E15.97867 ; perimeter
G1 Z74.226 X251.027 Y222.344 E15.97804 ; perimeter
G1 Z74.248 X247.067 Y227.505 E27.09182 ; perimeter
G1 Z74.260 X244.525 Y230.379 E15.97924 ; perimeter
G1 Z74.272 X241.814 Y233.137 E16.10597 ; perimeter
G1 Z74.285 X238.963 Y235.750 E16.10591 ; perimeter
G1 Z74.297 X236.002 Y238.190 E15.97896 ; perimeter
G1 Z74.318 X230.706 Y241.968 E27.09290 ; perimeter
G1 Z74.331 X227.435 Y243.973 E15.97809 ; perimeter
G1 Z74.343 X224.063 Y245.803 E15.97796 ; perimeter
G1 Z74.364 X218.171 Y248.488 E26.96581 ; perimeter
G1 Z74.385 X212.068 Y250.650 E26.96454 ; perimeter
G1 Z74.397 X208.371 Y251.675 E15.97752 ; perimeter
G1 Z74.410 X204.595 Y252.512 E16.10740 ; perimeter
G1 Z74.422 X200.781 Y253.150 E16.10466 ; perimeter
G1 Z74.435 X196.938 Y253.588 E16.10835 ; perimeter
G1 Z74.447 X193.078 Y253.824 E16.10555 ; perimeter
G1 Z74.460 X189.211 Y253.858 E16.10531 ; perimeter
G1 Z74.472 X185.347 Y253.689 E16.10757 ; perimeter
G1 Z74.485 X181.528 Y253.322 E15.97804 ; perimeter
G1 Z74.506 X175.142 Y252.253 E26.96549 ; perimeter
G1 Z74.527 X168.874 Y250.632 E26.96283 ; perimeter
G1 Z74.539 X165.235 Y249.414 E15.98150 ; perimeter
G1 Z74.552 X161.637 Y247.997 E16.10460 ; perimeter
G1 Z74.564 X158.118 Y246.393 E16.10599 ; perimeter
G1 Z74.577 X154.715 Y244.622 E15.97664 ; perimeter
G1 Z74.598 X149.168 Y241.223 E27.09335 ; perimeter
G1 Z74.610 X146.044 Y238.995 E15.98021 ; perimeter
G1 Z74.622 X143.018 Y236.587 E16.10547 ; perimeter
G1 Z74.635 X140.121 Y234.025 E16.10617 ; perimeter
G1 Z74.647 X137.385 Y231.335 E15.97928 ; perimeter
G1 Z74.668 X133.074 Y226.463 E27.09306 ; perimeter
G1 Z74.681 X130.738 Y223.419 E15.97984 ; perimeter
G1 Z74.693 X128.570 Y220.265 E15.93919 ; perimeter
G1 Z74.716 X124.957 Y214.058 E29.91030 ; perimeter
G1 Z74.739 X122.009 Y207.664 E29.32273 ; perimeter
G1 Z74.760 X119.850 Y201.568 E26.93289 ; perimeter
G1 Z74.772 X118.825 Y197.871 E15.97750 ; perimeter
G1 Z74.785 X117.988 Y194.095 E16.10741 ; perimeter
G1 Z74.797 X117.350 Y190.281 E16.10466 ; perimeter
G1 Z74.810 X116.912 Y186.438 E16.10835 ; perimeter
G1 Z74.822 X116.676 Y182.578 E16.10555 ; perimeter
G1 Z74.835 X116.642 Y178.750 E15.94289 ; perimeter
G1 Z74.858 X117.117 Y171.584 E29.90931 ; perimeter
G1 Z74.881 X118.254 Y164.604 E29.45234 ; perimeter
G1 Z74.893 X119.148 Y160.881 E15.94573 ; perimeter
G1 Z74.906 X120.235 Y157.211 E15.94059 ; perimeter
G1 Z74.929 X122.784 Y150.497 E29.90862 ; perimeter
G1 Z74.952 X125.912 Y144.154 E29.45371 ; perimeter
G1 Z74.964 X127.857 Y140.856 E15.94485 ; perimeter
G1 Z74.976 X129.973 Y137.656 E15.97764 ; perimeter
G1 Z74.998 X133.933 Y132.495 E27.09185 ; perimeter
G1 Z75.000 X134.441 Y131.921 E3.19225 ; perimeter
;LAYER_CHANGE
;Z:76.5
;HEIGHT:1.5
G1 Z75.000 F960 ; simple layer change
G1 F2400
G1 Z75.010 X136.475 Y129.621 E12.78695 ; perimeter
G1 Z75.022 X139.165 Y126.885 E15.97936 ; perimeter
G1 Z75.043 X144.037 Y122.574 E27.09296 ; perimeter
G1 Z75.056 X147.081 Y120.238 E15.97994 ; perimeter
G1 Z75.068 X150.235 Y118.070 E15.93910 ; perimeter
G1 Z75.091 X156.455 Y114.451 E29.97152 ; perimeter
G1 Z75.114 X162.836 Y111.509 E29.26135 ; perimeter
G1 Z75.135 X168.932 Y109.350 E26.93289 ; perimeter
G1 Z75.147 X172.629 Y108.325 E15.97750 ; perimeter
G1 Z75.160 X176.405 Y107.488 E16.10741 ; perimeter
G1 Z75.172 X180.219 Y106.850 E16.10466 ; perimeter
G1 Z75.185 X184.022 Y106.416 E15.94097 ; perimeter
G1 Z75.208 X191.213 Y106.141 E29.96974 ; perimeter
G1 Z75.231 X198.259 Y106.540 E29.39124 ; perimeter
G1 Z75.243 X202.056 Y107.040 E15.94974 ; perimeter
G1 Z75.256 X205.819 Y107.738 E15.93887 ; perimeter
G1 Z75.279 X212.777 Y109.576 E29.97151 ; perimeter
G1 Z75.302 X219.398 Y112.019 E29.39128 ; perimeter
G1 Z75.314 X222.882 Y113.607 E15.94575 ; perimeter
G1 Z75.326 X226.285 Y115.378 E15.97664 ; perimeter
G1 Z75.348 X231.832 Y118.777 E27.09345 ; perimeter
G1 Z75.360 X234.956 Y121.005 E15.98012 ; perimeter
G1 Z75.372 X237.982 Y123.413 E16.10545 ; perimeter
G1 Z75.385 X240.879 Y125.975 E16.10615 ; perimeter
G1 Z75.397 X243.615 Y128.665 E15.97934 ; perimeter
G1 Z75.418 X247.926 Y133.537 E27.09296 ; perimeter
G1 Z75.431 X250.261 Y136.581 E15.97731 ; perimeter
G1 Z75.443 X252.452 Y139.768 E16.10675 ; perimeter
G1 Z75.456 X254.473 Y143.065 E16.10517 ; perimeter
G1 Z75.468 X256.303 Y146.437 E15.97799 ; perimeter
G1 Z75.489 X259.001 Y152.357 E27.09440 ; perimeter
G1 Z75.502 X260.345 Y155.951 E15.98007 ; perimeter
G1 Z75.514 X261.508 Y159.639 E16.10480 ; perimeter
G1 Z75.527 X262.476 Y163.383 E16.10515 ; perimeter
G1 Z75.539 X263.241 Y167.143 E15.97988 ; perimeter
G1 Z75.560 X264.090 Y173.592 E27.08954 ; perimeter
G1 Z75.572 X264.324 Y177.422 E15.98033 ; perimeter
G1 Z75.585 X264.358 Y181.289 E16.10531 ; perimeter
G1 Z75.597 X264.189 Y185.153 E16.10757 ; perimeter
G1 Z75.610 X263.822 Y188.972 E15.97799 ; perimeter
G1 Z75.631 X262.748 Y195.388 E27.09220 ; perimeter
G1 Z75.643 X261.852 Y199.119 E15.98007 ; perimeter
G1 Z75.656 X260.754 Y202.827 E16.10532 ; perimeter
G1 Z75.668 X259.463 Y206.472 E16.10415 ; perimeter
G1 Z75.681 X257.995 Y210.017 E15.97946 ; perimeter
G1 Z75.702 X255.092 Y215.839 E27.09360 ; perimeter
G1 Z75.714 X253.145 Y219.145 E15.97859 ; perimeter
G1 Z75.726 X251.027 Y222.344 E15.97806 ; perimeter
G1 Z75.748 X247.067 Y227.505 E27.09182 ; perimeter
G1 Z75.760 X244.525 Y230.379 E15.97928 ; perimeter
G1 Z75.772 X241.814 Y233.137 E16.10597 ; perimeter
G1 Z75.785 X238.963 Y235.750 E16.10591 ; perimeter
G1 Z75.797 X236.002 Y238.190 E15.97896 ; perimeter
G1 Z75.818 X230.706 Y241.968 E27.09294 ; perimeter
G1 Z75.831 X227.435 Y243.973 E15.97806 ; perimeter
G1 Z75.843 X224.063 Y245.803 E15.97793 ; perimeter
G1 Z75.864 X218.171 Y248.488 E26.96584 ; perimeter
G1 Z75.885 X212.068 Y250.650 E26.96454 ; perimeter
G1 Z75.897 X208.371 Y251.675 E15.97750 ; perimeter
G1 Z75.910 X204.595 Y252.512 E16.10741 ; perimeter
G1 Z75.922 X200.781 Y253.150 E16.10466 ; perimeter
G1 Z75.935 X196.938 Y253.588 E16.10836 ; perimeter
G1 Z75.947 X193.078 Y253.824 E16.10555 ; perimeter
G1 Z75.960 X189.211 Y253.858 E16.10531 ; perimeter
G1 Z75.972 X185.347 Y253.689 E16.10757 ; perimeter
G1 Z75.985 X181.528 Y253.322 E15.97806 ; perimeter
G1 Z76.006 X175.142 Y252.253 E26.96547 ; perimeter
G1 Z76.027 X168.874 Y250.632 E26.96281 ; perimeter
G1 Z76.039 X165.235 Y249.414 E15.98152 ; perimeter
G1 Z76.052 X161.637 Y247.997 E16.10458 ; perimeter
G1 Z76.064 X158.118 Y246.393 E16.10602 ; perimeter
G1 Z76.076 X154.715 Y244.622 E15.97661 ; perimeter
G1 Z76.098 X149.168 Y241.223 E27.09344 ; perimeter
G1 Z76.110 X146.044 Y238.995 E15.98013 ; perimeter
G1 Z76.122 X143.018 Y236.587 E16.10547 ; perimeter
G1 Z76.135 X140.121 Y234.025 E16.10617 ; perimeter
G1 Z76.147 X137.385 Y231.335 E15.97932 ; perimeter
G1 Z76.168 X133.074 Y226.463 E27.09291 ; perimeter
G1 Z76.181 X130.738 Y223.419 E15.97994 ; perimeter
G1 Z76.193 X128.548 Y220.232 E16.10418 ; perimeter
G1 Z76.206 X126.542 Y216.926 E16.10376 ; perimeter
G1 Z76.218 X124.702 Y213.561 E15.97436 ; perimeter
G1 Z76.239 X122.012 Y207.671 E26.96572 ; perimeter
G1 Z76.260 X119.850 Y201.568 E26.96453 ; perimeter
G1 Z76.272 X118.825 Y197.871 E15.97750 ; perimeter
G1 Z76.285 X117.988 Y194.095 E16.10740 ; perimeter
G1 Z76.297 X117.350 Y190.281 E16.10467 ; perimeter
G1 Z76.310 X116.912 Y186.438 E16.10841 ; perimeter
G1 Z76.322 X116.676 Y182.578 E16.10549 ; perimeter
G1 Z76.335 X116.642 Y178.750 E15.94289 ; perimeter
G1 Z76.358 X117.119 Y171.570 E29.96807 ; perimeter
G1 Z76.381 X118.254 Y164.605 E29.38935 ; perimeter
G1 Z76.393 X119.148 Y160.881 E15.94979 ; perimeter
G1 Z76.406 X120.237 Y157.202 E15.97884 ; perimeter
G1 Z76.427 X122.518 Y151.110 E27.09211 ; perimeter
G1 Z76.439 X124.110 Y147.620 E15.97658 ; perimeter
G1 Z76.451 X125.874 Y144.223 E15.93905 ; perimeter
G1 Z76.475 X129.666 Y138.106 E29.97301 ; perimeter
G1 Z76.498 X133.938 Y132.489 E29.38966 ; perimeter
G1 Z76.500 X134.441 Y131.921 E3.15974 ; perimeter
;LAYER_CHANGE
;Z:78
;HEIGHT:1.5
G1 Z76.500 F960 ; simple layer change
G1 F2400
G1 Z76.510 X136.475 Y129.621 E12.78699 ; perimeter
G1 Z76.522 X139.165 Y126.885 E15.97932 ; perimeter
G1 Z76.543 X144.037 Y122.574 E27.09296 ; perimeter
G1 Z76.556 X147.081 Y120.238 E15.97987 ; perimeter
G1 Z76.568 X150.235 Y118.070 E15.93686 ; perimeter
G1 Z76.591 X156.467 Y114.444 E30.02972 ; perimeter
G1 Z76.614 X162.836 Y111.509 E29.20559 ; perimeter
G1 Z76.635 X168.932 Y109.350 E26.93289 ; perimeter
G1 Z76.647 X172.629 Y108.325 E15.97744 ; perimeter
G1 Z76.660 X176.405 Y107.488 E16.10740 ; perimeter
G1 Z76.672 X180.219 Y106.850 E16.10467 ; perimeter
G1 Z76.685 X184.022 Y106.416 E15.94095 ; perimeter
G1 Z76.708 X191.228 Y106.141 E30.03213 ; perimeter
G1 Z76.731 X198.259 Y106.540 E29.32899 ; perimeter
G1 Z76.743 X202.056 Y107.040 E15.94967 ; perimeter
G1 Z76.756 X205.819 Y107.738 E15.93895 ; perimeter
G1 Z76.779 X212.791 Y109.581 E30.03172 ; perimeter
G1 Z76.802 X219.398 Y112.019 E29.33088 ; perimeter
G1 Z76.814 X222.882 Y113.607 E15.94572 ; perimeter
G1 Z76.826 X226.285 Y115.378 E15.97667 ; perimeter
G1 Z76.847 X231.832 Y118.777 E27.09336 ; perimeter
G1 Z76.860 X234.956 Y121.005 E15.98015 ; perimeter
G1 Z76.872 X237.982 Y123.413 E16.10549 ; perimeter
G1 Z76.885 X240.879 Y125.975 E16.10617 ; perimeter
G1 Z76.897 X243.615 Y128.665 E15.97936 ; perimeter
G1 Z76.918 X247.926 Y133.537 E27.09292 ; perimeter
G1 Z76.931 X250.261 Y136.581 E15.97739 ; perimeter
G1 Z76.943 X252.452 Y139.768 E16.10667 ; perimeter
G1 Z76.956 X254.473 Y143.065 E16.10517 ; perimeter
G1 Z76.968 X256.303 Y146.437 E15.97799 ; perimeter
G1 Z76.989 X259.001 Y152.357 E27.09440 ; perimeter
G1 Z77.002 X260.345 Y155.951 E15.98007 ; perimeter
G1 Z77.014 X261.508 Y159.639 E16.10480 ; perimeter
G1 Z77.027 X262.476 Y163.383 E16.10515 ; perimeter
G1 Z77.039 X263.241 Y167.143 E15.97988 ; perimeter
G1 Z77.060 X264.090 Y173.592 E27.08954 ; perimeter
G1 Z77.072 X264.324 Y177.422 E15.98033 ; perimeter
G1 Z77.085 X264.358 Y181.289 E16.10531 ; perimeter
G1 Z77.097 X264.189 Y185.153 E16.10751 ; perimeter
G1 Z77.110 X263.822 Y188.972 E15.97811 ; perimeter
G1 Z77.131 X262.748 Y195.388 E27.09214 ; perimeter
G1 Z77.143 X261.852 Y199.119 E15.98007 ; perimeter
G1 Z77.156 X260.754 Y202.827 E16.10528 ; perimeter
G1 Z77.168 X259.463 Y206.472 E16.10413 ; perimeter
G1 Z77.181 X257.995 Y210.017 E15.97952 ; perimeter
G1 Z77.202 X255.092 Y215.839 E27.09357 ; perimeter
G1 Z77.214 X253.145 Y219.145 E15.97862 ; perimeter
G1 Z77.226 X251.027 Y222.344 E15.97806 ; perimeter
G1 Z77.248 X247.067 Y227.505 E27.09182 ; perimeter
G1 Z77.260 X244.525 Y230.379 E15.97928 ; perimeter
G1 Z77.272 X241.814 Y233.137 E16.10597 ; perimeter
G1 Z77.285 X238.963 Y235.750 E16.10591 ; perimeter
G1 Z77.297 X236.002 Y238.190 E15.97896 ; perimeter
G1 Z77.318 X230.706 Y241.968 E27.09290 ; perimeter
G1 Z77.331 X227.435 Y243.973 E15.97809 ; perimeter
G1 Z77.343 X224.063 Y245.803 E15.97796 ; perimeter
G1 Z77.364 X218.171 Y248.488 E26.96581 ; perimeter
G1 Z77.385 X212.068 Y250.650 E26.96454 ; perimeter
G1 Z77.397 X208.371 Y251.675 E15.97750 ; perimeter
G1 Z77.410 X204.595 Y252.512 E16.10741 ; perimeter
G1 Z77.422 X200.781 Y253.150 E16.10466 ; perimeter
G1 Z77.435 X196.938 Y253.588 E16.10834 ; perimeter
G1 Z77.447 X193.078 Y253.824 E16.10556 ; perimeter
G1 Z77.460 X189.211 Y253.858 E16.10531 ; perimeter
G1 Z77.472 X185.347 Y253.689 E16.10757 ; perimeter
G1 Z77.485 X181.528 Y253.322 E15.97805 ; perimeter
G1 Z77.506 X175.142 Y252.253 E26.96548 ; perimeter
G1 Z77.527 X168.874 Y250.632 E26.96279 ; perimeter
G1 Z77.539 X165.235 Y249.414 E15.98154 ; perimeter
G1 Z77.552 X161.637 Y247.997 E16.10460 ; perimeter
G1 Z77.564 X158.118 Y246.393 E16.10599 ; perimeter
G1 Z77.576 X154.715 Y244.622 E15.97667 ; perimeter
G1 Z77.598 X149.168 Y241.223 E27.09338 ; perimeter
G1 Z77.610 X146.044 Y238.995 E15.98013 ; perimeter
G1 Z77.622 X143.018 Y236.587 E16.10547 ; perimeter
G1 Z77.635 X140.121 Y234.025 E16.10617 ; perimeter
G1 Z77.647 X137.385 Y231.335 E15.97932 ; perimeter
G1 Z77.668 X133.074 Y226.463 E27.09296 ; perimeter
G1 Z77.681 X130.738 Y223.419 E15.97989 ; perimeter
G1 Z77.693 X128.548 Y220.232 E16.10435 ; perimeter
G1 Z77.706 X126.527 Y216.935 E16.10520 ; perimeter
G1 Z77.718 X124.697 Y213.563 E15.97796 ; perimeter
G1 Z77.739 X122.012 Y207.671 E26.96584 ; perimeter
G1 Z77.760 X119.850 Y201.568 E26.96454 ; perimeter
G1 Z77.772 X118.825 Y197.871 E15.97750 ; perimeter
G1 Z77.785 X117.988 Y194.095 E16.10741 ; perimeter
G1 Z77.797 X117.350 Y190.281 E16.10466 ; perimeter
G1 Z77.810 X116.912 Y186.438 E16.10835 ; perimeter
G1 Z77.822 X116.676 Y182.578 E16.10555 ; perimeter
G1 Z77.835 X116.642 Y178.741 E15.98037 ; perimeter
G1 Z77.856 X117.042 Y172.248 E27.09142 ; perimeter
G1 Z77.868 X117.548 Y168.445 E15.97732 ; perimeter
G1 Z77.881 X118.245 Y164.642 E16.10317 ; perimeter
G1 Z77.893 X119.148 Y160.881 E16.10833 ; perimeter
G1 Z77.906 X120.237 Y157.202 E15.97887 ; perimeter
G1 Z77.927 X122.516 Y151.109 E27.09213 ; perimeter
G1 Z77.939 X124.107 Y147.618 E15.97746 ; perimeter
G1 Z77.951 X125.874 Y144.223 E15.93940 ; perimeter
G1 Z77.975 X129.674 Y138.095 E30.02949 ; perimeter
G1 Z77.998 X133.938 Y132.489 E29.33310 ; perimeter
G1 Z78.000 X134.441 Y131.921 E3.15974 ; perimeter
;LAYER_CHANGE
;Z:79.5
;HEIGHT:1.5
G1 Z78.000 F960 ; simple layer change
G1 F2400
G1 Z78.010 X136.475 Y129.621 E12.78699 ; perimeter
G1 Z78.022 X139.165 Y126.885 E15.97932 ; perimeter
G1 Z78.043 X144.037 Y122.574 E27.09298 ; perimeter
G1 Z78.056 X147.081 Y120.238 E15.97989 ; perimeter
G1 Z78.068 X150.235 Y118.071 E15.93681 ; perimeter
G1 Z78.091 X156.480 Y114.438 E30.09077 ; perimeter
G1 Z78.114 X162.836 Y111.509 E29.14416 ; perimeter
G1 Z78.135 X168.932 Y109.350 E26.93289 ; perimeter
G1 Z78.147 X172.629 Y108.325 E15.97750 ; perimeter
G1 Z78.160 X176.405 Y107.488 E16.10741 ; perimeter
G1 Z78.172 X180.219 Y106.850 E16.10466 ; perimeter
G1 Z78.185 X184.022 Y106.416 E15.94095 ; perimeter
G1 Z78.208 X191.242 Y106.141 E30.09047 ; perimeter
G1 Z78.231 X198.259 Y106.540 E29.27073 ; perimeter
G1 Z78.243 X202.056 Y107.040 E15.94967 ; perimeter
G1 Z78.256 X205.819 Y107.738 E15.93889 ; perimeter
G1 Z78.279 X212.804 Y109.585 E30.08852 ; perimeter
G1 Z78.302 X219.360 Y112.005 E29.10558 ; perimeter
G1 Z78.325 X225.829 Y115.139 E29.93405 ; perimeter
G1 Z78.348 X231.838 Y118.782 E29.26753 ; perimeter
G1 Z78.360 X234.956 Y121.005 E15.94781 ; perimeter
G1 Z78.372 X237.982 Y123.413 E16.10540 ; perimeter
G1 Z78.385 X240.879 Y125.975 E16.10615 ; perimeter
G1 Z78.397 X243.615 Y128.665 E15.97939 ; perimeter
G1 Z78.418 X247.926 Y133.537 E27.09292 ; perimeter
G1 Z78.431 X250.261 Y136.581 E15.97739 ; perimeter
G1 Z78.443 X252.429 Y139.735 E15.93916 ; perimeter
G1 Z78.466 X256.059 Y145.982 E30.09057 ; perimeter
G1 Z78.489 X259.004 Y152.363 E29.26752 ; perimeter
G1 Z78.502 X260.345 Y155.951 E15.95230 ; perimeter
G1 Z78.514 X261.508 Y159.639 E16.10476 ; perimeter
G1 Z78.527 X262.476 Y163.383 E16.10515 ; perimeter
G1 Z78.539 X263.241 Y167.143 E15.97988 ; perimeter
G1 Z78.560 X264.090 Y173.592 E27.08954 ; perimeter
G1 Z78.572 X264.324 Y177.422 E15.98033 ; perimeter
G1 Z78.585 X264.358 Y181.289 E16.10531 ; perimeter
G1 Z78.597 X264.189 Y185.153 E16.10757 ; perimeter
G1 Z78.610 X263.822 Y188.972 E15.97799 ; perimeter
G1 Z78.631 X262.748 Y195.388 E27.09220 ; perimeter
G1 Z78.643 X261.852 Y199.119 E15.98007 ; perimeter
G1 Z78.656 X260.754 Y202.827 E16.10532 ; perimeter
G1 Z78.668 X259.463 Y206.472 E16.10415 ; perimeter
G1 Z78.681 X257.995 Y210.017 E15.97946 ; perimeter
G1 Z78.702 X255.092 Y215.839 E27.09357 ; perimeter
G1 Z78.714 X253.145 Y219.145 E15.97858 ; perimeter
G1 Z78.726 X251.027 Y222.344 E15.97809 ; perimeter
G1 Z78.748 X247.067 Y227.505 E27.09190 ; perimeter
G1 Z78.760 X244.525 Y230.379 E15.97920 ; perimeter
G1 Z78.772 X241.814 Y233.137 E16.10597 ; perimeter
G1 Z78.785 X238.963 Y235.750 E16.10591 ; perimeter
G1 Z78.797 X236.002 Y238.190 E15.97896 ; perimeter
G1 Z78.818 X230.706 Y241.968 E27.09290 ; perimeter
G1 Z78.831 X227.435 Y243.973 E15.97803 ; perimeter
G1 Z78.843 X224.063 Y245.803 E15.97799 ; perimeter
G1 Z78.864 X218.171 Y248.488 E26.96584 ; perimeter
G1 Z78.885 X212.068 Y250.650 E26.96454 ; perimeter
G1 Z78.897 X208.371 Y251.675 E15.97750 ; perimeter
G1 Z78.910 X204.595 Y252.512 E16.10741 ; perimeter
G1 Z78.922 X200.781 Y253.150 E16.10466 ; perimeter
G1 Z78.935 X196.938 Y253.588 E16.10834 ; perimeter
G1 Z78.947 X193.078 Y253.824 E16.10556 ; perimeter
G1 Z78.960 X189.211 Y253.858 E16.10531 ; perimeter
G1 Z78.972 X185.347 Y253.689 E16.10757 ; perimeter
G1 Z78.985 X181.528 Y253.322 E15.97805 ; perimeter
G1 Z79.006 X175.142 Y252.253 E26.96548 ; perimeter
G1 Z79.027 X168.874 Y250.632 E26.96283 ; perimeter
G1 Z79.039 X165.235 Y249.414 E15.98150 ; perimeter
G1 Z79.052 X161.637 Y247.997 E16.10458 ; perimeter
G1 Z79.064 X158.118 Y246.393 E16.10602 ; perimeter
G1 Z79.076 X154.715 Y244.622 E15.97667 ; perimeter
G1 Z79.098 X149.168 Y241.223 E27.09335 ; perimeter
G1 Z79.110 X146.044 Y238.995 E15.98017 ; perimeter
G1 Z79.122 X143.018 Y236.587 E16.10547 ; perimeter
G1 Z79.135 X140.121 Y234.025 E16.10617 ; perimeter
G1 Z79.147 X137.385 Y231.335 E15.97932 ; perimeter
G1 Z79.168 X133.074 Y226.463 E27.09296 ; perimeter
G1 Z79.181 X130.738 Y223.419 E15.97989 ; perimeter
G1 Z79.193 X128.548 Y220.232 E16.10435 ; perimeter
G1 Z79.206 X126.527 Y216.935 E16.10520 ; perimeter
G1 Z79.218 X124.697 Y213.563 E15.97801 ; perimeter
G1 Z79.239 X122.012 Y207.671 E26.96584 ; perimeter
G1 Z79.260 X119.850 Y201.568 E26.96448 ; perimeter
G1 Z79.272 X118.825 Y197.871 E15.97750 ; perimeter
G1 Z79.285 X117.988 Y194.095 E16.10741 ; perimeter
G1 Z79.297 X117.350 Y190.281 E16.10466 ; perimeter
G1 Z79.310 X116.912 Y186.438 E16.10835 ; perimeter
G1 Z79.322 X116.676 Y182.578 E16.10555 ; perimeter
G1 Z79.335 X116.642 Y178.751 E15.93873 ; perimeter
G1 Z79.358 X117.123 Y171.541 E30.09324 ; perimeter
G1 Z79.381 X118.254 Y164.605 E29.26809 ; perimeter
G1 Z79.393 X119.148 Y160.881 E15.94979 ; perimeter
G1 Z79.406 X120.235 Y157.212 E15.93656 ; perimeter
G1 Z79.429 X122.802 Y150.457 E30.09491 ; perimeter
G1 Z79.452 X125.912 Y144.155 E29.26738 ; perimeter
G1 Z79.464 X127.857 Y140.856 E15.94841 ; perimeter
G1 Z79.476 X129.973 Y137.656 E15.97769 ; perimeter
G1 Z79.498 X133.933 Y132.495 E27.09184 ; perimeter
G1 Z79.500 X134.441 Y131.921 E3.19225 ; perimeter
;LAYER_CHANGE
;Z:81
;HEIGHT:1.5
G1 Z79.500 F960 ; simple layer change
G1 F2400
G1 Z79.510 X136.475 Y129.621 E12.78699 ; perimeter
G1 Z79.522 X139.165 Y126.885 E15.97932 ; perimeter
G1 Z79.543 X144.037 Y122.574 E27.09298 ; perimeter
G1 Z79.556 X147.081 Y120.238 E15.97989 ; perimeter
G1 Z79.568 X150.235 Y118.071 E15.93681 ; perimeter
G1 Z79.592 X156.493 Y114.431 E30.15219 ; perimeter
G1 Z79.614 X162.836 Y111.509 E29.08282 ; perimeter
G1 Z79.635 X168.932 Y109.350 E26.93295 ; perimeter
G1 Z79.647 X172.629 Y108.325 E15.97744 ; perimeter
G1 Z79.660 X176.405 Y107.488 E16.10741 ; perimeter
G1 Z79.672 X180.219 Y106.850 E16.10466 ; perimeter
G1 Z79.685 X184.022 Y106.416 E15.94095 ; perimeter
G1 Z79.708 X191.257 Y106.141 E30.15282 ; perimeter
G1 Z79.731 X198.259 Y106.540 E29.20840 ; perimeter
G1 Z79.743 X202.056 Y107.040 E15.94967 ; perimeter
G1 Z79.756 X205.819 Y107.738 E15.93888 ; perimeter
G1 Z79.779 X212.818 Y109.589 E30.15036 ; perimeter
G1 Z79.802 X219.396 Y112.022 E29.20737 ; perimeter
G1 Z79.814 X222.851 Y113.672 E15.94553 ; perimeter
G1 Z79.826 X226.274 Y115.396 E15.96346 ; perimeter
G1 Z79.848 X231.832 Y118.778 E27.09317 ; perimeter
G1 Z79.860 X234.956 Y121.005 E15.97988 ; perimeter
G1 Z79.872 X237.982 Y123.413 E16.10547 ; perimeter
G1 Z79.885 X240.879 Y125.975 E16.10610 ; perimeter
G1 Z79.897 X243.615 Y128.665 E15.97939 ; perimeter
G1 Z79.918 X247.926 Y133.537 E27.09296 ; perimeter
G1 Z79.931 X250.261 Y136.581 E15.97739 ; perimeter
G1 Z79.943 X252.429 Y139.735 E15.93915 ; perimeter
G1 Z79.967 X256.069 Y145.993 E30.15227 ; perimeter
G1 Z79.989 X259.004 Y152.363 E29.20759 ; perimeter
G1 Z80.002 X260.345 Y155.951 E15.95229 ; perimeter
G1 Z80.014 X261.508 Y159.639 E16.10480 ; perimeter
G1 Z80.027 X262.476 Y163.383 E16.10515 ; perimeter
G1 Z80.039 X263.241 Y167.143 E15.97988 ; perimeter
G1 Z80.060 X264.090 Y173.592 E27.08954 ; perimeter
G1 Z80.072 X264.324 Y177.422 E15.98034 ; perimeter
G1 Z80.085 X264.358 Y181.289 E16.10531 ; perimeter
G1 Z80.097 X264.189 Y185.153 E16.10757 ; perimeter
G1 Z80.110 X263.822 Y188.972 E15.97811 ; perimeter
G1 Z80.131 X262.748 Y195.388 E27.09208 ; perimeter
G1 Z80.143 X261.852 Y199.119 E15.98007 ; perimeter
G1 Z80.156 X260.754 Y202.827 E16.10532 ; perimeter
G1 Z80.168 X259.463 Y206.472 E16.10415 ; perimeter
G1 Z80.181 X257.995 Y210.017 E15.97946 ; perimeter
G1 Z80.202 X255.092 Y215.839 E27.09360 ; perimeter
G1 Z80.214 X253.145 Y219.145 E15.97859 ; perimeter
G1 Z80.226 X251.027 Y222.344 E15.97813 ; perimeter
G1 Z80.248 X247.067 Y227.505 E27.09174 ; perimeter
G1 Z80.260 X244.525 Y230.379 E15.97928 ; perimeter
G1 Z80.272 X241.814 Y233.137 E16.10597 ; perimeter
G1 Z80.285 X238.963 Y235.750 E16.10591 ; perimeter
G1 Z80.297 X236.002 Y238.190 E15.97896 ; perimeter
G1 Z80.318 X230.706 Y241.968 E27.09290 ; perimeter
G1 Z80.331 X227.435 Y243.973 E15.97806 ; perimeter
G1 Z80.343 X224.063 Y245.803 E15.97793 ; perimeter
G1 Z80.364 X218.171 Y248.488 E26.96587 ; perimeter
G1 Z80.385 X212.068 Y250.650 E26.96454 ; perimeter
G1 Z80.397 X208.371 Y251.675 E15.97748 ; perimeter
G1 Z80.410 X204.595 Y252.512 E16.10743 ; perimeter
G1 Z80.422 X200.781 Y253.150 E16.10466 ; perimeter
G1 Z80.435 X196.938 Y253.588 E16.10834 ; perimeter
G1 Z80.447 X193.078 Y253.824 E16.10556 ; perimeter
G1 Z80.460 X189.251 Y253.858 E15.93873 ; perimeter
G1 Z80.483 X182.027 Y253.374 E30.15201 ; perimeter
G1 Z80.506 X175.135 Y252.251 E29.08205 ; perimeter
G1 Z80.527 X168.874 Y250.632 E26.93252 ; perimeter
G1 Z80.539 X165.235 Y249.414 E15.98150 ; perimeter
G1 Z80.552 X161.637 Y247.997 E16.10458 ; perimeter
G1 Z80.564 X158.118 Y246.393 E16.10602 ; perimeter
G1 Z80.576 X154.715 Y244.622 E15.97667 ; perimeter
G1 Z80.598 X149.168 Y241.223 E27.09335 ; perimeter
G1 Z80.610 X146.044 Y238.995 E15.98017 ; perimeter
G1 Z80.622 X143.018 Y236.587 E16.10547 ; perimeter
G1 Z80.635 X140.121 Y234.025 E16.10617 ; perimeter
G1 Z80.647 X137.385 Y231.335 E15.97928 ; perimeter
G1 Z80.668 X133.074 Y226.463 E27.09301 ; perimeter
G1 Z80.681 X130.738 Y223.419 E15.97989 ; perimeter
G1 Z80.693 X128.548 Y220.232 E16.10435 ; perimeter
G1 Z80.706 X126.527 Y216.935 E16.10520 ; perimeter
G1 Z80.718 X124.697 Y213.563 E15.97796 ; perimeter
G1 Z80.739 X122.012 Y207.671 E26.96584 ; perimeter
G1 Z80.760 X119.850 Y201.568 E26.96454 ; perimeter
G1 Z80.772 X118.825 Y197.871 E15.97750 ; perimeter
G1 Z80.785 X117.988 Y194.095 E16.10741 ; perimeter
G1 Z80.797 X117.350 Y190.281 E16.10466 ; perimeter
G1 Z80.810 X116.912 Y186.438 E16.10835 ; perimeter
G1 Z80.822 X116.676 Y182.578 E16.10555 ; perimeter
G1 Z80.835 X116.642 Y178.751 E15.93873 ; perimeter
G1 Z80.858 X117.124 Y171.527 E30.15230 ; perimeter
G1 Z80.881 X118.254 Y164.605 E29.20926 ; perimeter
G1 Z80.893 X119.148 Y160.881 E15.94978 ; perimeter
G1 Z80.906 X120.237 Y157.202 E15.97887 ; perimeter
G1 Z80.927 X122.518 Y151.110 E27.09205 ; perimeter
G1 Z80.939 X124.110 Y147.620 E15.97653 ; perimeter
G1 Z80.951 X125.874 Y144.223 E15.93912 ; perimeter
G1 Z80.975 X129.691 Y138.071 E30.15166 ; perimeter
G1 Z80.998 X133.938 Y132.490 E29.20738 ; perimeter
G1 Z81.000 X134.441 Y131.921 E3.16286 ; perimeter
;LAYER_CHANGE
;Z:82.5
;HEIGHT:1.5
G1 Z81.000 F960 ; simple layer change
G1 F2400
G1 Z81.010 X136.475 Y129.621 E12.78699 ; perimeter
G1 Z81.022 X139.165 Y126.885 E15.97932 ; perimeter
G1 Z81.043 X144.037 Y122.574 E27.09298 ; perimeter
G1 Z81.056 X147.081 Y120.238 E15.97989 ; perimeter
G1 Z81.068 X150.235 Y118.071 E15.93681 ; perimeter
G1 Z81.092 X156.506 Y114.424 E30.21191 ; perimeter
G1 Z81.114 X162.835 Y111.509 E29.01936 ; perimeter
G1 Z81.135 X168.932 Y109.350 E26.93670 ; perimeter
G1 Z81.147 X172.629 Y108.325 E15.97750 ; perimeter
G1 Z81.160 X176.405 Y107.488 E16.10741 ; perimeter
G1 Z81.172 X180.219 Y106.850 E16.10460 ; perimeter
G1 Z81.185 X184.022 Y106.416 E15.94101 ; perimeter
G1 Z81.208 X191.271 Y106.141 E30.21115 ; perimeter
G1 Z81.231 X198.259 Y106.540 E29.15014 ; perimeter
G1 Z81.243 X202.056 Y107.040 E15.94967 ; perimeter
G1 Z81.256 X205.819 Y107.738 E15.93889 ; perimeter
G1 Z81.279 X212.832 Y109.594 E30.21077 ; perimeter
G1 Z81.302 X219.359 Y112.005 E28.97788 ; perimeter
G1 Z81.325 X225.854 Y115.152 E30.05841 ; perimeter
G1 Z81.348 X231.838 Y118.781 E29.14618 ; perimeter
G1 Z81.360 X234.956 Y121.005 E15.95014 ; perimeter
G1 Z81.372 X237.982 Y123.413 E16.10540 ; perimeter
G1 Z81.385 X240.879 Y125.975 E16.10626 ; perimeter
G1 Z81.397 X243.615 Y128.665 E15.97925 ; perimeter
G1 Z81.418 X247.926 Y133.537 E27.09306 ; perimeter
G1 Z81.431 X250.261 Y136.581 E15.97726 ; perimeter
G1 Z81.443 X252.429 Y139.735 E15.93926 ; perimeter
G1 Z81.467 X256.076 Y146.006 E30.21190 ; perimeter
G1 Z81.489 X259.004 Y152.363 E29.14795 ; perimeter
G1 Z81.502 X260.345 Y155.951 E15.95229 ; perimeter
G1 Z81.514 X261.508 Y159.639 E16.10480 ; perimeter
G1 Z81.527 X262.476 Y163.383 E16.10515 ; perimeter
G1 Z81.539 X263.241 Y167.143 E15.97988 ; perimeter
G1 Z81.560 X264.090 Y173.592 E27.08962 ; perimeter
G1 Z81.572 X264.324 Y177.422 E15.98026 ; perimeter
G1 Z81.585 X264.358 Y181.289 E16.10531 ; perimeter
G1 Z81.597 X264.189 Y185.153 E16.10757 ; perimeter
G1 Z81.610 X263.822 Y188.972 E15.97800 ; perimeter
G1 Z81.631 X262.748 Y195.388 E27.09218 ; perimeter
G1 Z81.643 X261.852 Y199.119 E15.98013 ; perimeter
G1 Z81.656 X260.754 Y202.827 E16.10526 ; perimeter
G1 Z81.668 X259.463 Y206.472 E16.10421 ; perimeter
G1 Z81.681 X257.995 Y210.017 E15.97940 ; perimeter
G1 Z81.702 X255.092 Y215.839 E27.09363 ; perimeter
G1 Z81.714 X253.145 Y219.145 E15.97856 ; perimeter
G1 Z81.726 X251.027 Y222.344 E15.97809 ; perimeter
G1 Z81.748 X247.067 Y227.505 E27.09186 ; perimeter
G1 Z81.760 X244.525 Y230.379 E15.97920 ; perimeter
G1 Z81.772 X241.814 Y233.137 E16.10597 ; perimeter
G1 Z81.785 X238.963 Y235.750 E16.10591 ; perimeter
G1 Z81.797 X236.002 Y238.190 E15.97896 ; perimeter
G1 Z81.818 X230.706 Y241.968 E27.09290 ; perimeter
G1 Z81.831 X227.435 Y243.973 E15.97806 ; perimeter
G1 Z81.843 X224.063 Y245.803 E15.97796 ; perimeter
G1 Z81.864 X218.171 Y248.488 E26.96584 ; perimeter
G1 Z81.885 X212.068 Y250.650 E26.96454 ; perimeter
G1 Z81.897 X208.371 Y251.675 E15.97750 ; perimeter
G1 Z81.910 X204.595 Y252.512 E16.10741 ; perimeter
G1 Z81.922 X200.781 Y253.150 E16.10466 ; perimeter
G1 Z81.935 X196.938 Y253.588 E16.10834 ; perimeter
G1 Z81.947 X193.078 Y253.824 E16.10556 ; perimeter
G1 Z81.960 X189.211 Y253.857 E16.10502 ; perimeter
G1 Z81.972 X185.349 Y253.657 E16.10511 ; perimeter
G1 Z81.985 X181.529 Y253.313 E15.97189 ; perimeter
G1 Z82.006 X175.142 Y252.253 E26.96533 ; perimeter
G1 Z82.027 X168.874 Y250.632 E26.96272 ; perimeter
G1 Z82.039 X165.235 Y249.414 E15.98150 ; perimeter
G1 Z82.052 X161.637 Y247.997 E16.10458 ; perimeter
G1 Z82.064 X158.118 Y246.393 E16.10602 ; perimeter
G1 Z82.076 X154.715 Y244.622 E15.97664 ; perimeter
G1 Z82.098 X149.168 Y241.223 E27.09335 ; perimeter
G1 Z82.110 X146.044 Y238.995 E15.98021 ; perimeter
G1 Z82.122 X143.018 Y236.587 E16.10547 ; perimeter
G1 Z82.135 X140.121 Y234.025 E16.10617 ; perimeter
G1 Z82.147 X137.385 Y231.335 E15.97928 ; perimeter
G1 Z82.168 X133.074 Y226.463 E27.09301 ; perimeter
G1 Z82.181 X130.738 Y223.419 E15.97989 ; perimeter
G1 Z82.193 X128.548 Y220.232 E16.10435 ; perimeter
G1 Z82.206 X126.527 Y216.935 E16.10520 ; perimeter
G1 Z82.218 X124.697 Y213.563 E15.97796 ; perimeter
G1 Z82.239 X122.012 Y207.671 E26.96584 ; perimeter
G1 Z82.260 X119.850 Y201.568 E26.96454 ; perimeter
G1 Z82.272 X118.825 Y197.871 E15.97750 ; perimeter
G1 Z82.285 X117.988 Y194.095 E16.10741 ; perimeter
G1 Z82.297 X117.350 Y190.281 E16.10466 ; perimeter
G1 Z82.310 X116.912 Y186.438 E16.10841 ; perimeter
G1 Z82.322 X116.676 Y182.578 E16.10549 ; perimeter
G1 Z82.335 X116.642 Y178.751 E15.93873 ; perimeter
G1 Z82.358 X117.126 Y171.513 E30.21096 ; perimeter
G1 Z82.381 X118.254 Y164.605 E29.15043 ; perimeter
G1 Z82.393 X119.148 Y160.881 E15.94978 ; perimeter
G1 Z82.406 X120.237 Y157.202 E15.97887 ; perimeter
G1 Z82.427 X122.516 Y151.109 E27.09213 ; perimeter
G1 Z82.439 X124.107 Y147.618 E15.97746 ; perimeter
G1 Z82.451 X125.874 Y144.223 E15.93940 ; perimeter
G1 Z82.475 X129.699 Y138.059 E30.21175 ; perimeter
G1 Z82.498 X133.938 Y132.490 E29.14744 ; perimeter
G1 Z82.500 X134.441 Y131.921 E3.16286 ; perimeter
;LAYER_CHANGE
;Z:84
;HEIGHT:1.5
G1 Z82.500 F960 ; simple layer change
G1 F2400
G1 Z82.510 X136.475 Y129.621 E12.78694 ; perimeter
G1 Z82.522 X139.165 Y126.885 E15.97939 ; perimeter
G1 Z82.543 X144.037 Y122.574 E27.09294 ; perimeter
G1 Z82.556 X147.081 Y120.238 E15.97991 ; perimeter
G1 Z82.568 X150.235 Y118.071 E15.93681 ; perimeter
G1 Z82.592 X156.519 Y114.418 E30.27300 ; perimeter
G1 Z82.614 X162.835 Y111.509 E28.95807 ; perimeter
G1 Z82.635 X168.932 Y109.350 E26.93681 ; perimeter
G1 Z82.647 X172.629 Y108.325 E15.97750 ; perimeter
G1 Z82.660 X176.405 Y107.488 E16.10736 ; perimeter
G1 Z82.672 X180.219 Y106.850 E16.10472 ; perimeter
G1 Z82.685 X184.022 Y106.416 E15.94095 ; perimeter
G1 Z82.708 X191.286 Y106.141 E30.27350 ; perimeter
G1 Z82.731 X198.258 Y106.540 E29.08366 ; perimeter
G1 Z82.743 X202.056 Y107.040 E15.95382 ; perimeter
G1 Z82.756 X205.818 Y107.738 E15.93480 ; perimeter
G1 Z82.779 X212.846 Y109.598 E30.27540 ; perimeter
G1 Z82.802 X219.396 Y112.021 E29.08477 ; perimeter
G1 Z82.814 X222.850 Y113.672 E15.94727 ; perimeter
G1 Z82.826 X226.274 Y115.395 E15.96376 ; perimeter
G1 Z82.848 X231.832 Y118.777 E27.09325 ; perimeter
G1 Z82.860 X234.956 Y121.005 E15.98005 ; perimeter
G1 Z82.872 X237.982 Y123.413 E16.10545 ; perimeter
G1 Z82.885 X240.879 Y125.975 E16.10624 ; perimeter
G1 Z82.897 X243.615 Y128.665 E15.97925 ; perimeter
G1 Z82.918 X247.926 Y133.537 E27.09296 ; perimeter
G1 Z82.931 X250.262 Y136.581 E15.97971 ; perimeter
G1 Z82.943 X252.429 Y139.735 E15.93697 ; perimeter
G1 Z82.967 X256.082 Y146.019 E30.27307 ; perimeter
G1 Z82.989 X259.004 Y152.363 E29.08483 ; perimeter
G1 Z83.002 X260.345 Y155.951 E15.95390 ; perimeter
G1 Z83.014 X261.508 Y159.639 E16.10480 ; perimeter
G1 Z83.027 X262.476 Y163.383 E16.10515 ; perimeter
G1 Z83.039 X263.241 Y167.143 E15.97988 ; perimeter
G1 Z83.060 X264.090 Y173.592 E27.08954 ; perimeter
G1 Z83.072 X264.324 Y177.422 E15.98033 ; perimeter
G1 Z83.085 X264.358 Y181.289 E16.10531 ; perimeter
G1 Z83.097 X264.189 Y185.153 E16.10757 ; perimeter
G1 Z83.110 X263.822 Y188.972 E15.97811 ; perimeter
G1 Z83.131 X262.748 Y195.388 E27.09208 ; perimeter
G1 Z83.143 X261.852 Y199.119 E15.98007 ; perimeter
G1 Z83.156 X260.754 Y202.827 E16.10532 ; perimeter
G1 Z83.168 X259.463 Y206.472 E16.10421 ; perimeter
G1 Z83.181 X257.995 Y210.017 E15.97940 ; perimeter
G1 Z83.202 X255.092 Y215.839 E27.09357 ; perimeter
G1 Z83.214 X253.145 Y219.145 E15.97862 ; perimeter
G1 Z83.226 X251.027 Y222.344 E15.97806 ; perimeter
G1 Z83.248 X247.067 Y227.505 E27.09190 ; perimeter
G1 Z83.260 X244.525 Y230.379 E15.97920 ; perimeter
G1 Z83.272 X241.814 Y233.137 E16.10597 ; perimeter
G1 Z83.285 X238.963 Y235.750 E16.10591 ; perimeter
G1 Z83.297 X236.002 Y238.190 E15.97896 ; perimeter
G1 Z83.318 X230.706 Y241.968 E27.09290 ; perimeter
G1 Z83.331 X227.435 Y243.973 E15.97806 ; perimeter
G1 Z83.343 X224.063 Y245.803 E15.97796 ; perimeter
G1 Z83.364 X218.171 Y248.488 E26.96584 ; perimeter
G1 Z83.385 X212.068 Y250.650 E26.96454 ; perimeter
G1 Z83.397 X208.371 Y251.675 E15.97748 ; perimeter
G1 Z83.410 X204.595 Y252.512 E16.10743 ; perimeter
G1 Z83.422 X200.781 Y253.150 E16.10466 ; perimeter
G1 Z83.435 X196.938 Y253.588 E16.10835 ; perimeter
G1 Z83.447 X193.078 Y253.824 E16.10555 ; perimeter
G1 Z83.460 X189.211 Y253.858 E16.10531 ; perimeter
G1 Z83.472 X185.347 Y253.689 E16.10757 ; perimeter
G1 Z83.485 X181.528 Y253.322 E15.97805 ; perimeter
G1 Z83.506 X175.142 Y252.253 E26.96547 ; perimeter
G1 Z83.527 X168.874 Y250.632 E26.96281 ; perimeter
G1 Z83.539 X165.235 Y249.414 E15.98154 ; perimeter
G1 Z83.552 X161.637 Y247.997 E16.10458 ; perimeter
G1 Z83.564 X158.118 Y246.393 E16.10602 ; perimeter
G1 Z83.576 X154.715 Y244.622 E15.97664 ; perimeter
G1 Z83.598 X149.168 Y241.223 E27.09338 ; perimeter
G1 Z83.610 X146.044 Y238.995 E15.98017 ; perimeter
G1 Z83.622 X143.018 Y236.587 E16.10547 ; perimeter
G1 Z83.635 X140.121 Y234.025 E16.10617 ; perimeter
G1 Z83.647 X137.385 Y231.335 E15.97932 ; perimeter
G1 Z83.668 X133.074 Y226.463 E27.09296 ; perimeter
G1 Z83.681 X130.738 Y223.419 E15.97989 ; perimeter
G1 Z83.693 X128.548 Y220.232 E16.10435 ; perimeter
G1 Z83.706 X126.527 Y216.935 E16.10518 ; perimeter
G1 Z83.718 X124.697 Y213.563 E15.97797 ; perimeter
G1 Z83.739 X122.012 Y207.671 E26.96584 ; perimeter
G1 Z83.760 X119.850 Y201.568 E26.96454 ; perimeter
G1 Z83.772 X118.825 Y197.871 E15.97750 ; perimeter
G1 Z83.785 X117.988 Y194.095 E16.10740 ; perimeter
G1 Z83.797 X117.350 Y190.281 E16.10467 ; perimeter
G1 Z83.810 X116.912 Y186.438 E16.10841 ; perimeter
G1 Z83.822 X116.676 Y182.578 E16.10549 ; perimeter
G1 Z83.835 X116.642 Y178.751 E15.93873 ; perimeter
G1 Z83.858 X117.127 Y171.498 E30.27354 ; perimeter
G1 Z83.881 X118.254 Y164.605 E29.08810 ; perimeter
G1 Z83.893 X119.148 Y160.881 E15.94978 ; perimeter
G1 Z83.906 X120.237 Y157.202 E15.97887 ; perimeter
G1 Z83.927 X122.516 Y151.109 E27.09213 ; perimeter
G1 Z83.939 X124.107 Y147.618 E15.97746 ; perimeter
G1 Z83.951 X125.874 Y144.223 E15.93940 ; perimeter
G1 Z83.975 X129.707 Y138.047 E30.27184 ; perimeter
G1 Z83.998 X133.938 Y132.490 E29.08744 ; perimeter
G1 Z84.000 X134.441 Y131.921 E3.16286 ; perimeter
;LAYER_CHANGE
;Z:85.5
;HEIGHT:1.5
G1 Z84.000 F960 ; simple layer change
G1 F2400
G1 Z84.010 X136.475 Y129.621 E12.78699 ; perimeter
G1 Z84.022 X139.165 Y126.885 E15.97932 ; perimeter
G1 Z84.043 X144.037 Y122.574 E27.09298 ; perimeter
G1 Z84.056 X147.081 Y120.238 E15.97984 ; perimeter
G1 Z84.068 X150.234 Y118.071 E15.93342 ; perimeter
G1 Z84.092 X156.532 Y114.411 E30.33792 ; perimeter
G1 Z84.114 X162.835 Y111.509 E28.89667 ; perimeter
G1 Z84.135 X168.932 Y109.350 E26.93683 ; perimeter
G1 Z84.147 X172.629 Y108.325 E15.97749 ; perimeter
G1 Z84.160 X176.405 Y107.488 E16.10742 ; perimeter
G1 Z84.172 X180.219 Y106.850 E16.10466 ; perimeter
G1 Z84.185 X184.021 Y106.416 E15.93683 ; perimeter
G1 Z84.208 X191.300 Y106.141 E30.33612 ; perimeter
G1 Z84.231 X198.258 Y106.540 E29.02519 ; perimeter
G1 Z84.243 X202.056 Y107.040 E15.95380 ; perimeter
G1 Z84.256 X205.818 Y107.738 E15.93486 ; perimeter
G1 Z84.279 X212.859 Y109.602 E30.33339 ; perimeter
G1 Z84.302 X219.397 Y112.018 E29.02808 ; perimeter
G1 Z84.314 X222.882 Y113.607 E15.95126 ; perimeter
G1 Z84.326 X226.285 Y115.378 E15.97666 ; perimeter
G1 Z84.348 X231.832 Y118.777 E27.09345 ; perimeter
G1 Z84.360 X234.956 Y121.005 E15.98010 ; perimeter
G1 Z84.372 X237.982 Y123.413 E16.10549 ; perimeter
G1 Z84.385 X240.879 Y125.975 E16.10613 ; perimeter
G1 Z84.397 X243.615 Y128.665 E15.97939 ; perimeter
G1 Z84.418 X247.926 Y133.537 E27.09292 ; perimeter
G1 Z84.431 X250.261 Y136.581 E15.97736 ; perimeter
G1 Z84.443 X252.429 Y139.734 E15.93590 ; perimeter
G1 Z84.467 X256.089 Y146.032 E30.33801 ; perimeter
G1 Z84.489 X259.003 Y152.363 E29.02349 ; perimeter
G1 Z84.502 X260.345 Y155.951 E15.95369 ; perimeter
G1 Z84.514 X261.508 Y159.639 E16.10486 ; perimeter
G1 Z84.527 X262.476 Y163.383 E16.10515 ; perimeter
G1 Z84.539 X263.241 Y167.143 E15.97988 ; perimeter
G1 Z84.560 X264.090 Y173.592 E27.08954 ; perimeter
G1 Z84.572 X264.324 Y177.422 E15.98033 ; perimeter
G1 Z84.585 X264.358 Y181.289 E16.10531 ; perimeter
G1 Z84.597 X264.189 Y185.153 E16.10763 ; perimeter
G1 Z84.610 X263.822 Y188.972 E15.97799 ; perimeter
G1 Z84.631 X262.748 Y195.388 E27.09214 ; perimeter
G1 Z84.643 X261.852 Y199.119 E15.98013 ; perimeter
G1 Z84.656 X260.754 Y202.827 E16.10526 ; perimeter
G1 Z84.668 X259.463 Y206.472 E16.10421 ; perimeter
G1 Z84.681 X257.995 Y210.017 E15.97940 ; perimeter
G1 Z84.702 X255.092 Y215.839 E27.09354 ; perimeter
G1 Z84.714 X253.145 Y219.145 E15.97862 ; perimeter
G1 Z84.726 X251.027 Y222.344 E15.97807 ; perimeter
G1 Z84.748 X247.067 Y227.505 E27.09190 ; perimeter
G1 Z84.760 X244.525 Y230.379 E15.97920 ; perimeter
G1 Z84.772 X241.814 Y233.137 E16.10597 ; perimeter
G1 Z84.785 X238.963 Y235.750 E16.10591 ; perimeter
G1 Z84.797 X236.002 Y238.190 E15.97896 ; perimeter
G1 Z84.818 X230.706 Y241.968 E27.09290 ; perimeter
G1 Z84.831 X227.435 Y243.973 E15.97806 ; perimeter
G1 Z84.843 X224.063 Y245.803 E15.97799 ; perimeter
G1 Z84.864 X218.171 Y248.488 E26.96581 ; perimeter
G1 Z84.885 X212.068 Y250.650 E26.96454 ; perimeter
G1 Z84.897 X208.371 Y251.675 E15.97748 ; perimeter
G1 Z84.910 X204.595 Y252.512 E16.10743 ; perimeter
G1 Z84.922 X200.781 Y253.150 E16.10466 ; perimeter
G1 Z84.935 X196.938 Y253.588 E16.10834 ; perimeter
G1 Z84.947 X193.078 Y253.824 E16.10556 ; perimeter
G1 Z84.960 X189.211 Y253.858 E16.10531 ; perimeter
G1 Z84.972 X185.347 Y253.689 E16.10757 ; perimeter
G1 Z84.985 X181.528 Y253.322 E15.97805 ; perimeter
G1 Z85.006 X175.142 Y252.253 E26.96549 ; perimeter
G1 Z85.027 X168.874 Y250.632 E26.96279 ; perimeter
G1 Z85.039 X165.235 Y249.414 E15.98152 ; perimeter
G1 Z85.052 X161.637 Y247.997 E16.10460 ; perimeter
G1 Z85.064 X158.118 Y246.393 E16.10599 ; perimeter
G1 Z85.076 X154.715 Y244.622 E15.97667 ; perimeter
G1 Z85.098 X149.168 Y241.223 E27.09338 ; perimeter
G1 Z85.110 X146.044 Y238.995 E15.98013 ; perimeter
G1 Z85.122 X143.018 Y236.587 E16.10547 ; perimeter
G1 Z85.135 X140.121 Y234.025 E16.10617 ; perimeter
G1 Z85.147 X137.385 Y231.335 E15.97932 ; perimeter
G1 Z85.168 X133.074 Y226.463 E27.09296 ; perimeter
G1 Z85.181 X130.738 Y223.419 E15.97989 ; perimeter
G1 Z85.193 X128.571 Y220.266 E15.93340 ; perimeter
G1 Z85.217 X124.911 Y213.967 E30.33827 ; perimeter
G1 Z85.239 X122.009 Y207.665 E28.89630 ; perimeter
G1 Z85.260 X119.850 Y201.568 E26.93682 ; perimeter
G1 Z85.272 X118.825 Y197.871 E15.97750 ; perimeter
G1 Z85.285 X117.988 Y194.095 E16.10741 ; perimeter
G1 Z85.297 X117.350 Y190.281 E16.10466 ; perimeter
G1 Z85.310 X116.912 Y186.438 E16.10835 ; perimeter
G1 Z85.322 X116.676 Y182.578 E16.10555 ; perimeter
G1 Z85.335 X116.642 Y178.751 E15.93873 ; perimeter
G1 Z85.358 X117.129 Y171.484 E30.33237 ; perimeter
G1 Z85.381 X118.254 Y164.606 E29.02504 ; perimeter
G1 Z85.393 X119.148 Y160.881 E15.95385 ; perimeter
G1 Z85.406 X120.237 Y157.202 E15.97886 ; perimeter
G1 Z85.427 X122.516 Y151.109 E27.09213 ; perimeter
G1 Z85.439 X124.107 Y147.618 E15.97746 ; perimeter
G1 Z85.451 X125.874 Y144.224 E15.93567 ; perimeter
G1 Z85.475 X129.715 Y138.035 E30.33539 ; perimeter
G1 Z85.498 X133.937 Y132.490 E29.02502 ; perimeter
G1 Z85.500 X134.441 Y131.921 E3.16562 ; perimeter
;LAYER_CHANGE
;Z:87
;HEIGHT:1.5
G1 Z85.500 F960 ; simple layer change
G1 F2400
G1 Z85.510 X136.475 Y129.621 E12.78694 ; perimeter
G1 Z85.522 X139.165 Y126.885 E15.97939 ; perimeter
G1 Z85.543 X144.037 Y122.574 E27.09294 ; perimeter
G1 Z85.556 X147.081 Y120.238 E15.97989 ; perimeter
G1 Z85.568 X150.234 Y118.071 E15.93340 ; perimeter
G1 Z85.592 X156.544 Y114.404 E30.39403 ; perimeter
G1 Z85.614 X162.835 Y111.509 E28.84082 ; perimeter
G1 Z85.635 X168.932 Y109.350 E26.93682 ; perimeter
G1 Z85.647 X172.629 Y108.325 E15.97755 ; perimeter
G1 Z85.660 X176.405 Y107.488 E16.10736 ; perimeter
G1 Z85.672 X180.219 Y106.850 E16.10465 ; perimeter
G1 Z85.685 X184.021 Y106.416 E15.93681 ; perimeter
G1 Z85.708 X191.314 Y106.142 E30.39404 ; perimeter
G1 Z85.731 X198.258 Y106.540 E28.96703 ; perimeter
G1 Z85.743 X202.056 Y107.040 E15.95380 ; perimeter
G1 Z85.756 X205.818 Y107.738 E15.93402 ; perimeter
G1 Z85.779 X212.873 Y109.607 E30.39455 ; perimeter
G1 Z85.802 X219.397 Y112.018 E28.96756 ; perimeter
G1 Z85.814 X222.882 Y113.607 E15.95128 ; perimeter
G1 Z85.826 X226.285 Y115.378 E15.97664 ; perimeter
G1 Z85.848 X231.832 Y118.777 E27.09338 ; perimeter
G1 Z85.860 X234.956 Y121.005 E15.98019 ; perimeter
G1 Z85.872 X237.982 Y123.413 E16.10543 ; perimeter
G1 Z85.885 X240.879 Y125.975 E16.10626 ; perimeter
G1 Z85.897 X243.615 Y128.665 E15.97925 ; perimeter
G1 Z85.918 X247.926 Y133.537 E27.09296 ; perimeter
G1 Z85.931 X250.261 Y136.581 E15.97731 ; perimeter
G1 Z85.943 X252.429 Y139.734 E15.93585 ; perimeter
G1 Z85.967 X256.096 Y146.044 E30.39402 ; perimeter
G1 Z85.989 X259.003 Y152.363 E28.96764 ; perimeter
G1 Z86.002 X260.345 Y155.951 E15.95375 ; perimeter
G1 Z86.014 X261.508 Y159.639 E16.10480 ; perimeter
G1 Z86.027 X262.476 Y163.383 E16.10515 ; perimeter
G1 Z86.039 X263.241 Y167.143 E15.97988 ; perimeter
G1 Z86.060 X264.090 Y173.592 E27.08954 ; perimeter
G1 Z86.072 X264.324 Y177.422 E15.98033 ; perimeter
G1 Z86.085 X264.358 Y181.289 E16.10531 ; perimeter
G1 Z86.097 X264.189 Y185.153 E16.10751 ; perimeter
G1 Z86.110 X263.822 Y188.972 E15.97811 ; perimeter
G1 Z86.131 X262.748 Y195.388 E27.09214 ; perimeter
G1 Z86.143 X261.852 Y199.119 E15.98007 ; perimeter
G1 Z86.156 X260.754 Y202.827 E16.10532 ; perimeter
G1 Z86.168 X259.463 Y206.472 E16.10415 ; perimeter
G1 Z86.181 X257.995 Y210.017 E15.97946 ; perimeter
G1 Z86.202 X255.092 Y215.839 E27.09363 ; perimeter
G1 Z86.214 X253.145 Y219.145 E15.97855 ; perimeter
G1 Z86.226 X251.027 Y222.344 E15.97811 ; perimeter
G1 Z86.248 X247.067 Y227.505 E27.09182 ; perimeter
G1 Z86.260 X244.525 Y230.379 E15.97924 ; perimeter
G1 Z86.272 X241.814 Y233.137 E16.10597 ; perimeter
G1 Z86.285 X238.963 Y235.750 E16.10591 ; perimeter
G1 Z86.297 X236.002 Y238.190 E15.97896 ; perimeter
G1 Z86.318 X230.706 Y241.968 E27.09286 ; perimeter
G1 Z86.331 X227.435 Y243.973 E15.97809 ; perimeter
G1 Z86.343 X224.063 Y245.803 E15.97796 ; perimeter
G1 Z86.364 X218.171 Y248.488 E26.96584 ; perimeter
G1 Z86.385 X212.068 Y250.650 E26.96454 ; perimeter
G1 Z86.397 X208.371 Y251.675 E15.97748 ; perimeter
G1 Z86.410 X204.595 Y252.512 E16.10743 ; perimeter
G1 Z86.422 X200.781 Y253.150 E16.10466 ; perimeter
G1 Z86.435 X196.938 Y253.588 E16.10835 ; perimeter
G1 Z86.447 X193.078 Y253.824 E16.10555 ; perimeter
G1 Z86.460 X189.211 Y253.858 E16.10531 ; perimeter
G1 Z86.472 X185.347 Y253.689 E16.10757 ; perimeter
G1 Z86.485 X181.528 Y253.322 E15.97805 ; perimeter
G1 Z86.506 X175.142 Y252.253 E26.96547 ; perimeter
G1 Z86.527 X168.874 Y250.632 E26.96281 ; perimeter
G1 Z86.539 X165.235 Y249.414 E15.98154 ; perimeter
G1 Z86.552 X161.637 Y247.997 E16.10458 ; perimeter
G1 Z86.564 X158.118 Y246.393 E16.10602 ; perimeter
G1 Z86.576 X154.715 Y244.622 E15.97664 ; perimeter
G1 Z86.598 X149.168 Y241.223 E27.09338 ; perimeter
G1 Z86.610 X146.044 Y238.995 E15.98017 ; perimeter
G1 Z86.622 X143.018 Y236.587 E16.10547 ; perimeter
G1 Z86.635 X140.121 Y234.025 E16.10617 ; perimeter
G1 Z86.647 X137.385 Y231.335 E15.97932 ; perimeter
G1 Z86.668 X133.074 Y226.463 E27.09296 ; perimeter
G1 Z86.681 X130.738 Y223.419 E15.97989 ; perimeter
G1 Z86.693 X128.548 Y220.232 E16.10419 ; perimeter
G1 Z86.706 X126.543 Y216.926 E16.10365 ; perimeter
G1 Z86.718 X124.701 Y213.561 E15.97461 ; perimeter
G1 Z86.739 X122.012 Y207.671 E26.96574 ; perimeter
G1 Z86.760 X119.850 Y201.568 E26.96455 ; perimeter
G1 Z86.772 X118.825 Y197.871 E15.97750 ; perimeter
G1 Z86.785 X117.988 Y194.095 E16.10741 ; perimeter
G1 Z86.797 X117.350 Y190.281 E16.10466 ; perimeter
G1 Z86.810 X116.912 Y186.438 E16.10835 ; perimeter
G1 Z86.822 X116.676 Y182.578 E16.10555 ; perimeter
G1 Z86.835 X116.642 Y178.752 E15.93456 ; perimeter
G1 Z86.858 X117.130 Y171.470 E30.39494 ; perimeter
G1 Z86.881 X118.254 Y164.606 E28.96684 ; perimeter
G1 Z86.893 X119.148 Y160.881 E15.95383 ; perimeter
G1 Z86.906 X120.237 Y157.202 E15.97887 ; perimeter
G1 Z86.927 X122.516 Y151.109 E27.09213 ; perimeter
G1 Z86.939 X124.107 Y147.618 E15.97746 ; perimeter
G1 Z86.951 X125.874 Y144.224 E15.93570 ; perimeter
G1 Z86.975 X129.723 Y138.023 E30.39539 ; perimeter
G1 Z86.998 X133.937 Y132.490 E28.96508 ; perimeter
G1 Z87.000 X134.441 Y131.921 E3.16562 ; perimeter
;LAYER_CHANGE
;Z:88.5
;HEIGHT:1.5
G1 Z87.000 F960 ; simple layer change
G1 F2400
G1 Z87.010 X136.475 Y129.621 E12.78694 ; perimeter
G1 Z87.022 X139.165 Y126.885 E15.97939 ; perimeter
G1 Z87.043 X144.037 Y122.574 E27.09294 ; perimeter
G1 Z87.056 X147.081 Y120.238 E15.97989 ; perimeter
G1 Z87.068 X150.234 Y118.071 E15.93340 ; perimeter
G1 Z87.092 X156.557 Y114.398 E30.45532 ; perimeter
G1 Z87.114 X162.835 Y111.509 E28.77769 ; perimeter
G1 Z87.135 X168.932 Y109.350 E26.93854 ; perimeter
G1 Z87.147 X172.629 Y108.325 E15.97749 ; perimeter
G1 Z87.160 X176.405 Y107.488 E16.10747 ; perimeter
G1 Z87.172 X180.219 Y106.850 E16.10460 ; perimeter
G1 Z87.185 X184.021 Y106.416 E15.93681 ; perimeter
G1 Z87.208 X191.329 Y106.142 E30.45646 ; perimeter
G1 Z87.231 X198.258 Y106.540 E28.90465 ; perimeter
G1 Z87.243 X202.056 Y107.040 E15.95380 ; perimeter
G1 Z87.256 X205.818 Y107.737 E15.93404 ; perimeter
G1 Z87.279 X212.887 Y109.611 E30.45534 ; perimeter
G1 Z87.302 X219.396 Y112.018 E28.90324 ; perimeter
G1 Z87.314 X222.882 Y113.607 E15.95516 ; perimeter
G1 Z87.326 X226.285 Y115.378 E15.97666 ; perimeter
G1 Z87.348 X231.832 Y118.777 E27.09336 ; perimeter
G1 Z87.360 X234.956 Y121.005 E15.98015 ; perimeter
G1 Z87.372 X237.982 Y123.413 E16.10547 ; perimeter
G1 Z87.385 X240.879 Y125.975 E16.10617 ; perimeter
G1 Z87.397 X243.615 Y128.665 E15.97939 ; perimeter
G1 Z87.418 X247.926 Y133.537 E27.09292 ; perimeter
G1 Z87.431 X250.261 Y136.581 E15.97739 ; perimeter
G1 Z87.443 X252.429 Y139.734 E15.93569 ; perimeter
G1 Z87.467 X256.102 Y146.057 E30.45547 ; perimeter
G1 Z87.489 X259.003 Y152.362 E28.90242 ; perimeter
G1 Z87.502 X260.345 Y155.951 E15.95757 ; perimeter
G1 Z87.514 X261.508 Y159.639 E16.10480 ; perimeter
G1 Z87.527 X262.476 Y163.383 E16.10515 ; perimeter
G1 Z87.539 X263.241 Y167.143 E15.97988 ; perimeter
G1 Z87.560 X264.090 Y173.592 E27.08946 ; perimeter
G1 Z87.572 X264.324 Y177.422 E15.98040 ; perimeter
G1 Z87.585 X264.358 Y181.289 E16.10531 ; perimeter
G1 Z87.597 X264.189 Y185.153 E16.10757 ; perimeter
G1 Z87.610 X263.822 Y188.972 E15.97811 ; perimeter
G1 Z87.631 X262.748 Y195.388 E27.09208 ; perimeter
G1 Z87.643 X261.852 Y199.119 E15.98007 ; perimeter
G1 Z87.656 X260.754 Y202.827 E16.10532 ; perimeter
G1 Z87.668 X259.463 Y206.472 E16.10421 ; perimeter
G1 Z87.681 X257.995 Y210.017 E15.97940 ; perimeter
G1 Z87.702 X255.092 Y215.839 E27.09357 ; perimeter
G1 Z87.714 X253.145 Y219.145 E15.97862 ; perimeter
G1 Z87.726 X251.027 Y222.344 E15.97806 ; perimeter
G1 Z87.748 X247.067 Y227.505 E27.09190 ; perimeter
G1 Z87.760 X244.525 Y230.379 E15.97920 ; perimeter
G1 Z87.772 X241.814 Y233.137 E16.10597 ; perimeter
G1 Z87.785 X238.963 Y235.750 E16.10591 ; perimeter
G1 Z87.797 X236.002 Y238.190 E15.97896 ; perimeter
G1 Z87.818 X230.706 Y241.968 E27.09286 ; perimeter
G1 Z87.831 X227.435 Y243.973 E15.97809 ; perimeter
G1 Z87.843 X224.063 Y245.803 E15.97796 ; perimeter
G1 Z87.864 X218.171 Y248.488 E26.96584 ; perimeter
G1 Z87.885 X212.068 Y250.650 E26.96454 ; perimeter
G1 Z87.897 X208.371 Y251.675 E15.97748 ; perimeter
G1 Z87.910 X204.595 Y252.512 E16.10743 ; perimeter
G1 Z87.922 X200.781 Y253.150 E16.10466 ; perimeter
G1 Z87.935 X196.938 Y253.588 E16.10835 ; perimeter
G1 Z87.947 X193.078 Y253.824 E16.10555 ; perimeter
G1 Z87.960 X189.211 Y253.858 E16.10531 ; perimeter
G1 Z87.972 X185.347 Y253.689 E16.10757 ; perimeter
G1 Z87.985 X181.528 Y253.322 E15.97805 ; perimeter
G1 Z88.006 X175.142 Y252.253 E26.96547 ; perimeter
G1 Z88.027 X168.874 Y250.632 E26.96281 ; perimeter
G1 Z88.039 X165.235 Y249.414 E15.98154 ; perimeter
G1 Z88.052 X161.637 Y247.997 E16.10456 ; perimeter
G1 Z88.064 X158.118 Y246.393 E16.10605 ; perimeter
G1 Z88.076 X154.715 Y244.622 E15.97664 ; perimeter
G1 Z88.098 X149.168 Y241.223 E27.09338 ; perimeter
G1 Z88.110 X146.044 Y238.995 E15.98017 ; perimeter
G1 Z88.122 X143.018 Y236.587 E16.10547 ; perimeter
G1 Z88.135 X140.121 Y234.025 E16.10617 ; perimeter
G1 Z88.147 X137.385 Y231.335 E15.97932 ; perimeter
G1 Z88.168 X133.074 Y226.463 E27.09296 ; perimeter
G1 Z88.181 X130.738 Y223.419 E15.97989 ; perimeter
G1 Z88.193 X128.548 Y220.232 E16.10435 ; perimeter
G1 Z88.206 X126.527 Y216.935 E16.10518 ; perimeter
G1 Z88.218 X124.697 Y213.563 E15.97797 ; perimeter
G1 Z88.239 X122.012 Y207.671 E26.96584 ; perimeter
G1 Z88.260 X119.850 Y201.568 E26.96454 ; perimeter
G1 Z88.272 X118.825 Y197.871 E15.97750 ; perimeter
G1 Z88.285 X117.988 Y194.095 E16.10740 ; perimeter
G1 Z88.297 X117.350 Y190.281 E16.10467 ; perimeter
G1 Z88.310 X116.912 Y186.438 E16.10841 ; perimeter
G1 Z88.322 X116.676 Y182.578 E16.10549 ; perimeter
G1 Z88.335 X116.642 Y178.752 E15.93456 ; perimeter
G1 Z88.358 X117.132 Y171.455 E30.45781 ; perimeter
G1 Z88.381 X118.254 Y164.606 E28.90389 ; perimeter
G1 Z88.393 X119.148 Y160.881 E15.95383 ; perimeter
G1 Z88.406 X120.237 Y157.202 E15.97887 ; perimeter
G1 Z88.427 X122.516 Y151.109 E27.09213 ; perimeter
G1 Z88.439 X124.107 Y147.618 E15.97746 ; perimeter
G1 Z88.451 X125.874 Y144.224 E15.93570 ; perimeter
G1 Z88.475 X129.732 Y138.011 E30.45764 ; perimeter
G1 Z88.498 X133.937 Y132.490 E28.90260 ; perimeter
G1 Z88.500 X134.441 Y131.921 E3.16562 ; perimeter
;LAYER_CHANGE
;Z:90
;HEIGHT:1.5
G1 Z88.500 F960 ; simple layer change
G1 F2400
G1 Z88.510 X136.475 Y129.621 E12.78699 ; perimeter
G1 Z88.522 X139.165 Y126.885 E15.97932 ; perimeter
G1 Z88.543 X144.037 Y122.574 E27.09298 ; perimeter
G1 Z88.556 X147.081 Y120.238 E15.97989 ; perimeter
G1 Z88.568 X150.234 Y118.071 E15.93340 ; perimeter
G1 Z88.592 X156.570 Y114.391 E30.51675 ; perimeter
G1 Z88.614 X162.835 Y111.510 E28.71638 ; perimeter
G1 Z88.635 X168.932 Y109.350 E26.93815 ; perimeter
G1 Z88.647 X172.629 Y108.325 E15.97750 ; perimeter
G1 Z88.660 X176.405 Y107.488 E16.10742 ; perimeter
G1 Z88.672 X180.219 Y106.850 E16.10466 ; perimeter
G1 Z88.685 X184.021 Y106.416 E15.93681 ; perimeter
G1 Z88.708 X191.343 Y106.142 E30.51473 ; perimeter
G1 Z88.731 X198.258 Y106.540 E28.84645 ; perimeter
G1 Z88.743 X202.056 Y107.040 E15.95380 ; perimeter
G1 Z88.756 X205.818 Y107.737 E15.93403 ; perimeter
G1 Z88.779 X212.901 Y109.615 E30.51746 ; perimeter
G1 Z88.802 X219.358 Y112.004 E28.67254 ; perimeter
G1 Z88.825 X225.917 Y115.185 E30.36055 ; perimeter
G1 Z88.848 X231.837 Y118.781 E28.84514 ; perimeter
G1 Z88.860 X234.956 Y121.005 E15.95357 ; perimeter
G1 Z88.872 X237.982 Y123.413 E16.10547 ; perimeter
G1 Z88.885 X240.879 Y125.975 E16.10615 ; perimeter
G1 Z88.897 X243.615 Y128.665 E15.97930 ; perimeter
G1 Z88.918 X247.926 Y133.537 E27.09301 ; perimeter
G1 Z88.931 X250.261 Y136.581 E15.97731 ; perimeter
G1 Z88.943 X252.429 Y139.734 E15.93576 ; perimeter
G1 Z88.967 X256.109 Y146.070 E30.51694 ; perimeter
G1 Z88.989 X259.003 Y152.362 E28.84107 ; perimeter
G1 Z89.002 X260.345 Y155.951 E15.95765 ; perimeter
G1 Z89.014 X261.508 Y159.639 E16.10480 ; perimeter
G1 Z89.027 X262.476 Y163.383 E16.10515 ; perimeter
G1 Z89.039 X263.241 Y167.143 E15.97988 ; perimeter
G1 Z89.060 X264.090 Y173.592 E27.08954 ; perimeter
G1 Z89.072 X264.324 Y177.422 E15.98033 ; perimeter
G1 Z89.085 X264.358 Y181.289 E16.10531 ; perimeter
G1 Z89.097 X264.189 Y185.153 E16.10763 ; perimeter
G1 Z89.110 X263.822 Y188.972 E15.97799 ; perimeter
G1 Z89.131 X262.748 Y195.388 E27.09214 ; perimeter
G1 Z89.143 X261.852 Y199.119 E15.98013 ; perimeter
G1 Z89.156 X260.754 Y202.827 E16.10526 ; perimeter
G1 Z89.168 X259.463 Y206.472 E16.10415 ; perimeter
G1 Z89.181 X257.995 Y210.017 E15.97946 ; perimeter
G1 Z89.202 X255.092 Y215.839 E27.09357 ; perimeter
G1 Z89.214 X253.145 Y219.145 E15.97856 ; perimeter
G1 Z89.226 X251.027 Y222.344 E15.97811 ; perimeter
G1 Z89.248 X247.067 Y227.505 E27.09190 ; perimeter
G1 Z89.260 X244.525 Y230.379 E15.97920 ; perimeter
G1 Z89.272 X241.814 Y233.137 E16.10597 ; perimeter
G1 Z89.285 X238.963 Y235.750 E16.10591 ; perimeter
G1 Z89.297 X236.002 Y238.190 E15.97896 ; perimeter
G1 Z89.318 X230.706 Y241.968 E27.09290 ; perimeter
G1 Z89.331 X227.435 Y243.973 E15.97803 ; perimeter
G1 Z89.343 X224.063 Y245.803 E15.97799 ; perimeter
G1 Z89.364 X218.171 Y248.488 E26.96584 ; perimeter
G1 Z89.385 X212.068 Y250.650 E26.96454 ; perimeter
G1 Z89.397 X208.371 Y251.675 E15.97750 ; perimeter
G1 Z89.410 X204.595 Y252.512 E16.10741 ; perimeter
G1 Z89.422 X200.781 Y253.150 E16.10466 ; perimeter
G1 Z89.435 X196.938 Y253.588 E16.10834 ; perimeter
G1 Z89.447 X193.078 Y253.824 E16.10556 ; perimeter
G1 Z89.460 X189.211 Y253.858 E16.10531 ; perimeter
G1 Z89.472 X185.347 Y253.689 E16.10757 ; perimeter
G1 Z89.485 X181.528 Y253.322 E15.97805 ; perimeter
G1 Z89.506 X175.142 Y252.253 E26.96548 ; perimeter
G1 Z89.527 X168.874 Y250.632 E26.96283 ; perimeter
G1 Z89.539 X165.235 Y249.414 E15.98150 ; perimeter
G1 Z89.552 X161.637 Y247.997 E16.10458 ; perimeter
G1 Z89.564 X158.118 Y246.393 E16.10602 ; perimeter
G1 Z89.576 X154.715 Y244.622 E15.97667 ; perimeter
G1 Z89.598 X149.168 Y241.223 E27.09335 ; perimeter
G1 Z89.610 X146.044 Y238.995 E15.98017 ; perimeter
G1 Z89.622 X143.018 Y236.587 E16.10547 ; perimeter
G1 Z89.635 X140.121 Y234.025 E16.10617 ; perimeter
G1 Z89.647 X137.385 Y231.335 E15.97932 ; perimeter
G1 Z89.668 X133.074 Y226.463 E27.09296 ; perimeter
G1 Z89.681 X130.738 Y223.419 E15.97989 ; perimeter
G1 Z89.693 X128.548 Y220.232 E16.10435 ; perimeter
G1 Z89.706 X126.527 Y216.935 E16.10520 ; perimeter
G1 Z89.718 X124.697 Y213.563 E15.97796 ; perimeter
G1 Z89.739 X122.012 Y207.671 E26.96584 ; perimeter
G1 Z89.760 X119.850 Y201.568 E26.96454 ; perimeter
G1 Z89.772 X118.825 Y197.871 E15.97750 ; perimeter
G1 Z89.785 X117.988 Y194.095 E16.10741 ; perimeter
G1 Z89.797 X117.350 Y190.281 E16.10466 ; perimeter
G1 Z89.810 X116.912 Y186.438 E16.10829 ; perimeter
G1 Z89.822 X116.676 Y182.578 E16.10561 ; perimeter
G1 Z89.835 X116.642 Y178.752 E15.93456 ; perimeter
G1 Z89.858 X117.134 Y171.441 E30.51653 ; perimeter
G1 Z89.881 X118.253 Y164.606 E28.84440 ; perimeter
G1 Z89.893 X119.148 Y160.881 E15.95472 ; perimeter
G1 Z89.906 X120.234 Y157.213 E15.93139 ; perimeter
G1 Z89.929 X122.843 Y150.365 E30.51761 ; perimeter
G1 Z89.952 X125.911 Y144.156 E28.84447 ; perimeter
G1 Z89.964 X127.857 Y140.856 E15.95411 ; perimeter
G1 Z89.976 X129.973 Y137.656 E15.97769 ; perimeter
G1 Z89.998 X133.933 Y132.495 E27.09184 ; perimeter
G1 Z90.000 X134.441 Y131.921 E3.19225 ; perimeter
;LAYER_CHANGE
;Z:91.5
;HEIGHT:1.5
G1 Z90.000 F960 ; simple layer change
G1 F2400
G1 Z90.010 X136.475 Y129.621 E12.78694 ; perimeter
G1 Z90.022 X139.165 Y126.885 E15.97939 ; perimeter
G1 Z90.043 X144.037 Y122.574 E27.09294 ; perimeter
G1 Z90.056 X147.081 Y120.238 E15.97989 ; perimeter
G1 Z90.068 X150.234 Y118.071 E15.93340 ; perimeter
G1 Z90.092 X156.583 Y114.384 E30.57652 ; perimeter
G1 Z90.114 X162.834 Y111.510 E28.65288 ; perimeter
G1 Z90.135 X168.932 Y109.350 E26.94198 ; perimeter
G1 Z90.147 X172.629 Y108.325 E15.97756 ; perimeter
G1 Z90.160 X176.405 Y107.488 E16.10735 ; perimeter
G1 Z90.172 X180.219 Y106.850 E16.10466 ; perimeter
G1 Z90.185 X184.021 Y106.416 E15.93681 ; perimeter
G1 Z90.209 X191.358 Y106.142 E30.57715 ; perimeter
G1 Z90.231 X198.257 Y106.540 E28.77990 ; perimeter
G1 Z90.243 X202.056 Y107.040 E15.95795 ; perimeter
G1 Z90.256 X205.818 Y107.737 E15.93403 ; perimeter
G1 Z90.279 X212.915 Y109.620 E30.57767 ; perimeter
G1 Z90.302 X219.395 Y112.021 E28.77967 ; perimeter
G1 Z90.314 X222.850 Y113.674 E15.95085 ; perimeter
G1 Z90.326 X226.276 Y115.393 E15.96461 ; perimeter
G1 Z90.348 X231.832 Y118.778 E27.09322 ; perimeter
G1 Z90.360 X234.956 Y121.005 E15.97993 ; perimeter
G1 Z90.372 X237.982 Y123.413 E16.10547 ; perimeter
G1 Z90.385 X240.879 Y125.975 E16.10626 ; perimeter
G1 Z90.397 X243.615 Y128.665 E15.97930 ; perimeter
G1 Z90.418 X247.926 Y133.537 E27.09292 ; perimeter
G1 Z90.431 X250.261 Y136.581 E15.97731 ; perimeter
G1 Z90.443 X252.429 Y139.734 E15.93588 ; perimeter
G1 Z90.467 X256.116 Y146.083 E30.57640 ; perimeter
G1 Z90.489 X259.003 Y152.362 E28.78147 ; perimeter
G1 Z90.502 X260.345 Y155.951 E15.95761 ; perimeter
G1 Z90.514 X261.508 Y159.639 E16.10484 ; perimeter
G1 Z90.527 X262.476 Y163.383 E16.10515 ; perimeter
G1 Z90.539 X263.241 Y167.143 E15.97988 ; perimeter
G1 Z90.560 X264.090 Y173.592 E27.08954 ; perimeter
G1 Z90.572 X264.324 Y177.422 E15.98033 ; perimeter
G1 Z90.585 X264.358 Y181.289 E16.10531 ; perimeter
G1 Z90.597 X264.189 Y185.153 E16.10763 ; perimeter
G1 Z90.610 X263.822 Y188.972 E15.97800 ; perimeter
G1 Z90.631 X262.748 Y195.388 E27.09214 ; perimeter
G1 Z90.643 X261.852 Y199.119 E15.98007 ; perimeter
G1 Z90.656 X260.754 Y202.827 E16.10532 ; perimeter
G1 Z90.668 X259.463 Y206.472 E16.10415 ; perimeter
G1 Z90.681 X257.995 Y210.017 E15.97946 ; perimeter
G1 Z90.702 X255.092 Y215.839 E27.09354 ; perimeter
G1 Z90.714 X253.145 Y219.145 E15.97864 ; perimeter
G1 Z90.726 X251.027 Y222.344 E15.97806 ; perimeter
G1 Z90.748 X247.067 Y227.505 E27.09186 ; perimeter
G1 Z90.760 X244.525 Y230.379 E15.97924 ; perimeter
G1 Z90.772 X241.814 Y233.137 E16.10597 ; perimeter
G1 Z90.785 X238.963 Y235.750 E16.10591 ; perimeter
G1 Z90.797 X236.002 Y238.190 E15.97896 ; perimeter
G1 Z90.818 X230.706 Y241.968 E27.09294 ; perimeter
G1 Z90.831 X227.435 Y243.973 E15.97803 ; perimeter
G1 Z90.843 X224.063 Y245.803 E15.97796 ; perimeter
G1 Z90.864 X218.171 Y248.488 E26.96584 ; perimeter
G1 Z90.885 X212.068 Y250.650 E26.96454 ; perimeter
G1 Z90.897 X208.371 Y251.675 E15.97752 ; perimeter
G1 Z90.910 X204.595 Y252.512 E16.10740 ; perimeter
G1 Z90.922 X200.781 Y253.150 E16.10466 ; perimeter
G1 Z90.935 X196.938 Y253.588 E16.10835 ; perimeter
G1 Z90.947 X193.078 Y253.824 E16.10555 ; perimeter
G1 Z90.960 X189.211 Y253.858 E16.10531 ; perimeter
G1 Z90.972 X185.347 Y253.689 E16.10757 ; perimeter
G1 Z90.985 X181.528 Y253.322 E15.97805 ; perimeter
G1 Z91.006 X175.142 Y252.253 E26.96547 ; perimeter
G1 Z91.027 X168.874 Y250.632 E26.96283 ; perimeter
G1 Z91.039 X165.235 Y249.414 E15.98152 ; perimeter
G1 Z91.052 X161.637 Y247.997 E16.10458 ; perimeter
G1 Z91.064 X158.118 Y246.393 E16.10602 ; perimeter
G1 Z91.076 X154.715 Y244.622 E15.97664 ; perimeter
G1 Z91.098 X149.168 Y241.223 E27.09341 ; perimeter
G1 Z91.110 X146.044 Y238.995 E15.98013 ; perimeter
G1 Z91.122 X143.018 Y236.587 E16.10547 ; perimeter
G1 Z91.135 X140.121 Y234.025 E16.10617 ; perimeter
G1 Z91.147 X137.385 Y231.335 E15.97932 ; perimeter
G1 Z91.168 X133.074 Y226.463 E27.09296 ; perimeter
G1 Z91.181 X130.738 Y223.419 E15.97989 ; perimeter
G1 Z91.193 X128.548 Y220.232 E16.10435 ; perimeter
G1 Z91.206 X126.527 Y216.935 E16.10518 ; perimeter
G1 Z91.218 X124.697 Y213.563 E15.97799 ; perimeter
G1 Z91.239 X122.012 Y207.671 E26.96581 ; perimeter
G1 Z91.260 X119.850 Y201.568 E26.96455 ; perimeter
G1 Z91.272 X118.825 Y197.871 E15.97750 ; perimeter
G1 Z91.285 X117.988 Y194.095 E16.10741 ; perimeter
G1 Z91.297 X117.350 Y190.281 E16.10466 ; perimeter
G1 Z91.310 X116.912 Y186.438 E16.10835 ; perimeter
G1 Z91.322 X116.676 Y182.578 E16.10555 ; perimeter
G1 Z91.335 X116.642 Y178.752 E15.93456 ; perimeter
G1 Z91.359 X117.135 Y171.427 E30.57495 ; perimeter
G1 Z91.381 X118.253 Y164.606 E28.78614 ; perimeter
G1 Z91.393 X119.148 Y160.881 E15.95474 ; perimeter
G1 Z91.406 X120.237 Y157.202 E15.97894 ; perimeter
G1 Z91.427 X122.518 Y151.110 E27.09208 ; perimeter
G1 Z91.439 X124.110 Y147.619 E15.97648 ; perimeter
G1 Z91.451 X125.873 Y144.224 E15.93355 ; perimeter
G1 Z91.475 X129.748 Y137.987 E30.57977 ; perimeter
G1 Z91.498 X133.937 Y132.490 E28.78271 ; perimeter
G1 Z91.500 X134.441 Y131.921 E3.16562 ; perimeter
;LAYER_CHANGE
;Z:93
;HEIGHT:1.5
G1 Z91.500 F960 ; simple layer change
G1 F2400
G1 Z91.510 X136.475 Y129.621 E12.78699 ; perimeter
G1 Z91.522 X139.165 Y126.885 E15.97932 ; perimeter
G1 Z91.543 X144.037 Y122.574 E27.09298 ; perimeter
G1 Z91.556 X147.081 Y120.238 E15.97989 ; perimeter
G1 Z91.568 X150.234 Y118.071 E15.93340 ; perimeter
G1 Z91.592 X156.596 Y114.378 E30.63758 ; perimeter
G1 Z91.614 X162.834 Y111.510 E28.59153 ; perimeter
G1 Z91.635 X168.932 Y109.350 E26.94215 ; perimeter
G1 Z91.647 X172.629 Y108.325 E15.97750 ; perimeter
G1 Z91.660 X176.405 Y107.488 E16.10741 ; perimeter
G1 Z91.672 X180.219 Y106.850 E16.10466 ; perimeter
G1 Z91.685 X184.021 Y106.416 E15.93637 ; perimeter
G1 Z91.709 X191.372 Y106.142 E30.63589 ; perimeter
G1 Z91.731 X198.257 Y106.540 E28.72159 ; perimeter
G1 Z91.743 X202.056 Y107.040 E15.95806 ; perimeter
G1 Z91.756 X205.818 Y107.737 E15.93396 ; perimeter
G1 Z91.779 X212.928 Y109.624 E30.63578 ; perimeter
G1 Z91.802 X219.357 Y112.004 E28.55029 ; perimeter
G1 Z91.825 X225.943 Y115.199 E30.48724 ; perimeter
G1 Z91.848 X231.837 Y118.781 E28.72241 ; perimeter
G1 Z91.860 X234.956 Y121.005 E15.95360 ; perimeter
G1 Z91.872 X237.982 Y123.413 E16.10547 ; perimeter
G1 Z91.885 X240.879 Y125.975 E16.10612 ; perimeter
G1 Z91.897 X243.615 Y128.665 E15.97934 ; perimeter
G1 Z91.918 X247.926 Y133.537 E27.09300 ; perimeter
G1 Z91.931 X250.261 Y136.581 E15.97735 ; perimeter
G1 Z91.943 X252.429 Y139.734 E15.93576 ; perimeter
G1 Z91.967 X256.122 Y146.096 E30.63767 ; perimeter
G1 Z91.989 X259.003 Y152.362 E28.72013 ; perimeter
G1 Z92.002 X260.345 Y155.951 E15.95765 ; perimeter
G1 Z92.014 X261.508 Y159.639 E16.10480 ; perimeter
G1 Z92.027 X262.476 Y163.383 E16.10515 ; perimeter
G1 Z92.039 X263.241 Y167.143 E15.97988 ; perimeter
G1 Z92.060 X264.090 Y173.592 E27.08961 ; perimeter
G1 Z92.072 X264.324 Y177.422 E15.98027 ; perimeter
G1 Z92.085 X264.358 Y181.289 E16.10531 ; perimeter
G1 Z92.097 X264.189 Y185.153 E16.10757 ; perimeter
G1 Z92.110 X263.822 Y188.972 E15.97799 ; perimeter
G1 Z92.131 X262.748 Y195.388 E27.09220 ; perimeter
G1 Z92.143 X261.852 Y199.119 E15.98007 ; perimeter
G1 Z92.156 X260.754 Y202.827 E16.10532 ; perimeter
G1 Z92.168 X259.463 Y206.472 E16.10421 ; perimeter
G1 Z92.181 X257.995 Y210.017 E15.97940 ; perimeter
G1 Z92.202 X255.092 Y215.839 E27.09363 ; perimeter
G1 Z92.214 X253.145 Y219.145 E15.97854 ; perimeter
G1 Z92.226 X251.027 Y222.344 E15.97811 ; perimeter
G1 Z92.248 X247.067 Y227.505 E27.09186 ; perimeter
G1 Z92.260 X244.525 Y230.379 E15.97920 ; perimeter
G1 Z92.272 X241.814 Y233.137 E16.10597 ; perimeter
G1 Z92.285 X238.963 Y235.750 E16.10591 ; perimeter
G1 Z92.297 X236.002 Y238.190 E15.97896 ; perimeter
G1 Z92.318 X230.706 Y241.968 E27.09286 ; perimeter
G1 Z92.331 X227.435 Y243.973 E15.97806 ; perimeter
G1 Z92.343 X224.063 Y245.803 E15.97799 ; perimeter
G1 Z92.364 X218.171 Y248.488 E26.96584 ; perimeter
G1 Z92.385 X212.068 Y250.650 E26.96454 ; perimeter
G1 Z92.397 X208.371 Y251.675 E15.97748 ; perimeter
G1 Z92.410 X204.595 Y252.512 E16.10743 ; perimeter
G1 Z92.422 X200.781 Y253.150 E16.10466 ; perimeter
G1 Z92.435 X196.938 Y253.588 E16.10834 ; perimeter
G1 Z92.447 X193.078 Y253.824 E16.10556 ; perimeter
G1 Z92.460 X189.211 Y253.858 E16.10531 ; perimeter
G1 Z92.472 X185.347 Y253.689 E16.10757 ; perimeter
G1 Z92.485 X181.528 Y253.322 E15.97805 ; perimeter
G1 Z92.506 X175.142 Y252.253 E26.96548 ; perimeter
G1 Z92.527 X168.874 Y250.632 E26.96283 ; perimeter
G1 Z92.539 X165.235 Y249.414 E15.98150 ; perimeter
G1 Z92.552 X161.637 Y247.997 E16.10458 ; perimeter
G1 Z92.564 X158.118 Y246.393 E16.10602 ; perimeter
G1 Z92.576 X154.715 Y244.622 E15.97667 ; perimeter
G1 Z92.598 X149.168 Y241.223 E27.09335 ; perimeter
G1 Z92.610 X146.044 Y238.995 E15.98017 ; perimeter
G1 Z92.622 X143.018 Y236.587 E16.10547 ; perimeter
G1 Z92.635 X140.121 Y234.025 E16.10617 ; perimeter
G1 Z92.647 X137.385 Y231.335 E15.97932 ; perimeter
G1 Z92.668 X133.074 Y226.463 E27.09296 ; perimeter
G1 Z92.681 X130.738 Y223.419 E15.97989 ; perimeter
G1 Z92.693 X128.548 Y220.232 E16.10435 ; perimeter
G1 Z92.706 X126.527 Y216.935 E16.10520 ; perimeter
G1 Z92.718 X124.697 Y213.563 E15.97796 ; perimeter
G1 Z92.739 X122.012 Y207.671 E26.96584 ; perimeter
G1 Z92.760 X119.850 Y201.568 E26.96454 ; perimeter
G1 Z92.772 X118.825 Y197.871 E15.97750 ; perimeter
G1 Z92.785 X117.988 Y194.095 E16.10741 ; perimeter
G1 Z92.797 X117.350 Y190.281 E16.10466 ; perimeter
G1 Z92.810 X116.912 Y186.438 E16.10835 ; perimeter
G1 Z92.822 X116.676 Y182.578 E16.10555 ; perimeter
G1 Z92.835 X116.642 Y178.752 E15.93456 ; perimeter
G1 Z92.859 X117.137 Y171.412 E30.63787 ; perimeter
G1 Z92.881 X118.253 Y164.606 E28.72314 ; perimeter
G1 Z92.893 X119.148 Y160.881 E15.95480 ; perimeter
G1 Z92.906 X120.237 Y157.202 E15.97886 ; perimeter
G1 Z92.927 X122.516 Y151.109 E27.09213 ; perimeter
G1 Z92.939 X124.107 Y147.618 E15.97746 ; perimeter
G1 Z92.951 X125.873 Y144.224 E15.93378 ; perimeter
G1 Z92.975 X129.756 Y137.976 E30.63639 ; perimeter
G1 Z92.998 X133.937 Y132.491 E28.72277 ; perimeter
G1 Z93.000 X134.441 Y131.921 E3.16873 ; perimeter
;LAYER_CHANGE
;Z:94.5
;HEIGHT:1.5
G1 Z93.000 F960 ; simple layer change
G1 F2400
G1 Z93.010 X136.475 Y129.621 E12.78694 ; perimeter
G1 Z93.022 X139.165 Y126.885 E15.97939 ; perimeter
G1 Z93.043 X144.037 Y122.574 E27.09294 ; perimeter
G1 Z93.056 X147.081 Y120.238 E15.97991 ; perimeter
G1 Z93.068 X150.234 Y118.071 E15.93103 ; perimeter
G1 Z93.092 X156.609 Y114.371 E30.69766 ; perimeter
G1 Z93.114 X162.834 Y111.510 E28.53392 ; perimeter
G1 Z93.135 X168.932 Y109.350 E26.94214 ; perimeter
G1 Z93.147 X172.629 Y108.325 E15.97751 ; perimeter
G1 Z93.160 X176.405 Y107.488 E16.10740 ; perimeter
G1 Z93.172 X180.219 Y106.850 E16.10467 ; perimeter
G1 Z93.185 X184.021 Y106.417 E15.93633 ; perimeter
G1 Z93.209 X191.387 Y106.142 E30.69799 ; perimeter
G1 Z93.231 X198.257 Y106.540 E28.65934 ; perimeter
G1 Z93.243 X202.056 Y107.040 E15.95792 ; perimeter
G1 Z93.256 X205.817 Y107.737 E15.92994 ; perimeter
G1 Z93.279 X212.942 Y109.629 E30.70005 ; perimeter
G1 Z93.302 X219.394 Y112.021 E28.66104 ; perimeter
G1 Z93.314 X222.849 Y113.674 E15.95082 ; perimeter
G1 Z93.326 X226.276 Y115.392 E15.96493 ; perimeter
G1 Z93.348 X231.832 Y118.778 E27.09326 ; perimeter
G1 Z93.360 X234.956 Y121.005 E15.97995 ; perimeter
G1 Z93.372 X237.982 Y123.413 E16.10551 ; perimeter
G1 Z93.385 X240.879 Y125.975 E16.10613 ; perimeter
G1 Z93.397 X243.615 Y128.665 E15.97939 ; perimeter
G1 Z93.418 X247.926 Y133.537 E27.09292 ; perimeter
G1 Z93.431 X250.261 Y136.581 E15.97739 ; perimeter
G1 Z93.443 X252.428 Y139.734 E15.93333 ; perimeter
G1 Z93.467 X256.129 Y146.108 E30.69775 ; perimeter
G1 Z93.489 X259.003 Y152.362 E28.66250 ; perimeter
G1 Z93.502 X260.345 Y155.951 E15.95765 ; perimeter
G1 Z93.514 X261.508 Y159.639 E16.10480 ; perimeter
G1 Z93.527 X262.476 Y163.383 E16.10515 ; perimeter
G1 Z93.539 X263.241 Y167.143 E15.97988 ; perimeter
G1 Z93.560 X264.090 Y173.592 E27.08954 ; perimeter
G1 Z93.572 X264.324 Y177.422 E15.98033 ; perimeter
G1 Z93.585 X264.358 Y181.289 E16.10531 ; perimeter
G1 Z93.597 X264.189 Y185.153 E16.10751 ; perimeter
G1 Z93.610 X263.822 Y188.972 E15.97811 ; perimeter
G1 Z93.631 X262.748 Y195.388 E27.09214 ; perimeter
G1 Z93.643 X261.852 Y199.119 E15.98013 ; perimeter
G1 Z93.656 X260.754 Y202.827 E16.10526 ; perimeter
G1 Z93.668 X259.463 Y206.472 E16.10415 ; perimeter
G1 Z93.681 X257.995 Y210.017 E15.97946 ; perimeter
G1 Z93.702 X255.092 Y215.839 E27.09357 ; perimeter
G1 Z93.714 X253.145 Y219.145 E15.97860 ; perimeter
G1 Z93.726 X251.027 Y222.344 E15.97811 ; perimeter
G1 Z93.748 X247.067 Y227.505 E27.09186 ; perimeter
G1 Z93.760 X244.525 Y230.379 E15.97920 ; perimeter
G1 Z93.772 X241.814 Y233.137 E16.10597 ; perimeter
G1 Z93.785 X238.963 Y235.750 E16.10591 ; perimeter
G1 Z93.797 X236.002 Y238.190 E15.97896 ; perimeter
G1 Z93.818 X230.706 Y241.968 E27.09286 ; perimeter
G1 Z93.831 X227.435 Y243.973 E15.97809 ; perimeter
G1 Z93.843 X224.063 Y245.803 E15.97796 ; perimeter
G1 Z93.864 X218.171 Y248.488 E26.96584 ; perimeter
G1 Z93.885 X212.068 Y250.650 E26.96454 ; perimeter
G1 Z93.897 X208.371 Y251.675 E15.97748 ; perimeter
G1 Z93.910 X204.595 Y252.512 E16.10743 ; perimeter
G1 Z93.922 X200.781 Y253.150 E16.10466 ; perimeter
G1 Z93.935 X196.938 Y253.588 E16.10835 ; perimeter
G1 Z93.947 X193.078 Y253.824 E16.10555 ; perimeter
G1 Z93.960 X189.211 Y253.858 E16.10531 ; perimeter
G1 Z93.972 X185.347 Y253.689 E16.10757 ; perimeter
G1 Z93.985 X181.528 Y253.322 E15.97805 ; perimeter
G1 Z94.006 X175.142 Y252.253 E26.96547 ; perimeter
G1 Z94.027 X168.874 Y250.632 E26.96281 ; perimeter
G1 Z94.039 X165.235 Y249.414 E15.98154 ; perimeter
G1 Z94.052 X161.637 Y247.997 E16.10458 ; perimeter
G1 Z94.064 X158.118 Y246.393 E16.10602 ; perimeter
G1 Z94.076 X154.715 Y244.622 E15.97664 ; perimeter
G1 Z94.098 X149.168 Y241.223 E27.09338 ; perimeter
G1 Z94.110 X146.044 Y238.995 E15.98017 ; perimeter
G1 Z94.122 X143.018 Y236.587 E16.10547 ; perimeter
G1 Z94.135 X140.121 Y234.025 E16.10617 ; perimeter
G1 Z94.147 X137.385 Y231.335 E15.97936 ; perimeter
G1 Z94.168 X133.074 Y226.463 E27.09291 ; perimeter
G1 Z94.181 X130.738 Y223.419 E15.97989 ; perimeter
G1 Z94.193 X128.548 Y220.232 E16.10435 ; perimeter
G1 Z94.206 X126.527 Y216.935 E16.10518 ; perimeter
G1 Z94.218 X124.697 Y213.563 E15.97797 ; perimeter
G1 Z94.239 X122.012 Y207.671 E26.96585 ; perimeter
G1 Z94.260 X119.850 Y201.568 E26.96453 ; perimeter
G1 Z94.272 X118.825 Y197.871 E15.97750 ; perimeter
G1 Z94.285 X117.988 Y194.095 E16.10741 ; perimeter
G1 Z94.297 X117.350 Y190.281 E16.10466 ; perimeter
G1 Z94.310 X116.912 Y186.438 E16.10835 ; perimeter
G1 Z94.322 X116.676 Y182.578 E16.10555 ; perimeter
G1 Z94.335 X116.642 Y178.752 E15.93456 ; perimeter
G1 Z94.359 X117.139 Y171.398 E30.69660 ; perimeter
G1 Z94.381 X118.253 Y164.607 E28.66015 ; perimeter
G1 Z94.393 X119.148 Y160.881 E15.95880 ; perimeter
G1 Z94.406 X120.234 Y157.213 E15.93144 ; perimeter
G1 Z94.429 X122.860 Y150.325 E30.69844 ; perimeter
G1 Z94.452 X125.911 Y144.156 E28.66381 ; perimeter
G1 Z94.464 X127.857 Y140.856 E15.95413 ; perimeter
G1 Z94.476 X129.973 Y137.656 E15.97764 ; perimeter
G1 Z94.498 X133.933 Y132.495 E27.09187 ; perimeter
G1 Z94.500 X134.441 Y131.921 E3.19225 ; perimeter
;LAYER_CHANGE
;Z:96
;HEIGHT:1.5
G1 Z94.500 F960 ; simple layer change
G1 F2400
G1 Z94.510 X136.475 Y129.621 E12.78699 ; perimeter
G1 Z94.522 X139.165 Y126.885 E15.97932 ; perimeter
G1 Z94.543 X144.037 Y122.574 E27.09298 ; perimeter
G1 Z94.556 X147.081 Y120.238 E15.97989 ; perimeter
G1 Z94.568 X150.233 Y118.072 E15.92760 ; perimeter
G1 Z94.592 X156.621 Y114.364 E30.76068 ; perimeter
G1 Z94.614 X162.834 Y111.510 E28.47433 ; perimeter
G1 Z94.635 X168.932 Y109.350 E26.94214 ; perimeter
G1 Z94.647 X172.629 Y108.325 E15.97750 ; perimeter
G1 Z94.660 X176.405 Y107.488 E16.10741 ; perimeter
G1 Z94.672 X180.219 Y106.850 E16.10466 ; perimeter
G1 Z94.685 X184.020 Y106.417 E15.93222 ; perimeter
G1 Z94.709 X191.401 Y106.142 E30.76038 ; perimeter
G1 Z94.731 X198.257 Y106.540 E28.60114 ; perimeter
G1 Z94.743 X202.056 Y107.040 E15.95792 ; perimeter
G1 Z94.756 X205.817 Y107.737 E15.92999 ; perimeter
G1 Z94.779 X212.956 Y109.633 E30.76064 ; perimeter
G1 Z94.802 X219.356 Y112.003 E28.42400 ; perimeter
G1 Z94.825 X225.969 Y115.213 E30.61177 ; perimeter
G1 Z94.848 X231.836 Y118.780 E28.59767 ; perimeter
G1 Z94.860 X234.956 Y121.005 E15.95934 ; perimeter
G1 Z94.872 X237.982 Y123.413 E16.10547 ; perimeter
G1 Z94.885 X240.879 Y125.975 E16.10617 ; perimeter
G1 Z94.897 X243.615 Y128.665 E15.97936 ; perimeter
G1 Z94.918 X247.926 Y133.537 E27.09296 ; perimeter
G1 Z94.931 X250.261 Y136.581 E15.97730 ; perimeter
G1 Z94.943 X252.428 Y139.733 E15.93000 ; perimeter
G1 Z94.967 X256.136 Y146.121 E30.76071 ; perimeter
G1 Z94.989 X259.003 Y152.362 E28.60289 ; perimeter
G1 Z95.002 X260.345 Y155.951 E15.95765 ; perimeter
G1 Z95.014 X261.508 Y159.639 E16.10480 ; perimeter
G1 Z95.027 X262.476 Y163.383 E16.10515 ; perimeter
G1 Z95.039 X263.241 Y167.143 E15.97988 ; perimeter
G1 Z95.060 X264.090 Y173.592 E27.08954 ; perimeter
G1 Z95.072 X264.324 Y177.422 E15.98033 ; perimeter
G1 Z95.085 X264.358 Y181.289 E16.10531 ; perimeter
G1 Z95.097 X264.189 Y185.153 E16.10757 ; perimeter
G1 Z95.110 X263.822 Y188.972 E15.97805 ; perimeter
G1 Z95.131 X262.748 Y195.388 E27.09214 ; perimeter
G1 Z95.143 X261.852 Y199.119 E15.98007 ; perimeter
G1 Z95.156 X260.754 Y202.827 E16.10532 ; perimeter
G1 Z95.168 X259.463 Y206.472 E16.10415 ; perimeter
G1 Z95.181 X257.995 Y210.017 E15.97946 ; perimeter
G1 Z95.202 X255.092 Y215.839 E27.09363 ; perimeter
G1 Z95.214 X253.145 Y219.145 E15.97850 ; perimeter
G1 Z95.226 X251.027 Y222.344 E15.97814 ; perimeter
G1 Z95.248 X247.067 Y227.505 E27.09182 ; perimeter
G1 Z95.260 X244.525 Y230.379 E15.97924 ; perimeter
G1 Z95.272 X241.814 Y233.137 E16.10597 ; perimeter
G1 Z95.285 X238.963 Y235.750 E16.10591 ; perimeter
G1 Z95.297 X236.002 Y238.190 E15.97896 ; perimeter
G1 Z95.318 X230.706 Y241.968 E27.09290 ; perimeter
G1 Z95.331 X227.435 Y243.973 E15.97803 ; perimeter
G1 Z95.343 X224.063 Y245.803 E15.97799 ; perimeter
G1 Z95.364 X218.171 Y248.488 E26.96584 ; perimeter
G1 Z95.385 X212.068 Y250.650 E26.96454 ; perimeter
G1 Z95.397 X208.371 Y251.675 E15.97748 ; perimeter
G1 Z95.410 X204.595 Y252.512 E16.10743 ; perimeter
G1 Z95.422 X200.781 Y253.150 E16.10466 ; perimeter
G1 Z95.435 X196.938 Y253.588 E16.10834 ; perimeter
G1 Z95.447 X193.078 Y253.824 E16.10556 ; perimeter
G1 Z95.460 X189.211 Y253.858 E16.10531 ; perimeter
G1 Z95.472 X185.347 Y253.689 E16.10757 ; perimeter
G1 Z95.485 X181.528 Y253.322 E15.97805 ; perimeter
G1 Z95.506 X175.142 Y252.253 E26.96548 ; perimeter
G1 Z95.527 X168.874 Y250.632 E26.96283 ; perimeter
G1 Z95.539 X165.235 Y249.414 E15.98150 ; perimeter
G1 Z95.552 X161.637 Y247.997 E16.10458 ; perimeter
G1 Z95.564 X158.118 Y246.393 E16.10602 ; perimeter
G1 Z95.576 X154.715 Y244.622 E15.97661 ; perimeter
G1 Z95.598 X149.168 Y241.223 E27.09341 ; perimeter
G1 Z95.610 X146.044 Y238.995 E15.98017 ; perimeter
G1 Z95.622 X143.018 Y236.587 E16.10547 ; perimeter
G1 Z95.635 X140.121 Y234.025 E16.10617 ; perimeter
G1 Z95.647 X137.385 Y231.335 E15.97932 ; perimeter
G1 Z95.668 X133.074 Y226.463 E27.09296 ; perimeter
G1 Z95.681 X130.738 Y223.419 E15.97989 ; perimeter
G1 Z95.693 X128.548 Y220.232 E16.10435 ; perimeter
G1 Z95.706 X126.527 Y216.935 E16.10520 ; perimeter
G1 Z95.718 X124.697 Y213.563 E15.97796 ; perimeter
G1 Z95.739 X122.012 Y207.671 E26.96584 ; perimeter
G1 Z95.760 X119.850 Y201.568 E26.96454 ; perimeter
G1 Z95.772 X118.825 Y197.871 E15.97750 ; perimeter
G1 Z95.785 X117.988 Y194.095 E16.10741 ; perimeter
G1 Z95.797 X117.350 Y190.281 E16.10466 ; perimeter
G1 Z95.810 X116.912 Y186.438 E16.10835 ; perimeter
G1 Z95.822 X116.676 Y182.578 E16.10555 ; perimeter
G1 Z95.835 X116.642 Y178.753 E15.93040 ; perimeter
G1 Z95.859 X117.140 Y171.384 E30.75924 ; perimeter
G1 Z95.881 X118.253 Y164.607 E28.60188 ; perimeter
G1 Z95.893 X119.148 Y160.881 E15.95891 ; perimeter
G1 Z95.906 X120.237 Y157.202 E15.97877 ; perimeter
G1 Z95.927 X122.518 Y151.110 E27.09210 ; perimeter
G1 Z95.939 X124.110 Y147.619 E15.97645 ; perimeter
G1 Z95.951 X125.873 Y144.224 E15.93353 ; perimeter
G1 Z95.975 X129.772 Y137.952 E30.75640 ; perimeter
G1 Z95.998 X133.937 Y132.491 E28.60288 ; perimeter
G1 Z96.000 X134.441 Y131.921 E3.16873 ; perimeter
;LAYER_CHANGE
;Z:97.5
;HEIGHT:1.5
G1 Z96.000 F960 ; simple layer change
G1 F2400
G1 Z96.010 X136.475 Y129.621 E12.78694 ; perimeter
G1 Z96.022 X139.165 Y126.885 E15.97939 ; perimeter
G1 Z96.043 X144.037 Y122.574 E27.09294 ; perimeter
G1 Z96.056 X147.081 Y120.238 E15.97991 ; perimeter
G1 Z96.068 X150.233 Y118.072 E15.92764 ; perimeter
G1 Z96.092 X156.634 Y114.358 E30.82187 ; perimeter
G1 Z96.114 X162.834 Y111.510 E28.41301 ; perimeter
G1 Z96.135 X168.932 Y109.350 E26.94214 ; perimeter
G1 Z96.147 X172.629 Y108.325 E15.97750 ; perimeter
G1 Z96.160 X176.405 Y107.488 E16.10736 ; perimeter
G1 Z96.172 X180.219 Y106.850 E16.10472 ; perimeter
G1 Z96.185 X184.020 Y106.417 E15.93220 ; perimeter
G1 Z96.209 X191.416 Y106.142 E30.82308 ; perimeter
G1 Z96.231 X198.257 Y106.540 E28.53853 ; perimeter
G1 Z96.243 X202.056 Y107.040 E15.95787 ; perimeter
G1 Z96.256 X205.817 Y107.737 E15.92993 ; perimeter
G1 Z96.280 X212.970 Y109.637 E30.82267 ; perimeter
G1 Z96.302 X219.394 Y112.021 E28.53499 ; perimeter
G1 Z96.314 X222.849 Y113.675 E15.95452 ; perimeter
G1 Z96.326 X226.277 Y115.392 E15.96520 ; perimeter
G1 Z96.348 X231.832 Y118.777 E27.09330 ; perimeter
G1 Z96.360 X234.956 Y121.005 E15.98003 ; perimeter
G1 Z96.372 X237.982 Y123.413 E16.10547 ; perimeter
G1 Z96.385 X240.879 Y125.975 E16.10617 ; perimeter
G1 Z96.397 X243.615 Y128.665 E15.97927 ; perimeter
G1 Z96.418 X247.926 Y133.537 E27.09300 ; perimeter
G1 Z96.431 X250.261 Y136.581 E15.97735 ; perimeter
G1 Z96.443 X252.428 Y139.733 E15.92997 ; perimeter
G1 Z96.467 X256.142 Y146.134 E30.82203 ; perimeter
G1 Z96.489 X259.003 Y152.361 E28.53775 ; perimeter
G1 Z96.502 X260.345 Y155.951 E15.96137 ; perimeter
G1 Z96.514 X261.508 Y159.639 E16.10490 ; perimeter
G1 Z96.527 X262.476 Y163.383 E16.10515 ; perimeter
G1 Z96.539 X263.241 Y167.143 E15.97988 ; perimeter
G1 Z96.560 X264.090 Y173.592 E27.08962 ; perimeter
G1 Z96.572 X264.324 Y177.422 E15.98026 ; perimeter
G1 Z96.585 X264.358 Y181.289 E16.10531 ; perimeter
G1 Z96.597 X264.189 Y185.153 E16.10751 ; perimeter
G1 Z96.610 X263.822 Y188.972 E15.97811 ; perimeter
G1 Z96.631 X262.748 Y195.388 E27.09214 ; perimeter
G1 Z96.643 X261.852 Y199.119 E15.98007 ; perimeter
G1 Z96.656 X260.754 Y202.827 E16.10532 ; perimeter
G1 Z96.668 X259.463 Y206.472 E16.10415 ; perimeter
G1 Z96.681 X257.995 Y210.017 E15.97946 ; perimeter
G1 Z96.702 X255.092 Y215.839 E27.09357 ; perimeter
G1 Z96.714 X253.145 Y219.145 E15.97860 ; perimeter
G1 Z96.726 X251.027 Y222.344 E15.97811 ; perimeter
G1 Z96.748 X247.067 Y227.505 E27.09182 ; perimeter
G1 Z96.760 X244.525 Y230.379 E15.97924 ; perimeter
G1 Z96.772 X241.814 Y233.137 E16.10597 ; perimeter
G1 Z96.785 X238.963 Y235.750 E16.10591 ; perimeter
G1 Z96.797 X236.002 Y238.190 E15.97896 ; perimeter
G1 Z96.818 X230.706 Y241.968 E27.09294 ; perimeter
G1 Z96.831 X227.435 Y243.973 E15.97803 ; perimeter
G1 Z96.843 X224.063 Y245.803 E15.97796 ; perimeter
G1 Z96.864 X218.171 Y248.488 E26.96584 ; perimeter
G1 Z96.885 X212.068 Y250.650 E26.96454 ; perimeter
G1 Z96.897 X208.371 Y251.675 E15.97752 ; perimeter
G1 Z96.910 X204.595 Y252.512 E16.10740 ; perimeter
G1 Z96.922 X200.781 Y253.150 E16.10466 ; perimeter
G1 Z96.935 X196.938 Y253.588 E16.10835 ; perimeter
G1 Z96.947 X193.078 Y253.824 E16.10555 ; perimeter
G1 Z96.960 X189.211 Y253.858 E16.10531 ; perimeter
G1 Z96.972 X185.347 Y253.689 E16.10757 ; perimeter
G1 Z96.985 X181.528 Y253.322 E15.97805 ; perimeter
G1 Z97.006 X175.142 Y252.253 E26.96547 ; perimeter
G1 Z97.027 X168.874 Y250.632 E26.96283 ; perimeter
G1 Z97.039 X165.235 Y249.414 E15.98152 ; perimeter
G1 Z97.052 X161.637 Y247.997 E16.10458 ; perimeter
G1 Z97.064 X158.118 Y246.393 E16.10602 ; perimeter
G1 Z97.076 X154.715 Y244.622 E15.97664 ; perimeter
G1 Z97.098 X149.168 Y241.223 E27.09341 ; perimeter
G1 Z97.110 X146.044 Y238.995 E15.98013 ; perimeter
G1 Z97.122 X143.018 Y236.587 E16.10547 ; perimeter
G1 Z97.135 X140.121 Y234.025 E16.10617 ; perimeter
G1 Z97.147 X137.385 Y231.335 E15.97928 ; perimeter
G1 Z97.168 X133.074 Y226.463 E27.09306 ; perimeter
G1 Z97.181 X130.738 Y223.419 E15.97984 ; perimeter
G1 Z97.193 X128.572 Y220.267 E15.92757 ; perimeter
G1 Z97.217 X124.858 Y213.866 E30.82228 ; perimeter
G1 Z97.239 X122.010 Y207.666 E28.41275 ; perimeter
G1 Z97.260 X119.850 Y201.568 E26.94213 ; perimeter
G1 Z97.272 X118.825 Y197.871 E15.97749 ; perimeter
G1 Z97.285 X117.988 Y194.095 E16.10741 ; perimeter
G1 Z97.297 X117.350 Y190.281 E16.10466 ; perimeter
G1 Z97.310 X116.912 Y186.438 E16.10835 ; perimeter
G1 Z97.322 X116.676 Y182.578 E16.10555 ; perimeter
G1 Z97.335 X116.642 Y178.741 E15.98030 ; perimeter
G1 Z97.356 X117.043 Y172.248 E27.09148 ; perimeter
G1 Z97.368 X117.547 Y168.445 E15.97711 ; perimeter
G1 Z97.381 X118.245 Y164.642 E16.10330 ; perimeter
G1 Z97.393 X119.148 Y160.881 E16.10832 ; perimeter
G1 Z97.406 X120.237 Y157.202 E15.97887 ; perimeter
G1 Z97.427 X122.516 Y151.109 E27.09213 ; perimeter
G1 Z97.439 X124.107 Y147.618 E15.97746 ; perimeter
G1 Z97.451 X125.873 Y144.225 E15.93011 ; perimeter
G1 Z97.475 X129.781 Y137.940 E30.82221 ; perimeter
G1 Z97.498 X133.936 Y132.491 E28.53789 ; perimeter
G1 Z97.500 X134.441 Y131.921 E3.17149 ; perimeter
;LAYER_CHANGE
;Z:99
;HEIGHT:1.5
G1 Z97.500 F960 ; simple layer change
G1 F2400
G1 Z97.510 X136.475 Y129.621 E12.78699 ; perimeter
G1 Z97.522 X139.165 Y126.885 E15.97932 ; perimeter
G1 Z97.543 X144.037 Y122.574 E27.09298 ; perimeter
G1 Z97.556 X147.081 Y120.238 E15.97984 ; perimeter
G1 Z97.568 X150.233 Y118.072 E15.92770 ; perimeter
G1 Z97.592 X156.647 Y114.351 E30.88337 ; perimeter
G1 Z97.614 X162.834 Y111.510 E28.35158 ; perimeter
G1 Z97.635 X168.932 Y109.350 E26.94215 ; perimeter
G1 Z97.647 X172.629 Y108.325 E15.97750 ; perimeter
G1 Z97.660 X176.405 Y107.488 E16.10741 ; perimeter
G1 Z97.672 X180.219 Y106.850 E16.10466 ; perimeter
G1 Z97.685 X184.020 Y106.417 E15.93220 ; perimeter
G1 Z97.709 X191.430 Y106.143 E30.88097 ; perimeter
G1 Z97.731 X198.257 Y106.540 E28.48033 ; perimeter
G1 Z97.743 X202.056 Y107.040 E15.95793 ; perimeter
G1 Z97.756 X205.817 Y107.737 E15.92993 ; perimeter
G1 Z97.780 X212.983 Y109.642 E30.87901 ; perimeter
G1 Z97.802 X219.395 Y112.018 E28.47969 ; perimeter
G1 Z97.814 X222.882 Y113.607 E15.95878 ; perimeter
G1 Z97.826 X226.285 Y115.378 E15.97666 ; perimeter
G1 Z97.848 X231.832 Y118.777 E27.09335 ; perimeter
G1 Z97.860 X234.956 Y121.005 E15.98026 ; perimeter
G1 Z97.872 X237.982 Y123.413 E16.10540 ; perimeter
G1 Z97.885 X240.879 Y125.975 E16.10617 ; perimeter
G1 Z97.897 X243.615 Y128.665 E15.97936 ; perimeter
G1 Z97.918 X247.926 Y133.537 E27.09292 ; perimeter
G1 Z97.931 X250.261 Y136.581 E15.97739 ; perimeter
G1 Z97.943 X252.428 Y139.733 E15.92993 ; perimeter
G1 Z97.967 X256.149 Y146.147 E30.88350 ; perimeter
G1 Z97.989 X259.003 Y152.361 E28.47639 ; perimeter
G1 Z98.002 X260.345 Y155.951 E15.96155 ; perimeter
G1 Z98.014 X261.508 Y159.639 E16.10480 ; perimeter
G1 Z98.027 X262.476 Y163.383 E16.10515 ; perimeter
G1 Z98.039 X263.241 Y167.143 E15.97988 ; perimeter
G1 Z98.060 X264.090 Y173.592 E27.08954 ; perimeter
G1 Z98.072 X264.324 Y177.422 E15.98033 ; perimeter
G1 Z98.085 X264.358 Y181.289 E16.10531 ; perimeter
G1 Z98.097 X264.189 Y185.153 E16.10757 ; perimeter
G1 Z98.110 X263.822 Y188.972 E15.97805 ; perimeter
G1 Z98.131 X262.748 Y195.388 E27.09214 ; perimeter
G1 Z98.143 X261.852 Y199.119 E15.98001 ; perimeter
G1 Z98.156 X260.754 Y202.827 E16.10538 ; perimeter
G1 Z98.168 X259.463 Y206.472 E16.10409 ; perimeter
G1 Z98.181 X257.995 Y210.017 E15.97952 ; perimeter
G1 Z98.202 X255.092 Y215.839 E27.09357 ; perimeter
G1 Z98.214 X253.145 Y219.145 E15.97862 ; perimeter
G1 Z98.226 X251.027 Y222.344 E15.97813 ; perimeter
G1 Z98.248 X247.067 Y227.505 E27.09174 ; perimeter
G1 Z98.260 X244.525 Y230.379 E15.97928 ; perimeter
G1 Z98.272 X241.814 Y233.137 E16.10597 ; perimeter
G1 Z98.285 X238.963 Y235.750 E16.10591 ; perimeter
G1 Z98.297 X236.002 Y238.190 E15.97896 ; perimeter
G1 Z98.318 X230.706 Y241.968 E27.09290 ; perimeter
G1 Z98.331 X227.435 Y243.973 E15.97806 ; perimeter
G1 Z98.343 X224.063 Y245.803 E15.97799 ; perimeter
G1 Z98.364 X218.171 Y248.488 E26.96581 ; perimeter
G1 Z98.385 X212.068 Y250.650 E26.96454 ; perimeter
G1 Z98.397 X208.371 Y251.675 E15.97748 ; perimeter
G1 Z98.410 X204.595 Y252.512 E16.10743 ; perimeter
G1 Z98.422 X200.781 Y253.150 E16.10466 ; perimeter
G1 Z98.435 X196.938 Y253.588 E16.10834 ; perimeter
G1 Z98.447 X193.078 Y253.824 E16.10556 ; perimeter
G1 Z98.460 X189.211 Y253.858 E16.10531 ; perimeter
G1 Z98.472 X185.347 Y253.689 E16.10757 ; perimeter
G1 Z98.485 X181.528 Y253.322 E15.97805 ; perimeter
G1 Z98.506 X175.142 Y252.253 E26.96549 ; perimeter
G1 Z98.527 X168.874 Y250.632 E26.96279 ; perimeter
G1 Z98.539 X165.235 Y249.414 E15.98152 ; perimeter
G1 Z98.552 X161.637 Y247.997 E16.10460 ; perimeter
G1 Z98.564 X158.118 Y246.393 E16.10599 ; perimeter
G1 Z98.576 X154.715 Y244.622 E15.97667 ; perimeter
G1 Z98.598 X149.168 Y241.223 E27.09331 ; perimeter
G1 Z98.610 X146.044 Y238.995 E15.98021 ; perimeter
G1 Z98.622 X143.018 Y236.587 E16.10547 ; perimeter
G1 Z98.635 X140.121 Y234.025 E16.10617 ; perimeter
G1 Z98.647 X137.385 Y231.335 E15.97932 ; perimeter
G1 Z98.668 X133.074 Y226.463 E27.09301 ; perimeter
G1 Z98.681 X130.738 Y223.419 E15.97984 ; perimeter
G1 Z98.693 X128.572 Y220.267 E15.92761 ; perimeter
G1 Z98.717 X124.850 Y213.853 E30.88372 ; perimeter
G1 Z98.739 X122.010 Y207.666 E28.35164 ; perimeter
G1 Z98.760 X119.850 Y201.568 E26.94208 ; perimeter
G1 Z98.772 X118.825 Y197.871 E15.97750 ; perimeter
G1 Z98.785 X117.988 Y194.095 E16.10741 ; perimeter
G1 Z98.797 X117.350 Y190.281 E16.10466 ; perimeter
G1 Z98.810 X116.912 Y186.438 E16.10835 ; perimeter
G1 Z98.822 X116.676 Y182.578 E16.10555 ; perimeter
G1 Z98.835 X116.642 Y178.753 E15.93040 ; perimeter
G1 Z98.859 X117.145 Y171.355 E30.88059 ; perimeter
G1 Z98.881 X118.253 Y164.607 E28.47988 ; perimeter
G1 Z98.893 X119.148 Y160.881 E15.95882 ; perimeter
G1 Z98.906 X120.234 Y157.213 E15.93139 ; perimeter
G1 Z98.930 X122.877 Y150.285 E30.87932 ; perimeter
G1 Z98.952 X125.910 Y144.157 E28.47749 ; perimeter
G1 Z98.964 X127.857 Y140.856 E15.95979 ; perimeter
G1 Z98.976 X129.973 Y137.656 E15.97775 ; perimeter
G1 Z98.998 X133.933 Y132.495 E27.09181 ; perimeter
G1 Z99.000 X134.441 Y131.921 E3.19225 ; perimeter
;LAYER_CHANGE
;Z:100.5
;HEIGHT:1.5
G1 Z99.000 F960 ; simple layer change
G1 F2400
G1 Z99.010 X136.475 Y129.621 E12.78694 ; perimeter
G1 Z99.022 X139.165 Y126.885 E15.97939 ; perimeter
G1 Z99.043 X144.037 Y122.574 E27.09294 ; perimeter
G1 Z99.056 X147.081 Y120.238 E15.97989 ; perimeter
G1 Z99.068 X150.233 Y118.072 E15.92766 ; perimeter
G1 Z99.092 X156.660 Y114.344 E30.94310 ; perimeter
G1 Z99.114 X162.833 Y111.510 E28.28814 ; perimeter
G1 Z99.135 X168.932 Y109.350 E26.94595 ; perimeter
G1 Z99.147 X172.629 Y108.325 E15.97749 ; perimeter
G1 Z99.160 X176.405 Y107.488 E16.10741 ; perimeter
G1 Z99.172 X180.219 Y106.850 E16.10466 ; perimeter
G1 Z99.185 X184.020 Y106.417 E15.93220 ; perimeter
G1 Z99.209 X191.444 Y106.143 E30.93929 ; perimeter
G1 Z99.231 X198.256 Y106.540 E28.41788 ; perimeter
G1 Z99.243 X202.056 Y107.040 E15.96209 ; perimeter
G1 Z99.256 X205.817 Y107.737 E15.92992 ; perimeter
G1 Z99.280 X212.997 Y109.646 E30.93956 ; perimeter
G1 Z99.302 X219.356 Y112.003 E28.24512 ; perimeter
G1 Z99.325 X226.007 Y115.232 E30.79045 ; perimeter
G1 Z99.348 X231.836 Y118.780 E28.41929 ; perimeter
G1 Z99.360 X234.956 Y121.005 E15.95920 ; perimeter
G1 Z99.372 X237.982 Y123.413 E16.10552 ; perimeter
G1 Z99.385 X240.879 Y125.975 E16.10619 ; perimeter
G1 Z99.397 X243.615 Y128.665 E15.97927 ; perimeter
G1 Z99.418 X247.926 Y133.537 E27.09300 ; perimeter
G1 Z99.431 X250.261 Y136.581 E15.97735 ; perimeter
G1 Z99.443 X252.450 Y139.769 E16.10602 ; perimeter
G1 Z99.456 X254.415 Y143.099 E16.10088 ; perimeter
G1 Z99.468 X256.292 Y146.442 E15.96821 ; perimeter
G1 Z99.489 X259.001 Y152.357 E27.09433 ; perimeter
G1 Z99.502 X260.345 Y155.951 E15.98006 ; perimeter
G1 Z99.514 X261.508 Y159.639 E16.10480 ; perimeter
G1 Z99.527 X262.476 Y163.383 E16.10515 ; perimeter
G1 Z99.539 X263.241 Y167.143 E15.97988 ; perimeter
G1 Z99.560 X264.090 Y173.592 E27.08948 ; perimeter
G1 Z99.572 X264.324 Y177.422 E15.98039 ; perimeter
G1 Z99.585 X264.358 Y181.289 E16.10531 ; perimeter
G1 Z99.597 X264.189 Y185.153 E16.10757 ; perimeter
G1 Z99.610 X263.822 Y188.972 E15.97810 ; perimeter
G1 Z99.631 X262.748 Y195.388 E27.09210 ; perimeter
G1 Z99.643 X261.852 Y199.119 E15.98007 ; perimeter
G1 Z99.656 X260.754 Y202.827 E16.10532 ; perimeter
G1 Z99.668 X259.463 Y206.472 E16.10415 ; perimeter
G1 Z99.681 X257.995 Y210.017 E15.97946 ; perimeter
G1 Z99.702 X255.092 Y215.839 E27.09357 ; perimeter
G1 Z99.714 X253.145 Y219.145 E15.97862 ; perimeter
G1 Z99.726 X251.027 Y222.344 E15.97806 ; perimeter
G1 Z99.748 X247.067 Y227.505 E27.09186 ; perimeter
G1 Z99.760 X244.525 Y230.379 E15.97924 ; perimeter
G1 Z99.772 X241.814 Y233.137 E16.10597 ; perimeter
G1 Z99.785 X238.963 Y235.750 E16.10591 ; perimeter
G1 Z99.797 X236.002 Y238.190 E15.97896 ; perimeter
G1 Z99.818 X230.706 Y241.968 E27.09286 ; perimeter
G1 Z99.831 X227.435 Y243.973 E15.97809 ; perimeter
G1 Z99.843 X224.063 Y245.803 E15.97796 ; perimeter
G1 Z99.864 X218.171 Y248.488 E26.96584 ; perimeter
G1 Z99.885 X212.068 Y250.650 E26.96454 ; perimeter
G1 Z99.897 X208.371 Y251.675 E15.97752 ; perimeter
G1 Z99.910 X204.595 Y252.512 E16.10740 ; perimeter
G1 Z99.922 X200.781 Y253.150 E16.10466 ; perimeter
G1 Z99.935 X196.938 Y253.588 E16.10835 ; perimeter
G1 Z99.947 X193.078 Y253.824 E16.10555 ; perimeter
G1 Z99.960 X189.211 Y253.858 E16.10531 ; perimeter
G1 Z99.972 X185.347 Y253.689 E16.10757 ; perimeter
G1 Z99.985 X181.528 Y253.322 E15.97805 ; perimeter
G1 Z100.006 X175.142 Y252.253 E26.96547 ; perimeter
G1 Z100.027 X168.874 Y250.632 E26.96283 ; perimeter
G1 Z100.039 X165.235 Y249.414 E15.98152 ; perimeter
G1 Z100.052 X161.637 Y247.997 E16.10458 ; perimeter
G1 Z100.064 X158.118 Y246.393 E16.10602 ; perimeter
G1 Z100.076 X154.715 Y244.622 E15.97664 ; perimeter
G1 Z100.098 X149.168 Y241.223 E27.09341 ; perimeter
G1 Z100.110 X146.044 Y238.995 E15.98013 ; perimeter
G1 Z100.122 X143.018 Y236.587 E16.10547 ; perimeter
G1 Z100.135 X140.121 Y234.025 E16.10617 ; perimeter
G1 Z100.147 X137.385 Y231.335 E15.97928 ; perimeter
G1 Z100.168 X133.074 Y226.463 E27.09296 ; perimeter
G1 Z100.181 X130.738 Y223.419 E15.97994 ; perimeter
G1 Z100.193 X128.572 Y220.267 E15.92761 ; perimeter
G1 Z100.217 X124.844 Y213.840 E30.94313 ; perimeter
G1 Z100.239 X122.010 Y207.667 E28.28819 ; perimeter
G1 Z100.260 X119.850 Y201.568 E26.94605 ; perimeter
G1 Z100.272 X118.825 Y197.871 E15.97749 ; perimeter
G1 Z100.285 X117.988 Y194.095 E16.10741 ; perimeter
G1 Z100.297 X117.350 Y190.281 E16.10466 ; perimeter
G1 Z100.310 X116.912 Y186.438 E16.10835 ; perimeter
G1 Z100.322 X116.676 Y182.578 E16.10555 ; perimeter
G1 Z100.335 X116.642 Y178.741 E15.98037 ; perimeter
G1 Z100.356 X117.043 Y172.248 E27.09140 ; perimeter
G1 Z100.368 X117.547 Y168.445 E15.97705 ; perimeter
G1 Z100.381 X118.245 Y164.642 E16.10334 ; perimeter
G1 Z100.393 X119.148 Y160.881 E16.10826 ; perimeter
G1 Z100.406 X120.237 Y157.202 E15.97888 ; perimeter
G1 Z100.427 X122.518 Y151.110 E27.09210 ; perimeter
G1 Z100.439 X124.110 Y147.619 E15.97652 ; perimeter
G1 Z100.451 X125.873 Y144.225 E15.92977 ; perimeter
G1 Z100.475 X129.797 Y137.916 E30.94226 ; perimeter
G1 Z100.498 X133.936 Y132.491 E28.41800 ; perimeter
G1 Z100.500 X134.441 Y131.921 E3.17149 ; perimeter
;LAYER_CHANGE
;Z:102
;HEIGHT:1.5
G1 Z100.500 F960 ; simple layer change
G1 F2400
G1 Z100.510 X136.475 Y129.621 E12.78694 ; perimeter
G1 Z100.522 X139.165 Y126.885 E15.97939 ; perimeter
G1 Z100.543 X144.037 Y122.574 E27.09294 ; perimeter
G1 Z100.556 X147.081 Y120.238 E15.97989 ; perimeter
G1 Z100.568 X150.233 Y118.072 E15.92761 ; perimeter
G1 Z100.592 X156.673 Y114.338 E31.00051 ; perimeter
G1 Z100.614 X162.833 Y111.510 E28.23061 ; perimeter
G1 Z100.635 X168.932 Y109.350 E26.94610 ; perimeter
G1 Z100.647 X172.629 Y108.325 E15.97745 ; perimeter
G1 Z100.660 X176.405 Y107.488 E16.10741 ; perimeter
G1 Z100.672 X180.219 Y106.850 E16.10466 ; perimeter
G1 Z100.685 X184.020 Y106.417 E15.93220 ; perimeter
G1 Z100.709 X191.459 Y106.143 E31.00172 ; perimeter
G1 Z100.731 X198.256 Y106.540 E28.35559 ; perimeter
G1 Z100.743 X202.056 Y107.040 E15.96199 ; perimeter
G1 Z100.756 X205.817 Y107.737 E15.92987 ; perimeter
G1 Z100.780 X213.011 Y109.650 E31.00167 ; perimeter
G1 Z100.802 X219.394 Y112.021 E28.35603 ; perimeter
G1 Z100.814 X222.849 Y113.675 E15.95446 ; perimeter
G1 Z100.826 X226.278 Y115.390 E15.96596 ; perimeter
G1 Z100.848 X231.832 Y118.777 E27.09328 ; perimeter
G1 Z100.860 X234.956 Y121.005 E15.98003 ; perimeter
G1 Z100.872 X237.982 Y123.413 E16.10545 ; perimeter
G1 Z100.885 X240.879 Y125.975 E16.10619 ; perimeter
G1 Z100.897 X243.615 Y128.665 E15.97932 ; perimeter
G1 Z100.918 X247.926 Y133.537 E27.09296 ; perimeter
G1 Z100.931 X250.261 Y136.581 E15.97735 ; perimeter
G1 Z100.943 X252.428 Y139.733 E15.93004 ; perimeter
G1 Z100.967 X256.161 Y146.173 E31.00068 ; perimeter
G1 Z100.989 X259.003 Y152.361 E28.35843 ; perimeter
G1 Z101.002 X260.345 Y155.951 E15.96158 ; perimeter
G1 Z101.014 X261.508 Y159.639 E16.10474 ; perimeter
G1 Z101.027 X262.476 Y163.383 E16.10515 ; perimeter
G1 Z101.039 X263.241 Y167.143 E15.97988 ; perimeter
G1 Z101.060 X264.090 Y173.592 E27.08953 ; perimeter
G1 Z101.072 X264.324 Y177.422 E15.98034 ; perimeter
G1 Z101.085 X264.358 Y181.289 E16.10531 ; perimeter
G1 Z101.097 X264.189 Y185.153 E16.10757 ; perimeter
G1 Z101.110 X263.822 Y188.972 E15.97810 ; perimeter
G1 Z101.131 X262.748 Y195.388 E27.09210 ; perimeter
G1 Z101.143 X261.852 Y199.119 E15.98013 ; perimeter
G1 Z101.156 X260.754 Y202.827 E16.10526 ; perimeter
G1 Z101.168 X259.463 Y206.472 E16.10415 ; perimeter
G1 Z101.181 X257.995 Y210.017 E15.97946 ; perimeter
G1 Z101.202 X255.092 Y215.839 E27.09357 ; perimeter
G1 Z101.214 X253.145 Y219.145 E15.97862 ; perimeter
G1 Z101.226 X251.027 Y222.344 E15.97806 ; perimeter
G1 Z101.248 X247.067 Y227.505 E27.09190 ; perimeter
G1 Z101.260 X244.525 Y230.379 E15.97920 ; perimeter
G1 Z101.272 X241.814 Y233.137 E16.10597 ; perimeter
G1 Z101.285 X238.963 Y235.750 E16.10591 ; perimeter
G1 Z101.297 X236.002 Y238.190 E15.97896 ; perimeter
G1 Z101.318 X230.706 Y241.968 E27.09286 ; perimeter
G1 Z101.331 X227.435 Y243.973 E15.97809 ; perimeter
G1 Z101.343 X224.063 Y245.803 E15.97796 ; perimeter
G1 Z101.364 X218.171 Y248.488 E26.96584 ; perimeter
G1 Z101.385 X212.068 Y250.650 E26.96454 ; perimeter
G1 Z101.397 X208.371 Y251.675 E15.97748 ; perimeter
G1 Z101.410 X204.595 Y252.512 E16.10743 ; perimeter
G1 Z101.422 X200.781 Y253.150 E16.10466 ; perimeter
G1 Z101.435 X196.938 Y253.588 E16.10835 ; perimeter
G1 Z101.447 X193.078 Y253.824 E16.10555 ; perimeter
G1 Z101.460 X189.211 Y253.858 E16.10531 ; perimeter
G1 Z101.472 X185.347 Y253.689 E16.10757 ; perimeter
G1 Z101.485 X181.528 Y253.322 E15.97805 ; perimeter
G1 Z101.506 X175.142 Y252.253 E26.96547 ; perimeter
G1 Z101.527 X168.874 Y250.632 E26.96281 ; perimeter
G1 Z101.539 X165.235 Y249.414 E15.98154 ; perimeter
G1 Z101.552 X161.637 Y247.997 E16.10458 ; perimeter
G1 Z101.564 X158.118 Y246.393 E16.10602 ; perimeter
G1 Z101.576 X154.715 Y244.622 E15.97664 ; perimeter
G1 Z101.598 X149.168 Y241.223 E27.09341 ; perimeter
G1 Z101.610 X146.044 Y238.995 E15.98013 ; perimeter
G1 Z101.622 X143.018 Y236.587 E16.10547 ; perimeter
G1 Z101.635 X140.121 Y234.025 E16.10617 ; perimeter
G1 Z101.647 X137.385 Y231.335 E15.97936 ; perimeter
G1 Z101.668 X133.074 Y226.463 E27.09296 ; perimeter
G1 Z101.681 X130.738 Y223.419 E15.97984 ; perimeter
G1 Z101.693 X128.549 Y220.232 E16.10412 ; perimeter
G1 Z101.706 X126.543 Y216.925 E16.10358 ; perimeter
G1 Z101.718 X124.700 Y213.562 E15.97484 ; perimeter
G1 Z101.739 X122.012 Y207.671 E26.96587 ; perimeter
G1 Z101.760 X119.850 Y201.568 E26.96451 ; perimeter
G1 Z101.772 X118.825 Y197.871 E15.97750 ; perimeter
G1 Z101.785 X117.988 Y194.095 E16.10741 ; perimeter
G1 Z101.797 X117.350 Y190.281 E16.10466 ; perimeter
G1 Z101.810 X116.912 Y186.438 E16.10829 ; perimeter
G1 Z101.822 X116.676 Y182.578 E16.10561 ; perimeter
G1 Z101.835 X116.642 Y178.753 E15.93034 ; perimeter
G1 Z101.859 X117.148 Y171.326 E31.00195 ; perimeter
G1 Z101.881 X118.253 Y164.608 E28.35456 ; perimeter
G1 Z101.893 X119.148 Y160.881 E15.96289 ; perimeter
G1 Z101.906 X120.237 Y157.202 E15.97887 ; perimeter
G1 Z101.927 X122.516 Y151.109 E27.09213 ; perimeter
G1 Z101.939 X124.107 Y147.618 E15.97746 ; perimeter
G1 Z101.951 X125.873 Y144.225 E15.93008 ; perimeter
G1 Z101.976 X129.805 Y137.904 E31.00237 ; perimeter
G1 Z101.998 X133.936 Y132.491 E28.35802 ; perimeter
G1 Z102.000 X134.441 Y131.921 E3.17149 ; perimeter
;LAYER_CHANGE
;Z:103.5
;HEIGHT:1.5
G1 Z102.000 F960 ; simple layer change
G1 F2400
G1 Z102.010 X136.475 Y129.621 E12.78694 ; perimeter
G1 Z102.022 X139.165 Y126.885 E15.97939 ; perimeter
G1 Z102.043 X144.037 Y122.574 E27.09294 ; perimeter
G1 Z102.056 X147.081 Y120.238 E15.97989 ; perimeter
G1 Z102.068 X150.233 Y118.072 E15.92761 ; perimeter
G1 Z102.092 X156.685 Y114.331 E31.06213 ; perimeter
G1 Z102.114 X162.833 Y111.510 E28.16922 ; perimeter
G1 Z102.135 X168.932 Y109.350 E26.94606 ; perimeter
G1 Z102.147 X172.629 Y108.325 E15.97750 ; perimeter
G1 Z102.160 X176.405 Y107.488 E16.10742 ; perimeter
G1 Z102.172 X180.219 Y106.850 E16.10466 ; perimeter
G1 Z102.185 X184.020 Y106.417 E15.93220 ; perimeter
G1 Z102.209 X191.473 Y106.143 E31.05992 ; perimeter
G1 Z102.231 X198.256 Y106.540 E28.29740 ; perimeter
G1 Z102.243 X202.056 Y107.040 E15.96206 ; perimeter
G1 Z102.256 X205.816 Y107.737 E15.92585 ; perimeter
G1 Z102.280 X213.025 Y109.655 E31.06602 ; perimeter
G1 Z102.302 X219.355 Y112.003 E28.11875 ; perimeter
G1 Z102.326 X226.033 Y115.246 E30.91726 ; perimeter
G1 Z102.348 X231.836 Y118.780 E28.29649 ; perimeter
G1 Z102.360 X234.956 Y121.005 E15.95932 ; perimeter
G1 Z102.372 X237.982 Y123.413 E16.10549 ; perimeter
G1 Z102.385 X240.879 Y125.975 E16.10619 ; perimeter
G1 Z102.397 X243.615 Y128.665 E15.97930 ; perimeter
G1 Z102.418 X247.926 Y133.537 E27.09292 ; perimeter
G1 Z102.431 X250.261 Y136.581 E15.97739 ; perimeter
G1 Z102.443 X252.428 Y139.733 E15.92997 ; perimeter
G1 Z102.467 X256.169 Y146.185 E31.06218 ; perimeter
G1 Z102.489 X259.003 Y152.361 E28.29782 ; perimeter
G1 Z102.502 X260.345 Y155.951 E15.96150 ; perimeter
G1 Z102.514 X261.508 Y159.639 E16.10484 ; perimeter
G1 Z102.527 X262.476 Y163.383 E16.10515 ; perimeter
G1 Z102.539 X263.241 Y167.143 E15.97988 ; perimeter
G1 Z102.560 X264.090 Y173.592 E27.08954 ; perimeter
G1 Z102.572 X264.324 Y177.422 E15.98034 ; perimeter
G1 Z102.585 X264.358 Y181.289 E16.10531 ; perimeter
G1 Z102.597 X264.189 Y185.153 E16.10757 ; perimeter
G1 Z102.610 X263.822 Y188.972 E15.97799 ; perimeter
G1 Z102.631 X262.748 Y195.388 E27.09220 ; perimeter
G1 Z102.643 X261.852 Y199.119 E15.98007 ; perimeter
G1 Z102.656 X260.754 Y202.827 E16.10532 ; perimeter
G1 Z102.668 X259.463 Y206.472 E16.10409 ; perimeter
G1 Z102.681 X257.995 Y210.017 E15.97952 ; perimeter
G1 Z102.702 X255.092 Y215.839 E27.09363 ; perimeter
G1 Z102.714 X253.145 Y219.145 E15.97853 ; perimeter
G1 Z102.726 X251.027 Y222.344 E15.97813 ; perimeter
G1 Z102.748 X247.067 Y227.505 E27.09182 ; perimeter
G1 Z102.760 X244.525 Y230.379 E15.97924 ; perimeter
G1 Z102.772 X241.814 Y233.137 E16.10597 ; perimeter
G1 Z102.785 X238.963 Y235.750 E16.10591 ; perimeter
G1 Z102.797 X236.002 Y238.190 E15.97896 ; perimeter
G1 Z102.818 X230.706 Y241.968 E27.09286 ; perimeter
G1 Z102.831 X227.435 Y243.973 E15.97809 ; perimeter
G1 Z102.843 X224.063 Y245.803 E15.97799 ; perimeter
G1 Z102.864 X218.171 Y248.488 E26.96581 ; perimeter
G1 Z102.885 X212.068 Y250.650 E26.96454 ; perimeter
G1 Z102.897 X208.371 Y251.675 E15.97748 ; perimeter
G1 Z102.910 X204.595 Y252.512 E16.10743 ; perimeter
G1 Z102.922 X200.781 Y253.150 E16.10466 ; perimeter
G1 Z102.935 X196.938 Y253.588 E16.10835 ; perimeter
G1 Z102.947 X193.078 Y253.824 E16.10555 ; perimeter
G1 Z102.960 X189.211 Y253.858 E16.10531 ; perimeter
G1 Z102.972 X185.347 Y253.689 E16.10757 ; perimeter
G1 Z102.985 X181.528 Y253.322 E15.97805 ; perimeter
G1 Z103.006 X175.142 Y252.253 E26.96548 ; perimeter
G1 Z103.027 X168.874 Y250.632 E26.96281 ; perimeter
G1 Z103.039 X165.235 Y249.414 E15.98152 ; perimeter
G1 Z103.052 X161.637 Y247.997 E16.10460 ; perimeter
G1 Z103.064 X158.118 Y246.393 E16.10599 ; perimeter
G1 Z103.076 X154.715 Y244.622 E15.97664 ; perimeter
G1 Z103.098 X149.168 Y241.223 E27.09335 ; perimeter
G1 Z103.110 X146.044 Y238.995 E15.98021 ; perimeter
G1 Z103.122 X143.018 Y236.587 E16.10547 ; perimeter
G1 Z103.135 X140.121 Y234.025 E16.10617 ; perimeter
G1 Z103.147 X137.385 Y231.335 E15.97932 ; perimeter
G1 Z103.168 X133.074 Y226.463 E27.09301 ; perimeter
G1 Z103.181 X130.738 Y223.419 E15.97984 ; perimeter
G1 Z103.193 X128.548 Y220.232 E16.10435 ; perimeter
G1 Z103.206 X126.527 Y216.935 E16.10520 ; perimeter
G1 Z103.218 X124.697 Y213.563 E15.97796 ; perimeter
G1 Z103.239 X122.012 Y207.671 E26.96578 ; perimeter
G1 Z103.260 X119.850 Y201.568 E26.96461 ; perimeter
G1 Z103.272 X118.825 Y197.871 E15.97749 ; perimeter
G1 Z103.285 X117.988 Y194.095 E16.10741 ; perimeter
G1 Z103.297 X117.350 Y190.281 E16.10466 ; perimeter
G1 Z103.310 X116.912 Y186.438 E16.10835 ; perimeter
G1 Z103.322 X116.676 Y182.578 E16.10555 ; perimeter
G1 Z103.335 X116.642 Y178.741 E15.98030 ; perimeter
G1 Z103.356 X117.043 Y172.248 E27.09148 ; perimeter
G1 Z103.368 X117.547 Y168.445 E15.97696 ; perimeter
G1 Z103.381 X118.245 Y164.642 E16.10341 ; perimeter
G1 Z103.393 X119.148 Y160.881 E16.10831 ; perimeter
G1 Z103.406 X120.237 Y157.202 E15.97887 ; perimeter
G1 Z103.427 X122.516 Y151.109 E27.09213 ; perimeter
G1 Z103.439 X124.107 Y147.618 E15.97746 ; perimeter
G1 Z103.451 X125.873 Y144.225 E15.93008 ; perimeter
G1 Z103.476 X129.813 Y137.892 E31.06234 ; perimeter
G1 Z103.498 X133.936 Y132.492 E28.29482 ; perimeter
G1 Z103.500 X134.441 Y131.921 E3.17461 ; perimeter
;LAYER_CHANGE
;Z:105
;HEIGHT:1.5
G1 Z103.500 F960 ; simple layer change
G1 F2400
G1 Z103.510 X136.475 Y129.621 E12.78699 ; perimeter
G1 Z103.522 X139.165 Y126.885 E15.97932 ; perimeter
G1 Z103.543 X144.037 Y122.574 E27.09298 ; perimeter
G1 Z103.556 X147.081 Y120.238 E15.97987 ; perimeter
G1 Z103.568 X150.233 Y118.072 E15.92761 ; perimeter
G1 Z103.592 X156.698 Y114.324 E31.12183 ; perimeter
G1 Z103.614 X162.833 Y111.510 E28.10955 ; perimeter
G1 Z103.635 X168.932 Y109.350 E26.94610 ; perimeter
G1 Z103.647 X172.629 Y108.325 E15.97751 ; perimeter
G1 Z103.660 X176.405 Y107.488 E16.10741 ; perimeter
G1 Z103.672 X180.219 Y106.850 E16.10466 ; perimeter
G1 Z103.685 X184.019 Y106.417 E15.92814 ; perimeter
G1 Z103.709 X191.488 Y106.143 E31.12639 ; perimeter
G1 Z103.731 X198.256 Y106.540 E28.23502 ; perimeter
G1 Z103.743 X202.056 Y107.040 E15.96206 ; perimeter
G1 Z103.756 X205.816 Y107.737 E15.92585 ; perimeter
G1 Z103.780 X213.038 Y109.659 E31.12268 ; perimeter
G1 Z103.802 X219.355 Y112.003 E28.06225 ; perimeter
G1 Z103.826 X226.046 Y115.251 E30.97520 ; perimeter
G1 Z103.848 X231.835 Y118.780 E28.23567 ; perimeter
G1 Z103.860 X234.956 Y121.005 E15.96284 ; perimeter
G1 Z103.872 X237.982 Y123.413 E16.10545 ; perimeter
G1 Z103.885 X240.879 Y125.975 E16.10619 ; perimeter
G1 Z103.897 X243.615 Y128.665 E15.97927 ; perimeter
G1 Z103.918 X247.926 Y133.537 E27.09291 ; perimeter
G1 Z103.931 X250.261 Y136.581 E15.97744 ; perimeter
G1 Z103.943 X252.428 Y139.733 E15.92997 ; perimeter
G1 Z103.967 X256.176 Y146.198 E31.12184 ; perimeter
G1 Z103.989 X259.003 Y152.361 E28.23817 ; perimeter
G1 Z104.002 X260.345 Y155.951 E15.96161 ; perimeter
G1 Z104.014 X261.508 Y159.639 E16.10474 ; perimeter
G1 Z104.027 X262.476 Y163.383 E16.10515 ; perimeter
G1 Z104.039 X263.241 Y167.143 E15.97988 ; perimeter
G1 Z104.060 X264.090 Y173.592 E27.08954 ; perimeter
G1 Z104.072 X264.324 Y177.422 E15.98033 ; perimeter
G1 Z104.085 X264.358 Y181.289 E16.10531 ; perimeter
G1 Z104.097 X264.189 Y185.153 E16.10763 ; perimeter
G1 Z104.110 X263.822 Y188.972 E15.97799 ; perimeter
G1 Z104.131 X262.748 Y195.388 E27.09214 ; perimeter
G1 Z104.143 X261.852 Y199.119 E15.98007 ; perimeter
G1 Z104.156 X260.754 Y202.827 E16.10532 ; perimeter
G1 Z104.168 X259.463 Y206.472 E16.10409 ; perimeter
G1 Z104.181 X257.995 Y210.017 E15.97952 ; perimeter
G1 Z104.202 X255.092 Y215.839 E27.09357 ; perimeter
G1 Z104.214 X253.145 Y219.145 E15.97860 ; perimeter
G1 Z104.226 X251.027 Y222.344 E15.97811 ; perimeter
G1 Z104.248 X247.067 Y227.505 E27.09178 ; perimeter
G1 Z104.260 X244.525 Y230.379 E15.97928 ; perimeter
G1 Z104.272 X241.814 Y233.137 E16.10597 ; perimeter
G1 Z104.285 X238.963 Y235.750 E16.10591 ; perimeter
G1 Z104.297 X236.002 Y238.190 E15.97896 ; perimeter
G1 Z104.318 X230.706 Y241.968 E27.09290 ; perimeter
G1 Z104.331 X227.435 Y243.973 E15.97803 ; perimeter
G1 Z104.343 X224.063 Y245.803 E15.97802 ; perimeter
G1 Z104.364 X218.171 Y248.488 E26.96581 ; perimeter
G1 Z104.385 X212.068 Y250.650 E26.96454 ; perimeter
G1 Z104.397 X208.371 Y251.675 E15.97750 ; perimeter
G1 Z104.410 X204.595 Y252.512 E16.10741 ; perimeter
G1 Z104.422 X200.781 Y253.150 E16.10466 ; perimeter
G1 Z104.435 X196.938 Y253.588 E16.10835 ; perimeter
G1 Z104.447 X193.078 Y253.824 E16.10555 ; perimeter
G1 Z104.460 X189.211 Y253.858 E16.10531 ; perimeter
G1 Z104.472 X185.347 Y253.689 E16.10757 ; perimeter
G1 Z104.485 X181.528 Y253.322 E15.97806 ; perimeter
G1 Z104.506 X175.142 Y252.253 E26.96547 ; perimeter
G1 Z104.527 X168.874 Y250.632 E26.96281 ; perimeter
G1 Z104.539 X165.235 Y249.414 E15.98152 ; perimeter
G1 Z104.552 X161.637 Y247.997 E16.10460 ; perimeter
G1 Z104.564 X158.118 Y246.393 E16.10599 ; perimeter
G1 Z104.576 X154.715 Y244.622 E15.97664 ; perimeter
G1 Z104.598 X149.168 Y241.223 E27.09341 ; perimeter
G1 Z104.610 X146.044 Y238.995 E15.98013 ; perimeter
G1 Z104.622 X143.018 Y236.587 E16.10547 ; perimeter
G1 Z104.635 X140.121 Y234.025 E16.10617 ; perimeter
G1 Z104.647 X137.385 Y231.335 E15.97932 ; perimeter
G1 Z104.668 X133.074 Y226.463 E27.09301 ; perimeter
G1 Z104.681 X130.738 Y223.419 E15.97984 ; perimeter
G1 Z104.693 X128.572 Y220.267 E15.92761 ; perimeter
G1 Z104.717 X124.824 Y213.802 E31.12180 ; perimeter
G1 Z104.739 X122.010 Y207.667 E28.10944 ; perimeter
G1 Z104.760 X119.850 Y201.568 E26.94605 ; perimeter
G1 Z104.772 X118.825 Y197.871 E15.97751 ; perimeter
G1 Z104.785 X117.988 Y194.095 E16.10742 ; perimeter
G1 Z104.797 X117.350 Y190.281 E16.10466 ; perimeter
G1 Z104.810 X116.912 Y186.438 E16.10835 ; perimeter
G1 Z104.822 X116.676 Y182.578 E16.10555 ; perimeter
G1 Z104.835 X116.642 Y178.753 E15.93040 ; perimeter
G1 Z104.859 X117.151 Y171.297 E31.12326 ; perimeter
G1 Z104.881 X118.253 Y164.608 E28.23331 ; perimeter
G1 Z104.893 X119.148 Y160.881 E15.96288 ; perimeter
G1 Z104.906 X120.237 Y157.202 E15.97887 ; perimeter
G1 Z104.927 X122.516 Y151.109 E27.09213 ; perimeter
G1 Z104.939 X124.107 Y147.618 E15.97745 ; perimeter
G1 Z104.951 X125.873 Y144.225 E15.93009 ; perimeter
G1 Z104.976 X129.821 Y137.880 E31.12243 ; perimeter
G1 Z104.998 X133.936 Y132.492 E28.23483 ; perimeter
G1 Z105.000 X134.441 Y131.921 E3.17461 ; perimeter
;LAYER_CHANGE
;Z:106.5
;HEIGHT:1.5
G1 Z105.000 F960 ; simple layer change
G1 F2400
G1 Z105.010 X136.475 Y129.621 E12.78699 ; perimeter
G1 Z105.022 X139.165 Y126.885 E15.97932 ; perimeter
G1 Z105.043 X144.037 Y122.574 E27.09298 ; perimeter
G1 Z105.056 X147.081 Y120.238 E15.97984 ; perimeter
G1 Z105.068 X150.233 Y118.072 E15.92770 ; perimeter
G1 Z105.092 X156.711 Y114.318 E31.18289 ; perimeter
G1 Z105.114 X162.833 Y111.510 E28.04824 ; perimeter
G1 Z105.135 X168.932 Y109.350 E26.94606 ; perimeter
G1 Z105.147 X172.629 Y108.325 E15.97750 ; perimeter
G1 Z105.160 X176.405 Y107.488 E16.10741 ; perimeter
G1 Z105.172 X180.219 Y106.850 E16.10466 ; perimeter
G1 Z105.185 X184.019 Y106.417 E15.92800 ; perimeter
G1 Z105.209 X191.502 Y106.143 E31.18484 ; perimeter
G1 Z105.231 X198.256 Y106.540 E28.17683 ; perimeter
G1 Z105.243 X202.056 Y107.040 E15.96206 ; perimeter
G1 Z105.256 X205.816 Y107.737 E15.92585 ; perimeter
G1 Z105.280 X213.052 Y109.663 E31.18455 ; perimeter
G1 Z105.302 X219.354 Y112.002 E27.99505 ; perimeter
G1 Z105.326 X226.059 Y115.259 E31.04178 ; perimeter
G1 Z105.348 X231.835 Y118.780 E28.17432 ; perimeter
G1 Z105.360 X234.956 Y121.005 E15.96272 ; perimeter
G1 Z105.372 X237.982 Y123.413 E16.10545 ; perimeter
G1 Z105.385 X240.879 Y125.975 E16.10617 ; perimeter
G1 Z105.397 X243.615 Y128.665 E15.97936 ; perimeter
G1 Z105.418 X247.926 Y133.537 E27.09296 ; perimeter
G1 Z105.431 X250.261 Y136.581 E15.97730 ; perimeter
G1 Z105.443 X252.428 Y139.733 E15.93001 ; perimeter
G1 Z105.467 X256.182 Y146.211 E31.18298 ; perimeter
G1 Z105.489 X259.003 Y152.360 E28.17302 ; perimeter
G1 Z105.502 X260.345 Y155.951 E15.96533 ; perimeter
G1 Z105.514 X261.508 Y159.639 E16.10486 ; perimeter
G1 Z105.527 X262.476 Y163.383 E16.10515 ; perimeter
G1 Z105.539 X263.241 Y167.143 E15.97988 ; perimeter
G1 Z105.560 X264.090 Y173.592 E27.08962 ; perimeter
G1 Z105.572 X264.324 Y177.422 E15.98026 ; perimeter
G1 Z105.585 X264.358 Y181.289 E16.10531 ; perimeter
G1 Z105.597 X264.189 Y185.153 E16.10763 ; perimeter
G1 Z105.610 X263.822 Y188.972 E15.97795 ; perimeter
G1 Z105.631 X262.748 Y195.388 E27.09218 ; perimeter
G1 Z105.643 X261.852 Y199.119 E15.98013 ; perimeter
G1 Z105.656 X260.754 Y202.827 E16.10526 ; perimeter
G1 Z105.668 X259.463 Y206.472 E16.10415 ; perimeter
G1 Z105.681 X257.995 Y210.017 E15.97946 ; perimeter
G1 Z105.702 X255.092 Y215.839 E27.09363 ; perimeter
G1 Z105.714 X253.145 Y219.145 E15.97853 ; perimeter
G1 Z105.726 X251.027 Y222.344 E15.97809 ; perimeter
G1 Z105.748 X247.067 Y227.505 E27.09186 ; perimeter
G1 Z105.760 X244.525 Y230.379 E15.97924 ; perimeter
G1 Z105.772 X241.814 Y233.137 E16.10597 ; perimeter
G1 Z105.785 X238.963 Y235.750 E16.10591 ; perimeter
G1 Z105.797 X236.002 Y238.190 E15.97896 ; perimeter
G1 Z105.818 X230.706 Y241.968 E27.09290 ; perimeter
G1 Z105.831 X227.435 Y243.973 E15.97806 ; perimeter
G1 Z105.843 X224.063 Y245.803 E15.97796 ; perimeter
G1 Z105.864 X218.171 Y248.488 E26.96584 ; perimeter
G1 Z105.885 X212.068 Y250.650 E26.96454 ; perimeter
G1 Z105.897 X208.371 Y251.675 E15.97750 ; perimeter
G1 Z105.910 X204.595 Y252.512 E16.10741 ; perimeter
G1 Z105.922 X200.781 Y253.150 E16.10466 ; perimeter
G1 Z105.935 X196.938 Y253.588 E16.10834 ; perimeter
G1 Z105.947 X193.078 Y253.824 E16.10556 ; perimeter
G1 Z105.960 X189.211 Y253.858 E16.10531 ; perimeter
G1 Z105.972 X185.347 Y253.689 E16.10757 ; perimeter
G1 Z105.985 X181.528 Y253.322 E15.97805 ; perimeter
G1 Z106.006 X175.142 Y252.253 E26.96548 ; perimeter
G1 Z106.027 X168.874 Y250.632 E26.96283 ; perimeter
G1 Z106.039 X165.235 Y249.414 E15.98150 ; perimeter
G1 Z106.052 X161.637 Y247.997 E16.10458 ; perimeter
G1 Z106.064 X158.118 Y246.393 E16.10602 ; perimeter
G1 Z106.076 X154.715 Y244.622 E15.97667 ; perimeter
G1 Z106.098 X149.168 Y241.223 E27.09335 ; perimeter
G1 Z106.110 X146.044 Y238.995 E15.98017 ; perimeter
G1 Z106.122 X143.018 Y236.587 E16.10547 ; perimeter
G1 Z106.135 X140.121 Y234.025 E16.10617 ; perimeter
G1 Z106.147 X137.385 Y231.335 E15.97932 ; perimeter
G1 Z106.168 X133.074 Y226.463 E27.09296 ; perimeter
G1 Z106.181 X130.738 Y223.419 E15.97989 ; perimeter
G1 Z106.193 X128.572 Y220.267 E15.92761 ; perimeter
G1 Z106.217 X124.817 Y213.789 E31.18324 ; perimeter
G1 Z106.239 X122.010 Y207.667 E28.04821 ; perimeter
G1 Z106.260 X119.850 Y201.568 E26.94607 ; perimeter
G1 Z106.272 X118.825 Y197.871 E15.97750 ; perimeter
G1 Z106.285 X117.988 Y194.095 E16.10740 ; perimeter
G1 Z106.297 X117.350 Y190.281 E16.10467 ; perimeter
G1 Z106.310 X116.912 Y186.438 E16.10835 ; perimeter
G1 Z106.322 X116.676 Y182.578 E16.10555 ; perimeter
G1 Z106.335 X116.642 Y178.741 E15.98030 ; perimeter
G1 Z106.356 X117.043 Y172.248 E27.09144 ; perimeter
G1 Z106.368 X117.547 Y168.445 E15.97706 ; perimeter
G1 Z106.381 X118.245 Y164.642 E16.10334 ; perimeter
G1 Z106.393 X119.148 Y160.881 E16.10831 ; perimeter
G1 Z106.406 X120.237 Y157.202 E15.97887 ; perimeter
G1 Z106.427 X122.516 Y151.109 E27.09213 ; perimeter
G1 Z106.439 X124.107 Y147.618 E15.97746 ; perimeter
G1 Z106.451 X125.873 Y144.225 E15.93008 ; perimeter
G1 Z106.476 X129.830 Y137.869 E31.18109 ; perimeter
G1 Z106.498 X133.936 Y132.492 E28.17572 ; perimeter
G1 Z106.500 X134.441 Y131.921 E3.17461 ; perimeter
;LAYER_CHANGE
;Z:108
;HEIGHT:1.5
G1 Z106.500 F960 ; simple layer change
G1 F2400
G1 Z106.510 X136.475 Y129.621 E12.78694 ; perimeter
G1 Z106.522 X139.165 Y126.885 E15.97939 ; perimeter
G1 Z106.543 X144.037 Y122.574 E27.09294 ; perimeter
G1 Z106.556 X147.081 Y120.238 E15.97989 ; perimeter
G1 Z106.568 X150.232 Y118.072 E15.92416 ; perimeter
G1 Z106.592 X156.724 Y114.311 E31.24783 ; perimeter
G1 Z106.614 X162.833 Y111.510 E27.98690 ; perimeter
G1 Z106.635 X168.932 Y109.350 E26.94601 ; perimeter
G1 Z106.647 X172.629 Y108.325 E15.97755 ; perimeter
G1 Z106.660 X176.405 Y107.488 E16.10741 ; perimeter
G1 Z106.672 X180.219 Y106.850 E16.10460 ; perimeter
G1 Z106.685 X184.019 Y106.417 E15.92819 ; perimeter
G1 Z106.709 X191.517 Y106.143 E31.24721 ; perimeter
G1 Z106.731 X198.256 Y106.540 E28.11439 ; perimeter
G1 Z106.743 X202.056 Y107.040 E15.96206 ; perimeter
G1 Z106.756 X205.816 Y107.737 E15.92583 ; perimeter
G1 Z106.780 X213.066 Y109.668 E31.24486 ; perimeter
G1 Z106.802 X219.393 Y112.020 E28.11119 ; perimeter
G1 Z106.814 X222.848 Y113.676 E15.95986 ; perimeter
G1 Z106.826 X226.279 Y115.388 E15.96670 ; perimeter
G1 Z106.848 X231.832 Y118.778 E27.09327 ; perimeter
G1 Z106.860 X234.956 Y121.005 E15.97997 ; perimeter
G1 Z106.872 X237.982 Y123.413 E16.10545 ; perimeter
G1 Z106.885 X240.879 Y125.975 E16.10617 ; perimeter
G1 Z106.897 X243.615 Y128.665 E15.97936 ; perimeter
G1 Z106.918 X247.926 Y133.537 E27.09292 ; perimeter
G1 Z106.931 X250.261 Y136.581 E15.97735 ; perimeter
G1 Z106.943 X252.428 Y139.732 E15.92657 ; perimeter
G1 Z106.967 X256.189 Y146.224 E31.24786 ; perimeter
G1 Z106.989 X259.003 Y152.360 E28.11003 ; perimeter
G1 Z107.002 X260.345 Y155.951 E15.96706 ; perimeter
G1 Z107.014 X261.508 Y159.639 E16.10480 ; perimeter
G1 Z107.027 X262.476 Y163.383 E16.10515 ; perimeter
G1 Z107.039 X263.241 Y167.143 E15.97988 ; perimeter
G1 Z107.060 X264.090 Y173.592 E27.08961 ; perimeter
G1 Z107.072 X264.324 Y177.422 E15.98027 ; perimeter
G1 Z107.085 X264.358 Y181.289 E16.10531 ; perimeter
G1 Z107.097 X264.189 Y185.153 E16.10757 ; perimeter
G1 Z107.110 X263.822 Y188.972 E15.97800 ; perimeter
G1 Z107.131 X262.748 Y195.388 E27.09218 ; perimeter
G1 Z107.143 X261.852 Y199.119 E15.98001 ; perimeter
G1 Z107.156 X260.754 Y202.827 E16.10538 ; perimeter
G1 Z107.168 X259.463 Y206.472 E16.10415 ; perimeter
G1 Z107.181 X257.995 Y210.017 E15.97946 ; perimeter
G1 Z107.202 X255.092 Y215.839 E27.09354 ; perimeter
G1 Z107.214 X253.145 Y219.145 E15.97867 ; perimeter
G1 Z107.226 X251.027 Y222.344 E15.97807 ; perimeter
G1 Z107.248 X247.067 Y227.505 E27.09182 ; perimeter
G1 Z107.260 X244.525 Y230.379 E15.97924 ; perimeter
G1 Z107.272 X241.814 Y233.137 E16.10597 ; perimeter
G1 Z107.285 X238.963 Y235.750 E16.10591 ; perimeter
G1 Z107.297 X236.002 Y238.190 E15.97896 ; perimeter
G1 Z107.318 X230.706 Y241.968 E27.09290 ; perimeter
G1 Z107.331 X227.435 Y243.973 E15.97806 ; perimeter
G1 Z107.343 X224.063 Y245.803 E15.97796 ; perimeter
G1 Z107.364 X218.171 Y248.488 E26.96584 ; perimeter
G1 Z107.385 X212.068 Y250.650 E26.96454 ; perimeter
G1 Z107.397 X208.371 Y251.675 E15.97748 ; perimeter
G1 Z107.410 X204.595 Y252.512 E16.10743 ; perimeter
G1 Z107.422 X200.781 Y253.150 E16.10466 ; perimeter
G1 Z107.435 X196.938 Y253.588 E16.10835 ; perimeter
G1 Z107.447 X193.078 Y253.824 E16.10555 ; perimeter
G1 Z107.460 X189.211 Y253.858 E16.10531 ; perimeter
G1 Z107.472 X185.347 Y253.689 E16.10757 ; perimeter
G1 Z107.485 X181.528 Y253.322 E15.97805 ; perimeter
G1 Z107.506 X175.142 Y252.253 E26.96547 ; perimeter
G1 Z107.527 X168.874 Y250.632 E26.96281 ; perimeter
G1 Z107.539 X165.235 Y249.414 E15.98154 ; perimeter
G1 Z107.552 X161.637 Y247.997 E16.10458 ; perimeter
G1 Z107.564 X158.118 Y246.393 E16.10602 ; perimeter
G1 Z107.576 X154.715 Y244.622 E15.97664 ; perimeter
G1 Z107.598 X149.168 Y241.223 E27.09338 ; perimeter
G1 Z107.610 X146.044 Y238.995 E15.98017 ; perimeter
G1 Z107.622 X143.018 Y236.587 E16.10547 ; perimeter
G1 Z107.635 X140.121 Y234.025 E16.10617 ; perimeter
G1 Z107.647 X137.385 Y231.335 E15.97932 ; perimeter
G1 Z107.668 X133.074 Y226.463 E27.09296 ; perimeter
G1 Z107.681 X130.738 Y223.419 E15.97989 ; perimeter
G1 Z107.693 X128.549 Y220.232 E16.10417 ; perimeter
G1 Z107.706 X126.544 Y216.925 E16.10346 ; perimeter
G1 Z107.718 X124.700 Y213.562 E15.97510 ; perimeter
G1 Z107.739 X122.012 Y207.671 E26.96576 ; perimeter
G1 Z107.760 X119.850 Y201.568 E26.96457 ; perimeter
G1 Z107.772 X118.825 Y197.871 E15.97750 ; perimeter
G1 Z107.785 X117.988 Y194.095 E16.10741 ; perimeter
G1 Z107.797 X117.350 Y190.281 E16.10466 ; perimeter
G1 Z107.810 X116.912 Y186.438 E16.10835 ; perimeter
G1 Z107.822 X116.676 Y182.578 E16.10555 ; perimeter
G1 Z107.835 X116.642 Y178.754 E15.92623 ; perimeter
G1 Z107.859 X117.154 Y171.269 E31.24456 ; perimeter
G1 Z107.881 X118.253 Y164.608 E28.11625 ; perimeter
G1 Z107.893 X119.148 Y160.881 E15.96288 ; perimeter
G1 Z107.906 X120.237 Y157.202 E15.97887 ; perimeter
G1 Z107.927 X122.516 Y151.109 E27.09213 ; perimeter
G1 Z107.939 X124.107 Y147.618 E15.97746 ; perimeter
G1 Z107.951 X125.873 Y144.226 E15.92636 ; perimeter
G1 Z107.976 X129.838 Y137.857 E31.24467 ; perimeter
G1 Z107.998 X133.936 Y132.492 E28.11579 ; perimeter
G1 Z108.000 X134.441 Y131.921 E3.17461 ; perimeter
;LAYER_CHANGE
;Z:109.5
;HEIGHT:1.5
G1 Z108.000 F960 ; simple layer change
G1 F2400
G1 Z108.010 X136.475 Y129.621 E12.78694 ; perimeter
G1 Z108.022 X139.165 Y126.885 E15.97939 ; perimeter
G1 Z108.043 X144.037 Y122.574 E27.09294 ; perimeter
G1 Z108.056 X147.081 Y120.238 E15.97989 ; perimeter
G1 Z108.068 X150.232 Y118.072 E15.92418 ; perimeter
G1 Z108.092 X156.736 Y114.304 E31.30392 ; perimeter
G1 Z108.114 X162.832 Y111.510 E27.92727 ; perimeter
G1 Z108.135 X168.932 Y109.350 E26.94987 ; perimeter
G1 Z108.147 X172.629 Y108.325 E15.97750 ; perimeter
G1 Z108.160 X176.405 Y107.488 E16.10741 ; perimeter
G1 Z108.172 X180.219 Y106.850 E16.10466 ; perimeter
G1 Z108.185 X184.019 Y106.417 E15.92806 ; perimeter
G1 Z108.209 X191.531 Y106.143 E31.30571 ; perimeter
G1 Z108.231 X198.255 Y106.540 E28.05180 ; perimeter
G1 Z108.243 X202.056 Y107.040 E15.96622 ; perimeter
G1 Z108.256 X205.816 Y107.737 E15.92584 ; perimeter
G1 Z108.280 X213.080 Y109.672 E31.30548 ; perimeter
G1 Z108.302 X219.354 Y112.002 E27.87412 ; perimeter
G1 Z108.326 X226.084 Y115.273 E31.16116 ; perimeter
G1 Z108.348 X231.835 Y118.779 E28.05266 ; perimeter
G1 Z108.360 X234.956 Y121.005 E15.96512 ; perimeter
G1 Z108.372 X237.982 Y123.413 E16.10547 ; perimeter
G1 Z108.385 X240.879 Y125.975 E16.10617 ; perimeter
G1 Z108.397 X243.615 Y128.665 E15.97923 ; perimeter
G1 Z108.418 X247.926 Y133.537 E27.09305 ; perimeter
G1 Z108.431 X250.261 Y136.581 E15.97739 ; perimeter
G1 Z108.443 X252.428 Y139.732 E15.92650 ; perimeter
G1 Z108.467 X256.196 Y146.236 E31.30405 ; perimeter
G1 Z108.489 X259.002 Y152.360 E28.05404 ; perimeter
G1 Z108.502 X260.345 Y155.951 E15.96691 ; perimeter
G1 Z108.514 X261.508 Y159.639 E16.10480 ; perimeter
G1 Z108.527 X262.476 Y163.383 E16.10515 ; perimeter
G1 Z108.539 X263.241 Y167.143 E15.97988 ; perimeter
G1 Z108.560 X264.090 Y173.592 E27.08954 ; perimeter
G1 Z108.572 X264.324 Y177.422 E15.98033 ; perimeter
G1 Z108.585 X264.358 Y181.289 E16.10531 ; perimeter
G1 Z108.597 X264.189 Y185.153 E16.10751 ; perimeter
G1 Z108.610 X263.822 Y188.972 E15.97811 ; perimeter
G1 Z108.631 X262.748 Y195.388 E27.09214 ; perimeter
G1 Z108.643 X261.852 Y199.119 E15.98007 ; perimeter
G1 Z108.656 X260.754 Y202.827 E16.10532 ; perimeter
G1 Z108.668 X259.463 Y206.472 E16.10415 ; perimeter
G1 Z108.681 X257.995 Y210.017 E15.97946 ; perimeter
G1 Z108.702 X255.092 Y215.839 E27.09363 ; perimeter
G1 Z108.714 X253.145 Y219.145 E15.97857 ; perimeter
G1 Z108.726 X251.027 Y222.344 E15.97813 ; perimeter
G1 Z108.748 X247.067 Y227.505 E27.09178 ; perimeter
G1 Z108.760 X244.525 Y230.379 E15.97924 ; perimeter
G1 Z108.772 X241.814 Y233.137 E16.10597 ; perimeter
G1 Z108.785 X238.963 Y235.750 E16.10591 ; perimeter
G1 Z108.797 X236.002 Y238.190 E15.97896 ; perimeter
G1 Z108.818 X230.706 Y241.968 E27.09286 ; perimeter
G1 Z108.831 X227.435 Y243.973 E15.97809 ; perimeter
G1 Z108.843 X224.063 Y245.803 E15.97793 ; perimeter
G1 Z108.864 X218.171 Y248.488 E26.96587 ; perimeter
G1 Z108.885 X212.068 Y250.650 E26.96454 ; perimeter
G1 Z108.897 X208.371 Y251.675 E15.97748 ; perimeter
G1 Z108.910 X204.595 Y252.512 E16.10743 ; perimeter
G1 Z108.922 X200.781 Y253.150 E16.10466 ; perimeter
G1 Z108.935 X196.938 Y253.588 E16.10835 ; perimeter
G1 Z108.947 X193.078 Y253.824 E16.10555 ; perimeter
G1 Z108.960 X189.211 Y253.858 E16.10531 ; perimeter
G1 Z108.972 X185.347 Y253.689 E16.10757 ; perimeter
G1 Z108.985 X181.528 Y253.322 E15.97805 ; perimeter
G1 Z109.006 X175.142 Y252.253 E26.96548 ; perimeter
G1 Z109.027 X168.874 Y250.632 E26.96281 ; perimeter
G1 Z109.039 X165.235 Y249.414 E15.98152 ; perimeter
G1 Z109.052 X161.637 Y247.997 E16.10460 ; perimeter
G1 Z109.064 X158.118 Y246.393 E16.10599 ; perimeter
G1 Z109.076 X154.715 Y244.622 E15.97664 ; perimeter
G1 Z109.098 X149.168 Y241.223 E27.09335 ; perimeter
G1 Z109.110 X146.044 Y238.995 E15.98021 ; perimeter
G1 Z109.122 X143.018 Y236.587 E16.10547 ; perimeter
G1 Z109.135 X140.121 Y234.025 E16.10617 ; perimeter
G1 Z109.147 X137.385 Y231.335 E15.97932 ; perimeter
G1 Z109.168 X133.074 Y226.463 E27.09296 ; perimeter
G1 Z109.181 X130.738 Y223.419 E15.97989 ; perimeter
G1 Z109.193 X128.548 Y220.232 E16.10435 ; perimeter
G1 Z109.206 X126.527 Y216.935 E16.10520 ; perimeter
G1 Z109.218 X124.697 Y213.563 E15.97796 ; perimeter
G1 Z109.239 X122.012 Y207.671 E26.96583 ; perimeter
G1 Z109.260 X119.850 Y201.568 E26.96455 ; perimeter
G1 Z109.272 X118.825 Y197.871 E15.97750 ; perimeter
G1 Z109.285 X117.988 Y194.095 E16.10742 ; perimeter
G1 Z109.297 X117.350 Y190.281 E16.10466 ; perimeter
G1 Z109.310 X116.912 Y186.438 E16.10835 ; perimeter
G1 Z109.322 X116.676 Y182.578 E16.10555 ; perimeter
G1 Z109.335 X116.642 Y178.741 E15.98030 ; perimeter
G1 Z109.356 X117.044 Y172.248 E27.09146 ; perimeter
G1 Z109.368 X117.547 Y168.445 E15.97703 ; perimeter
G1 Z109.381 X118.245 Y164.642 E16.10334 ; perimeter
G1 Z109.393 X119.148 Y160.881 E16.10831 ; perimeter
G1 Z109.406 X120.237 Y157.202 E15.97887 ; perimeter
G1 Z109.427 X122.516 Y151.109 E27.09213 ; perimeter
G1 Z109.439 X124.107 Y147.618 E15.97746 ; perimeter
G1 Z109.451 X125.873 Y144.226 E15.92639 ; perimeter
G1 Z109.476 X129.846 Y137.845 E31.30468 ; perimeter
G1 Z109.498 X133.936 Y132.492 E28.05585 ; perimeter
G1 Z109.500 X134.441 Y131.921 E3.17461 ; perimeter
;LAYER_CHANGE
;Z:111
;HEIGHT:1.5
G1 Z109.500 F960 ; simple layer change
G1 F2400
G1 Z109.510 X136.475 Y129.621 E12.78699 ; perimeter
G1 Z109.522 X139.165 Y126.885 E15.97934 ; perimeter
G1 Z109.543 X144.037 Y122.574 E27.09294 ; perimeter
G1 Z109.556 X147.081 Y120.238 E15.97989 ; perimeter
G1 Z109.568 X150.269 Y118.050 E16.10351 ; perimeter
G1 Z109.592 X156.709 Y114.319 E30.99475 ; perimeter
G1 Z109.614 X162.832 Y111.510 E28.05632 ; perimeter
G1 Z109.635 X168.932 Y109.350 E26.94999 ; perimeter
G1 Z109.647 X172.629 Y108.325 E15.97750 ; perimeter
G1 Z109.660 X176.405 Y107.488 E16.10741 ; perimeter
G1 Z109.672 X180.219 Y106.850 E16.10467 ; perimeter
G1 Z109.685 X184.062 Y106.415 E16.10738 ; perimeter
G1 Z109.709 X191.499 Y106.144 E30.99322 ; perimeter
G1 Z109.731 X198.255 Y106.540 E28.18417 ; perimeter
G1 Z109.743 X202.056 Y107.040 E15.96619 ; perimeter
G1 Z109.756 X205.857 Y107.747 E16.10303 ; perimeter
G1 Z109.780 X213.049 Y109.662 E30.99474 ; perimeter
G1 Z109.802 X219.393 Y112.020 E28.18400 ; perimeter
G1 Z109.826 X226.056 Y115.257 E30.85219 ; perimeter
G1 Z109.848 X231.835 Y118.779 E28.18468 ; perimeter
G1 Z109.860 X234.956 Y121.005 E15.96510 ; perimeter
G1 Z109.872 X237.982 Y123.413 E16.10545 ; perimeter
G1 Z109.885 X240.879 Y125.975 E16.10621 ; perimeter
G1 Z109.897 X243.615 Y128.665 E15.97930 ; perimeter
G1 Z109.918 X247.926 Y133.537 E27.09287 ; perimeter
G1 Z109.931 X250.261 Y136.581 E15.97744 ; perimeter
G1 Z109.943 X252.450 Y139.769 E16.10609 ; perimeter
G1 Z109.967 X256.182 Y146.208 E30.99476 ; perimeter
G1 Z109.989 X259.002 Y152.360 E28.18361 ; perimeter
G1 Z110.002 X260.345 Y155.951 E15.96685 ; perimeter
G1 Z110.014 X261.508 Y159.639 E16.10480 ; perimeter
G1 Z110.027 X262.476 Y163.383 E16.10515 ; perimeter
G1 Z110.039 X263.241 Y167.143 E15.97988 ; perimeter
G1 Z110.060 X264.090 Y173.592 E27.08954 ; perimeter
G1 Z110.072 X264.324 Y177.422 E15.98033 ; perimeter
G1 Z110.085 X264.358 Y181.289 E16.10531 ; perimeter
G1 Z110.097 X264.189 Y185.153 E16.10757 ; perimeter
G1 Z110.110 X263.822 Y188.972 E15.97799 ; perimeter
G1 Z110.131 X262.748 Y195.388 E27.09220 ; perimeter
G1 Z110.143 X261.852 Y199.119 E15.98007 ; perimeter
G1 Z110.156 X260.754 Y202.827 E16.10532 ; perimeter
G1 Z110.168 X259.463 Y206.472 E16.10415 ; perimeter
G1 Z110.181 X257.995 Y210.017 E15.97946 ; perimeter
G1 Z110.202 X255.092 Y215.839 E27.09363 ; perimeter
G1 Z110.214 X253.145 Y219.145 E15.97856 ; perimeter
G1 Z110.226 X251.027 Y222.344 E15.97809 ; perimeter
G1 Z110.248 X247.067 Y227.505 E27.09182 ; perimeter
G1 Z110.260 X244.525 Y230.379 E15.97924 ; perimeter
G1 Z110.272 X241.814 Y233.137 E16.10597 ; perimeter
G1 Z110.285 X238.963 Y235.750 E16.10591 ; perimeter
G1 Z110.297 X236.002 Y238.190 E15.97896 ; perimeter
G1 Z110.318 X230.706 Y241.968 E27.09286 ; perimeter
G1 Z110.331 X227.435 Y243.973 E15.97813 ; perimeter
G1 Z110.343 X224.063 Y245.803 E15.97790 ; perimeter
G1 Z110.364 X218.171 Y248.488 E26.96587 ; perimeter
G1 Z110.385 X212.068 Y250.650 E26.96454 ; perimeter
G1 Z110.397 X208.371 Y251.675 E15.97750 ; perimeter
G1 Z110.410 X204.595 Y252.512 E16.10741 ; perimeter
G1 Z110.422 X200.781 Y253.150 E16.10466 ; perimeter
G1 Z110.435 X196.938 Y253.588 E16.10834 ; perimeter
G1 Z110.447 X193.078 Y253.824 E16.10556 ; perimeter
G1 Z110.460 X189.211 Y253.858 E16.10531 ; perimeter
G1 Z110.472 X185.347 Y253.689 E16.10757 ; perimeter
G1 Z110.485 X181.528 Y253.322 E15.97805 ; perimeter
G1 Z110.506 X175.142 Y252.253 E26.96548 ; perimeter
G1 Z110.527 X168.874 Y250.632 E26.96283 ; perimeter
G1 Z110.539 X165.235 Y249.414 E15.98150 ; perimeter
G1 Z110.552 X161.637 Y247.997 E16.10458 ; perimeter
G1 Z110.564 X158.118 Y246.393 E16.10602 ; perimeter
G1 Z110.576 X154.715 Y244.622 E15.97667 ; perimeter
G1 Z110.598 X149.168 Y241.223 E27.09335 ; perimeter
G1 Z110.610 X146.044 Y238.995 E15.98017 ; perimeter
G1 Z110.622 X143.018 Y236.587 E16.10547 ; perimeter
G1 Z110.635 X140.121 Y234.025 E16.10617 ; perimeter
G1 Z110.647 X137.385 Y231.335 E15.97936 ; perimeter
G1 Z110.668 X133.074 Y226.463 E27.09291 ; perimeter
G1 Z110.681 X130.738 Y223.419 E15.97989 ; perimeter
G1 Z110.693 X128.548 Y220.232 E16.10435 ; perimeter
G1 Z110.706 X126.527 Y216.935 E16.10520 ; perimeter
G1 Z110.718 X124.697 Y213.563 E15.97790 ; perimeter
G1 Z110.739 X122.012 Y207.671 E26.96590 ; perimeter
G1 Z110.760 X119.850 Y201.568 E26.96454 ; perimeter
G1 Z110.772 X118.825 Y197.871 E15.97750 ; perimeter
G1 Z110.785 X117.988 Y194.095 E16.10741 ; perimeter
G1 Z110.797 X117.350 Y190.281 E16.10466 ; perimeter
G1 Z110.810 X116.912 Y186.438 E16.10835 ; perimeter
G1 Z110.822 X116.676 Y182.578 E16.10555 ; perimeter
G1 Z110.835 X116.642 Y178.711 E16.10524 ; perimeter
G1 Z110.859 X117.151 Y171.286 E30.99412 ; perimeter
G1 Z110.881 X118.253 Y164.609 E28.18464 ; perimeter
G1 Z110.893 X119.148 Y160.881 E15.96696 ; perimeter
G1 Z110.906 X120.237 Y157.202 E15.97887 ; perimeter
G1 Z110.927 X122.516 Y151.109 E27.09212 ; perimeter
G1 Z110.939 X124.107 Y147.618 E15.97747 ; perimeter
G1 Z110.952 X125.892 Y144.187 E16.10695 ; perimeter
G1 Z110.976 X129.826 Y137.870 E30.99262 ; perimeter
G1 Z110.998 X133.935 Y132.492 E28.18656 ; perimeter
G1 Z111.000 X134.441 Y131.921 E3.17737 ; perimeter
;LAYER_CHANGE
;Z:112.5
;HEIGHT:1.5
G1 Z111.000 F960 ; simple layer change
G1 F2400
G1 Z111.010 X136.475 Y129.621 E12.78699 ; perimeter
G1 Z111.022 X139.165 Y126.885 E15.97932 ; perimeter
G1 Z111.043 X144.037 Y122.574 E27.09296 ; perimeter
G1 Z111.056 X147.081 Y120.238 E15.97989 ; perimeter
G1 Z111.068 X150.268 Y118.048 E16.10437 ; perimeter
G1 Z111.092 X156.720 Y114.310 E31.05407 ; perimeter
G1 Z111.114 X162.832 Y111.510 E27.99824 ; perimeter
G1 Z111.135 X168.932 Y109.350 E26.94998 ; perimeter
G1 Z111.147 X172.629 Y108.325 E15.97751 ; perimeter
G1 Z111.160 X176.405 Y107.488 E16.10735 ; perimeter
G1 Z111.172 X180.219 Y106.850 E16.10472 ; perimeter
G1 Z111.185 X184.062 Y106.412 E16.10835 ; perimeter
G1 Z111.209 X191.514 Y106.141 E31.05536 ; perimeter
G1 Z111.231 X198.255 Y106.540 E28.12320 ; perimeter
G1 Z111.243 X202.056 Y107.040 E15.96620 ; perimeter
G1 Z111.256 X205.858 Y107.745 E16.10389 ; perimeter
G1 Z111.280 X213.064 Y109.664 E31.05627 ; perimeter
G1 Z111.302 X219.394 Y112.017 E28.12466 ; perimeter
G1 Z111.314 X222.849 Y113.674 E15.95971 ; perimeter
G1 Z111.326 X226.279 Y115.387 E15.96730 ; perimeter
G1 Z111.348 X231.832 Y118.777 E27.09331 ; perimeter
G1 Z111.360 X234.956 Y121.005 E15.98018 ; perimeter
G1 Z111.372 X237.982 Y123.413 E16.10545 ; perimeter
G1 Z111.385 X240.879 Y125.975 E16.10619 ; perimeter
G1 Z111.397 X243.615 Y128.665 E15.97925 ; perimeter
G1 Z111.418 X247.926 Y133.537 E27.09300 ; perimeter
G1 Z111.431 X250.261 Y136.581 E15.97731 ; perimeter
G1 Z111.443 X252.452 Y139.768 E16.10671 ; perimeter
G1 Z111.467 X256.190 Y146.220 E31.05413 ; perimeter
G1 Z111.489 X259.002 Y152.360 E28.12506 ; perimeter
G1 Z111.502 X260.345 Y155.951 E15.96691 ; perimeter
G1 Z111.514 X261.508 Y159.639 E16.10480 ; perimeter
G1 Z111.527 X262.476 Y163.383 E16.10515 ; perimeter
G1 Z111.539 X263.241 Y167.143 E15.97988 ; perimeter
G1 Z111.560 X264.090 Y173.592 E27.08954 ; perimeter
G1 Z111.572 X264.324 Y177.422 E15.98033 ; perimeter
G1 Z111.585 X264.358 Y181.289 E16.10531 ; perimeter
G1 Z111.597 X264.189 Y185.153 E16.10757 ; perimeter
G1 Z111.610 X263.822 Y188.972 E15.97799 ; perimeter
G1 Z111.631 X262.748 Y195.388 E27.09220 ; perimeter
G1 Z111.643 X261.852 Y199.119 E15.98007 ; perimeter
G1 Z111.656 X260.754 Y202.827 E16.10532 ; perimeter
G1 Z111.668 X259.463 Y206.472 E16.10421 ; perimeter
G1 Z111.681 X257.995 Y210.017 E15.97940 ; perimeter
G1 Z111.702 X255.092 Y215.839 E27.09363 ; perimeter
G1 Z111.714 X253.145 Y219.145 E15.97858 ; perimeter
G1 Z111.726 X251.027 Y222.344 E15.97807 ; perimeter
G1 Z111.748 X247.067 Y227.505 E27.09178 ; perimeter
G1 Z111.760 X244.525 Y230.379 E15.97928 ; perimeter
G1 Z111.772 X241.814 Y233.137 E16.10597 ; perimeter
G1 Z111.785 X238.963 Y235.750 E16.10591 ; perimeter
G1 Z111.797 X236.002 Y238.190 E15.97896 ; perimeter
G1 Z111.818 X230.706 Y241.968 E27.09290 ; perimeter
G1 Z111.831 X227.435 Y243.973 E15.97806 ; perimeter
G1 Z111.843 X224.063 Y245.803 E15.97799 ; perimeter
G1 Z111.864 X218.171 Y248.488 E26.96581 ; perimeter
G1 Z111.885 X212.068 Y250.650 E26.96454 ; perimeter
G1 Z111.897 X208.371 Y251.675 E15.97748 ; perimeter
G1 Z111.910 X204.595 Y252.512 E16.10743 ; perimeter
G1 Z111.922 X200.781 Y253.150 E16.10466 ; perimeter
G1 Z111.935 X196.938 Y253.588 E16.10834 ; perimeter
G1 Z111.947 X193.078 Y253.824 E16.10556 ; perimeter
G1 Z111.960 X189.211 Y253.858 E16.10531 ; perimeter
G1 Z111.972 X185.347 Y253.689 E16.10757 ; perimeter
G1 Z111.985 X181.528 Y253.322 E15.97805 ; perimeter
G1 Z112.006 X175.142 Y252.253 E26.96547 ; perimeter
G1 Z112.027 X168.874 Y250.632 E26.96284 ; perimeter
G1 Z112.039 X165.235 Y249.414 E15.98150 ; perimeter
G1 Z112.052 X161.637 Y247.997 E16.10458 ; perimeter
G1 Z112.064 X158.118 Y246.393 E16.10602 ; perimeter
G1 Z112.076 X154.715 Y244.622 E15.97664 ; perimeter
G1 Z112.098 X149.168 Y241.223 E27.09341 ; perimeter
G1 Z112.110 X146.044 Y238.995 E15.98013 ; perimeter
G1 Z112.122 X143.018 Y236.587 E16.10547 ; perimeter
G1 Z112.135 X140.121 Y234.025 E16.10617 ; perimeter
G1 Z112.147 X137.385 Y231.335 E15.97932 ; perimeter
G1 Z112.168 X133.074 Y226.463 E27.09296 ; perimeter
G1 Z112.181 X130.738 Y223.419 E15.97989 ; perimeter
G1 Z112.193 X128.548 Y220.232 E16.10435 ; perimeter
G1 Z112.217 X124.811 Y213.780 E31.05400 ; perimeter
G1 Z112.239 X122.010 Y207.668 E27.99796 ; perimeter
G1 Z112.260 X119.850 Y201.568 E26.95001 ; perimeter
G1 Z112.272 X118.825 Y197.871 E15.97750 ; perimeter
G1 Z112.285 X117.988 Y194.095 E16.10741 ; perimeter
G1 Z112.297 X117.350 Y190.281 E16.10466 ; perimeter
G1 Z112.310 X116.912 Y186.438 E16.10835 ; perimeter
G1 Z112.322 X116.676 Y182.578 E16.10555 ; perimeter
G1 Z112.335 X116.642 Y178.711 E16.10531 ; perimeter
G1 Z112.359 X117.151 Y171.272 E31.05317 ; perimeter
G1 Z112.381 X118.253 Y164.609 E28.12604 ; perimeter
G1 Z112.393 X119.148 Y160.881 E15.96695 ; perimeter
G1 Z112.406 X120.237 Y157.202 E15.97887 ; perimeter
G1 Z112.427 X122.516 Y151.109 E27.09212 ; perimeter
G1 Z112.439 X124.107 Y147.618 E15.97747 ; perimeter
G1 Z112.452 X125.892 Y144.187 E16.10695 ; perimeter
G1 Z112.476 X129.834 Y137.858 E31.05265 ; perimeter
G1 Z112.498 X133.935 Y132.492 E28.12668 ; perimeter
G1 Z112.500 X134.441 Y131.921 E3.17737 ; perimeter
;LAYER_CHANGE
;Z:114
;HEIGHT:1.5
G1 Z112.500 F960 ; simple layer change
G1 F2400
G1 Z112.510 X136.475 Y129.621 E12.78699 ; perimeter
G1 Z112.522 X139.165 Y126.885 E15.97932 ; perimeter
G1 Z112.543 X144.037 Y122.574 E27.09298 ; perimeter
G1 Z112.556 X147.081 Y120.238 E15.97989 ; perimeter
G1 Z112.568 X150.268 Y118.048 E16.10433 ; perimeter
G1 Z112.592 X156.733 Y114.304 E31.11522 ; perimeter
G1 Z112.614 X162.832 Y111.510 E27.93508 ; perimeter
G1 Z112.635 X168.932 Y109.350 E26.95176 ; perimeter
G1 Z112.647 X172.629 Y108.325 E15.97750 ; perimeter
G1 Z112.660 X176.405 Y107.488 E16.10741 ; perimeter
G1 Z112.672 X180.219 Y106.850 E16.10466 ; perimeter
G1 Z112.685 X184.062 Y106.412 E16.10835 ; perimeter
G1 Z112.709 X191.528 Y106.141 E31.11357 ; perimeter
G1 Z112.731 X198.255 Y106.540 E28.06507 ; perimeter
G1 Z112.743 X202.056 Y107.040 E15.96619 ; perimeter
G1 Z112.756 X205.858 Y107.745 E16.10390 ; perimeter
G1 Z112.780 X213.078 Y109.669 E31.11669 ; perimeter
G1 Z112.802 X219.394 Y112.017 E28.06404 ; perimeter
G1 Z112.826 X226.081 Y115.271 E30.97287 ; perimeter
G1 Z112.848 X231.835 Y118.779 E28.06415 ; perimeter
G1 Z112.860 X234.956 Y121.005 E15.96511 ; perimeter
G1 Z112.872 X237.982 Y123.413 E16.10554 ; perimeter
G1 Z112.885 X240.879 Y125.975 E16.10613 ; perimeter
G1 Z112.897 X243.615 Y128.665 E15.97934 ; perimeter
G1 Z112.918 X247.926 Y133.537 E27.09296 ; perimeter
G1 Z112.931 X250.261 Y136.581 E15.97739 ; perimeter
G1 Z112.943 X252.452 Y139.768 E16.10664 ; perimeter
G1 Z112.967 X256.196 Y146.233 E31.11538 ; perimeter
G1 Z112.989 X259.002 Y152.360 E28.06367 ; perimeter
G1 Z113.002 X260.345 Y155.951 E15.96691 ; perimeter
G1 Z113.014 X261.508 Y159.639 E16.10480 ; perimeter
G1 Z113.027 X262.476 Y163.383 E16.10515 ; perimeter
G1 Z113.039 X263.241 Y167.143 E15.97988 ; perimeter
G1 Z113.060 X264.090 Y173.592 E27.08956 ; perimeter
G1 Z113.072 X264.324 Y177.422 E15.98032 ; perimeter
G1 Z113.085 X264.358 Y181.289 E16.10531 ; perimeter
G1 Z113.097 X264.189 Y185.153 E16.10757 ; perimeter
G1 Z113.110 X263.822 Y188.972 E15.97800 ; perimeter
G1 Z113.131 X262.748 Y195.388 E27.09218 ; perimeter
G1 Z113.143 X261.852 Y199.119 E15.98007 ; perimeter
G1 Z113.156 X260.754 Y202.827 E16.10532 ; perimeter
G1 Z113.168 X259.463 Y206.472 E16.10415 ; perimeter
G1 Z113.181 X257.995 Y210.017 E15.97946 ; perimeter
G1 Z113.202 X255.092 Y215.839 E27.09357 ; perimeter
G1 Z113.214 X253.145 Y219.145 E15.97865 ; perimeter
G1 Z113.226 X251.027 Y222.344 E15.97809 ; perimeter
G1 Z113.248 X247.067 Y227.505 E27.09178 ; perimeter
G1 Z113.260 X244.525 Y230.379 E15.97924 ; perimeter
G1 Z113.272 X241.814 Y233.137 E16.10597 ; perimeter
G1 Z113.285 X238.963 Y235.750 E16.10591 ; perimeter
G1 Z113.297 X236.002 Y238.190 E15.97896 ; perimeter
G1 Z113.318 X230.706 Y241.968 E27.09286 ; perimeter
G1 Z113.331 X227.435 Y243.973 E15.97809 ; perimeter
G1 Z113.343 X224.063 Y245.803 E15.97793 ; perimeter
G1 Z113.364 X218.171 Y248.488 E26.96587 ; perimeter
G1 Z113.385 X212.068 Y250.650 E26.96454 ; perimeter
G1 Z113.397 X208.371 Y251.675 E15.97750 ; perimeter
G1 Z113.410 X204.595 Y252.512 E16.10741 ; perimeter
G1 Z113.422 X200.781 Y253.150 E16.10466 ; perimeter
G1 Z113.435 X196.938 Y253.588 E16.10835 ; perimeter
G1 Z113.447 X193.078 Y253.824 E16.10555 ; perimeter
G1 Z113.460 X189.211 Y253.858 E16.10531 ; perimeter
G1 Z113.472 X185.347 Y253.689 E16.10757 ; perimeter
G1 Z113.485 X181.528 Y253.322 E15.97806 ; perimeter
G1 Z113.506 X175.142 Y252.253 E26.96547 ; perimeter
G1 Z113.527 X168.874 Y250.632 E26.96281 ; perimeter
G1 Z113.539 X165.235 Y249.414 E15.98152 ; perimeter
G1 Z113.552 X161.637 Y247.997 E16.10456 ; perimeter
G1 Z113.564 X158.118 Y246.393 E16.10605 ; perimeter
G1 Z113.576 X154.715 Y244.622 E15.97667 ; perimeter
G1 Z113.598 X149.168 Y241.223 E27.09335 ; perimeter
G1 Z113.610 X146.044 Y238.995 E15.98017 ; perimeter
G1 Z113.622 X143.018 Y236.587 E16.10547 ; perimeter
G1 Z113.635 X140.121 Y234.025 E16.10617 ; perimeter
G1 Z113.647 X137.385 Y231.335 E15.97932 ; perimeter
G1 Z113.668 X133.074 Y226.463 E27.09296 ; perimeter
G1 Z113.681 X130.738 Y223.419 E15.97989 ; perimeter
G1 Z113.693 X128.548 Y220.232 E16.10435 ; perimeter
G1 Z113.717 X124.803 Y213.767 E31.11551 ; perimeter
G1 Z113.739 X122.011 Y207.668 E27.93515 ; perimeter
G1 Z113.760 X119.850 Y201.568 E26.95142 ; perimeter
G1 Z113.772 X118.825 Y197.871 E15.97750 ; perimeter
G1 Z113.785 X117.988 Y194.095 E16.10741 ; perimeter
G1 Z113.797 X117.350 Y190.281 E16.10466 ; perimeter
G1 Z113.810 X116.912 Y186.438 E16.10835 ; perimeter
G1 Z113.822 X116.676 Y182.578 E16.10555 ; perimeter
G1 Z113.835 X116.642 Y178.711 E16.10531 ; perimeter
G1 Z113.859 X117.152 Y171.257 E31.11575 ; perimeter
G1 Z113.881 X118.253 Y164.609 E28.06373 ; perimeter
G1 Z113.893 X119.148 Y160.881 E15.96695 ; perimeter
G1 Z113.906 X120.237 Y157.202 E15.97887 ; perimeter
G1 Z113.927 X122.516 Y151.109 E27.09213 ; perimeter
G1 Z113.939 X124.107 Y147.618 E15.97746 ; perimeter
G1 Z113.952 X125.892 Y144.187 E16.10700 ; perimeter
G1 Z113.976 X129.842 Y137.846 E31.11264 ; perimeter
G1 Z113.998 X133.935 Y132.493 E28.06343 ; perimeter
G1 Z114.000 X134.441 Y131.921 E3.18049 ; perimeter
;LAYER_CHANGE
;Z:115.5
;HEIGHT:1.5
G1 Z114.000 F960 ; simple layer change
G1 F2400
G1 Z114.010 X136.475 Y129.621 E12.78699 ; perimeter
G1 Z114.022 X139.165 Y126.885 E15.97934 ; perimeter
G1 Z114.043 X144.037 Y122.574 E27.09296 ; perimeter
G1 Z114.056 X147.081 Y120.238 E15.97987 ; perimeter
G1 Z114.068 X150.268 Y118.048 E16.10435 ; perimeter
G1 Z114.092 X156.746 Y114.297 E31.17294 ; perimeter
G1 Z114.114 X162.832 Y111.511 E27.87754 ; perimeter
G1 Z114.135 X168.932 Y109.350 E26.95137 ; perimeter
G1 Z114.147 X172.629 Y108.325 E15.97744 ; perimeter
G1 Z114.160 X176.405 Y107.488 E16.10747 ; perimeter
G1 Z114.172 X180.219 Y106.850 E16.10467 ; perimeter
G1 Z114.185 X184.062 Y106.412 E16.10829 ; perimeter
G1 Z114.209 X191.542 Y106.141 E31.17191 ; perimeter
G1 Z114.231 X198.255 Y106.540 E28.00686 ; perimeter
G1 Z114.243 X202.056 Y107.040 E15.96619 ; perimeter
G1 Z114.256 X205.858 Y107.745 E16.10390 ; perimeter
G1 Z114.280 X213.091 Y109.673 E31.17337 ; perimeter
G1 Z114.302 X219.393 Y112.017 E28.00367 ; perimeter
G1 Z114.314 X222.849 Y113.674 E15.96358 ; perimeter
G1 Z114.326 X226.280 Y115.386 E15.96794 ; perimeter
G1 Z114.348 X231.832 Y118.777 E27.09332 ; perimeter
G1 Z114.360 X234.956 Y121.005 E15.98016 ; perimeter
G1 Z114.372 X237.982 Y123.413 E16.10545 ; perimeter
G1 Z114.385 X240.879 Y125.975 E16.10619 ; perimeter
G1 Z114.397 X243.615 Y128.665 E15.97939 ; perimeter
G1 Z114.418 X247.926 Y133.537 E27.09287 ; perimeter
G1 Z114.431 X250.261 Y136.581 E15.97739 ; perimeter
G1 Z114.443 X252.452 Y139.768 E16.10667 ; perimeter
G1 Z114.467 X256.203 Y146.245 E31.17307 ; perimeter
G1 Z114.489 X259.002 Y152.359 E28.00230 ; perimeter
G1 Z114.502 X260.345 Y155.951 E15.97075 ; perimeter
G1 Z114.514 X261.508 Y159.639 E16.10480 ; perimeter
G1 Z114.527 X262.476 Y163.383 E16.10515 ; perimeter
G1 Z114.539 X263.241 Y167.143 E15.97988 ; perimeter
G1 Z114.560 X264.090 Y173.592 E27.08954 ; perimeter
G1 Z114.572 X264.324 Y177.422 E15.98033 ; perimeter
G1 Z114.585 X264.358 Y181.289 E16.10531 ; perimeter
G1 Z114.597 X264.189 Y185.153 E16.10757 ; perimeter
G1 Z114.610 X263.822 Y188.972 E15.97799 ; perimeter
G1 Z114.631 X262.748 Y195.388 E27.09220 ; perimeter
G1 Z114.643 X261.852 Y199.119 E15.98007 ; perimeter
G1 Z114.656 X260.754 Y202.827 E16.10532 ; perimeter
G1 Z114.668 X259.463 Y206.472 E16.10415 ; perimeter
G1 Z114.681 X257.995 Y210.017 E15.97946 ; perimeter
G1 Z114.702 X255.092 Y215.839 E27.09360 ; perimeter
G1 Z114.714 X253.145 Y219.145 E15.97859 ; perimeter
G1 Z114.726 X251.027 Y222.344 E15.97809 ; perimeter
G1 Z114.748 X247.067 Y227.505 E27.09182 ; perimeter
G1 Z114.760 X244.525 Y230.379 E15.97924 ; perimeter
G1 Z114.772 X241.814 Y233.137 E16.10597 ; perimeter
G1 Z114.785 X238.963 Y235.750 E16.10591 ; perimeter
G1 Z114.797 X236.002 Y238.190 E15.97896 ; perimeter
G1 Z114.818 X230.706 Y241.968 E27.09290 ; perimeter
G1 Z114.831 X227.435 Y243.973 E15.97806 ; perimeter
G1 Z114.843 X224.063 Y245.803 E15.97793 ; perimeter
G1 Z114.864 X218.171 Y248.488 E26.96587 ; perimeter
G1 Z114.885 X212.068 Y250.650 E26.96454 ; perimeter
G1 Z114.897 X208.371 Y251.675 E15.97748 ; perimeter
G1 Z114.910 X204.595 Y252.512 E16.10743 ; perimeter
G1 Z114.922 X200.781 Y253.150 E16.10466 ; perimeter
G1 Z114.935 X196.938 Y253.588 E16.10834 ; perimeter
G1 Z114.947 X193.078 Y253.824 E16.10556 ; perimeter
G1 Z114.960 X189.211 Y253.858 E16.10531 ; perimeter
G1 Z114.972 X185.347 Y253.689 E16.10757 ; perimeter
G1 Z114.985 X181.528 Y253.322 E15.97805 ; perimeter
G1 Z115.006 X175.142 Y252.253 E26.96547 ; perimeter
G1 Z115.027 X168.874 Y250.632 E26.96284 ; perimeter
G1 Z115.039 X165.235 Y249.414 E15.98150 ; perimeter
G1 Z115.052 X161.637 Y247.997 E16.10456 ; perimeter
G1 Z115.064 X158.118 Y246.393 E16.10605 ; perimeter
G1 Z115.076 X154.715 Y244.622 E15.97664 ; perimeter
G1 Z115.098 X149.168 Y241.223 E27.09338 ; perimeter
G1 Z115.110 X146.044 Y238.995 E15.98017 ; perimeter
G1 Z115.122 X143.018 Y236.587 E16.10547 ; perimeter
G1 Z115.135 X140.121 Y234.025 E16.10617 ; perimeter
G1 Z115.147 X137.385 Y231.335 E15.97932 ; perimeter
G1 Z115.168 X133.074 Y226.463 E27.09301 ; perimeter
G1 Z115.181 X130.738 Y223.419 E15.97984 ; perimeter
G1 Z115.193 X128.548 Y220.232 E16.10435 ; perimeter
G1 Z115.217 X124.796 Y213.755 E31.17332 ; perimeter
G1 Z115.239 X122.011 Y207.668 E27.87757 ; perimeter
G1 Z115.260 X119.850 Y201.568 E26.95138 ; perimeter
G1 Z115.272 X118.825 Y197.871 E15.97750 ; perimeter
G1 Z115.285 X117.988 Y194.095 E16.10741 ; perimeter
G1 Z115.297 X117.350 Y190.281 E16.10466 ; perimeter
G1 Z115.310 X116.912 Y186.438 E16.10835 ; perimeter
G1 Z115.322 X116.676 Y182.578 E16.10555 ; perimeter
G1 Z115.335 X116.642 Y178.711 E16.10531 ; perimeter
G1 Z115.359 X117.154 Y171.243 E31.17459 ; perimeter
G1 Z115.381 X118.253 Y164.609 E28.00484 ; perimeter
G1 Z115.393 X119.148 Y160.881 E15.96689 ; perimeter
G1 Z115.406 X120.237 Y157.202 E15.97887 ; perimeter
G1 Z115.427 X122.516 Y151.109 E27.09213 ; perimeter
G1 Z115.439 X124.107 Y147.618 E15.97746 ; perimeter
G1 Z115.452 X125.892 Y144.187 E16.10700 ; perimeter
G1 Z115.476 X129.851 Y137.834 E31.17489 ; perimeter
G1 Z115.498 X133.935 Y132.493 E28.00096 ; perimeter
G1 Z115.500 X134.441 Y131.921 E3.18049 ; perimeter
;LAYER_CHANGE
;Z:117
;HEIGHT:1.5
G1 Z115.500 F960 ; simple layer change
G1 F2400
G1 Z115.510 X136.475 Y129.621 E12.78699 ; perimeter
G1 Z115.522 X139.165 Y126.885 E15.97934 ; perimeter
G1 Z115.543 X144.037 Y122.574 E27.09294 ; perimeter
G1 Z115.556 X147.081 Y120.238 E15.97989 ; perimeter
G1 Z115.568 X150.268 Y118.048 E16.10438 ; perimeter
G1 Z115.593 X156.758 Y114.290 E31.23274 ; perimeter
G1 Z115.614 X162.831 Y111.511 E27.81413 ; perimeter
G1 Z115.635 X168.932 Y109.350 E26.95519 ; perimeter
G1 Z115.647 X172.629 Y108.325 E15.97751 ; perimeter
G1 Z115.660 X176.405 Y107.488 E16.10740 ; perimeter
G1 Z115.672 X180.219 Y106.850 E16.10472 ; perimeter
G1 Z115.685 X184.062 Y106.412 E16.10835 ; perimeter
G1 Z115.709 X191.557 Y106.141 E31.23436 ; perimeter
G1 Z115.731 X198.254 Y106.540 E27.94010 ; perimeter
G1 Z115.743 X202.056 Y107.040 E15.97035 ; perimeter
G1 Z115.756 X205.858 Y107.745 E16.10391 ; perimeter
G1 Z115.780 X213.105 Y109.677 E31.23525 ; perimeter
G1 Z115.802 X219.393 Y112.017 E27.94178 ; perimeter
G1 Z115.826 X226.107 Y115.284 E31.09577 ; perimeter
G1 Z115.848 X231.834 Y118.779 E27.94166 ; perimeter
G1 Z115.860 X234.956 Y121.005 E15.96856 ; perimeter
G1 Z115.872 X237.982 Y123.413 E16.10547 ; perimeter
G1 Z115.885 X240.879 Y125.975 E16.10622 ; perimeter
G1 Z115.897 X243.615 Y128.665 E15.97927 ; perimeter
G1 Z115.918 X247.926 Y133.537 E27.09296 ; perimeter
G1 Z115.931 X250.261 Y136.581 E15.97731 ; perimeter
G1 Z115.943 X252.452 Y139.768 E16.10675 ; perimeter
G1 Z115.967 X256.210 Y146.258 E31.23279 ; perimeter
G1 Z115.989 X259.002 Y152.359 E27.94271 ; perimeter
G1 Z116.002 X260.345 Y155.951 E15.97091 ; perimeter
G1 Z116.014 X261.508 Y159.639 E16.10470 ; perimeter
G1 Z116.027 X262.476 Y163.383 E16.10515 ; perimeter
G1 Z116.039 X263.241 Y167.143 E15.97988 ; perimeter
G1 Z116.060 X264.090 Y173.592 E27.08954 ; perimeter
G1 Z116.072 X264.324 Y177.422 E15.98033 ; perimeter
G1 Z116.085 X264.358 Y181.289 E16.10531 ; perimeter
G1 Z116.097 X264.189 Y185.153 E16.10757 ; perimeter
G1 Z116.110 X263.822 Y188.972 E15.97800 ; perimeter
G1 Z116.131 X262.748 Y195.388 E27.09218 ; perimeter
G1 Z116.143 X261.852 Y199.119 E15.98007 ; perimeter
G1 Z116.156 X260.754 Y202.827 E16.10532 ; perimeter
G1 Z116.168 X259.463 Y206.472 E16.10421 ; perimeter
G1 Z116.181 X257.995 Y210.017 E15.97940 ; perimeter
G1 Z116.202 X255.092 Y215.839 E27.09354 ; perimeter
G1 Z116.214 X253.145 Y219.145 E15.97868 ; perimeter
G1 Z116.226 X251.027 Y222.344 E15.97809 ; perimeter
G1 Z116.248 X247.067 Y227.505 E27.09178 ; perimeter
G1 Z116.260 X244.525 Y230.379 E15.97924 ; perimeter
G1 Z116.272 X241.814 Y233.137 E16.10597 ; perimeter
G1 Z116.285 X238.963 Y235.750 E16.10591 ; perimeter
G1 Z116.297 X236.002 Y238.190 E15.97896 ; perimeter
G1 Z116.318 X230.706 Y241.968 E27.09286 ; perimeter
G1 Z116.331 X227.435 Y243.973 E15.97809 ; perimeter
G1 Z116.343 X224.063 Y245.803 E15.97793 ; perimeter
G1 Z116.364 X218.171 Y248.488 E26.96587 ; perimeter
G1 Z116.385 X212.068 Y250.650 E26.96454 ; perimeter
G1 Z116.397 X208.371 Y251.675 E15.97750 ; perimeter
G1 Z116.410 X204.595 Y252.512 E16.10741 ; perimeter
G1 Z116.422 X200.781 Y253.150 E16.10466 ; perimeter
G1 Z116.435 X196.938 Y253.588 E16.10835 ; perimeter
G1 Z116.447 X193.078 Y253.824 E16.10555 ; perimeter
G1 Z116.460 X189.211 Y253.858 E16.10531 ; perimeter
G1 Z116.472 X185.347 Y253.689 E16.10757 ; perimeter
G1 Z116.485 X181.528 Y253.322 E15.97806 ; perimeter
G1 Z116.506 X175.142 Y252.253 E26.96547 ; perimeter
G1 Z116.527 X168.874 Y250.632 E26.96281 ; perimeter
G1 Z116.539 X165.235 Y249.414 E15.98152 ; perimeter
G1 Z116.552 X161.637 Y247.997 E16.10456 ; perimeter
G1 Z116.564 X158.118 Y246.393 E16.10605 ; perimeter
G1 Z116.576 X154.715 Y244.622 E15.97667 ; perimeter
G1 Z116.598 X149.168 Y241.223 E27.09335 ; perimeter
G1 Z116.610 X146.044 Y238.995 E15.98017 ; perimeter
G1 Z116.622 X143.018 Y236.587 E16.10547 ; perimeter
G1 Z116.635 X140.121 Y234.025 E16.10617 ; perimeter
G1 Z116.647 X137.385 Y231.335 E15.97932 ; perimeter
G1 Z116.668 X133.074 Y226.463 E27.09296 ; perimeter
G1 Z116.681 X130.738 Y223.419 E15.97989 ; perimeter
G1 Z116.693 X128.548 Y220.232 E16.10435 ; perimeter
G1 Z116.718 X124.790 Y213.742 E31.23278 ; perimeter
G1 Z116.739 X122.011 Y207.669 E27.81416 ; perimeter
G1 Z116.760 X119.850 Y201.568 E26.95527 ; perimeter
G1 Z116.772 X118.825 Y197.871 E15.97750 ; perimeter
G1 Z116.785 X117.988 Y194.095 E16.10741 ; perimeter
G1 Z116.797 X117.350 Y190.281 E16.10466 ; perimeter
G1 Z116.810 X116.912 Y186.438 E16.10835 ; perimeter
G1 Z116.822 X116.676 Y182.578 E16.10555 ; perimeter
G1 Z116.835 X116.642 Y178.711 E16.10531 ; perimeter
G1 Z116.859 X117.156 Y171.228 E31.23748 ; perimeter
G1 Z116.881 X118.253 Y164.609 E27.94178 ; perimeter
G1 Z116.893 X119.148 Y160.881 E15.96695 ; perimeter
G1 Z116.906 X120.237 Y157.202 E15.97887 ; perimeter
G1 Z116.927 X122.516 Y151.109 E27.09213 ; perimeter
G1 Z116.939 X124.107 Y147.618 E15.97746 ; perimeter
G1 Z116.952 X125.892 Y144.187 E16.10700 ; perimeter
G1 Z116.976 X129.859 Y137.822 E31.23496 ; perimeter
G1 Z116.998 X133.935 Y132.493 E27.94098 ; perimeter
G1 Z117.000 X134.441 Y131.921 E3.18049 ; perimeter
;LAYER_CHANGE
;Z:118.5
;HEIGHT:1.5
G1 Z117.000 F960 ; simple layer change
G1 F2400
G1 Z117.010 X136.475 Y129.621 E12.78699 ; perimeter
G1 Z117.022 X139.165 Y126.885 E15.97936 ; perimeter
G1 Z117.043 X144.037 Y122.574 E27.09291 ; perimeter
G1 Z117.056 X147.081 Y120.238 E15.97987 ; perimeter
G1 Z117.068 X150.268 Y118.048 E16.10437 ; perimeter
G1 Z117.093 X156.771 Y114.284 E31.29393 ; perimeter
G1 Z117.114 X162.831 Y111.511 E27.75276 ; perimeter
G1 Z117.135 X168.932 Y109.350 E26.95530 ; perimeter
G1 Z117.147 X172.629 Y108.325 E15.97750 ; perimeter
G1 Z117.160 X176.405 Y107.488 E16.10741 ; perimeter
G1 Z117.172 X180.219 Y106.850 E16.10466 ; perimeter
G1 Z117.185 X184.062 Y106.412 E16.10835 ; perimeter
G1 Z117.209 X191.571 Y106.142 E31.29239 ; perimeter
G1 Z117.231 X198.254 Y106.540 E27.88190 ; perimeter
G1 Z117.243 X202.056 Y107.040 E15.97032 ; perimeter
G1 Z117.256 X205.858 Y107.745 E16.10390 ; perimeter
G1 Z117.280 X213.119 Y109.682 E31.29557 ; perimeter
G1 Z117.302 X219.393 Y112.017 E27.88133 ; perimeter
G1 Z117.314 X222.849 Y113.675 E15.96344 ; perimeter
G1 Z117.326 X226.281 Y115.385 E15.96816 ; perimeter
G1 Z117.348 X231.832 Y118.777 E27.09332 ; perimeter
G1 Z117.360 X234.956 Y121.005 E15.98000 ; perimeter
G1 Z117.372 X237.982 Y123.413 E16.10549 ; perimeter
G1 Z117.385 X240.879 Y125.975 E16.10622 ; perimeter
G1 Z117.397 X243.615 Y128.665 E15.97932 ; perimeter
G1 Z117.418 X247.926 Y133.537 E27.09296 ; perimeter
G1 Z117.431 X250.261 Y136.581 E15.97735 ; perimeter
G1 Z117.443 X252.452 Y139.768 E16.10671 ; perimeter
G1 Z117.468 X256.216 Y146.271 E31.29403 ; perimeter
G1 Z117.489 X259.002 Y152.359 E27.88131 ; perimeter
G1 Z117.502 X260.345 Y155.951 E15.97081 ; perimeter
G1 Z117.514 X261.508 Y159.639 E16.10480 ; perimeter
G1 Z117.527 X262.476 Y163.383 E16.10515 ; perimeter
G1 Z117.539 X263.241 Y167.143 E15.97988 ; perimeter
G1 Z117.560 X264.090 Y173.592 E27.08954 ; perimeter
G1 Z117.572 X264.324 Y177.422 E15.98033 ; perimeter
G1 Z117.585 X264.358 Y181.289 E16.10531 ; perimeter
G1 Z117.597 X264.189 Y185.153 E16.10757 ; perimeter
G1 Z117.610 X263.822 Y188.972 E15.97805 ; perimeter
G1 Z117.631 X262.748 Y195.388 E27.09214 ; perimeter
G1 Z117.643 X261.852 Y199.119 E15.98007 ; perimeter
G1 Z117.656 X260.754 Y202.827 E16.10532 ; perimeter
G1 Z117.668 X259.463 Y206.472 E16.10409 ; perimeter
G1 Z117.681 X257.995 Y210.017 E15.97952 ; perimeter
G1 Z117.702 X255.092 Y215.839 E27.09357 ; perimeter
G1 Z117.714 X253.145 Y219.145 E15.97868 ; perimeter
G1 Z117.726 X251.027 Y222.344 E15.97807 ; perimeter
G1 Z117.748 X247.067 Y227.505 E27.09174 ; perimeter
G1 Z117.760 X244.525 Y230.379 E15.97928 ; perimeter
G1 Z117.772 X241.814 Y233.137 E16.10597 ; perimeter
G1 Z117.785 X238.963 Y235.750 E16.10591 ; perimeter
G1 Z117.797 X236.002 Y238.190 E15.97896 ; perimeter
G1 Z117.818 X230.706 Y241.968 E27.09290 ; perimeter
G1 Z117.831 X227.435 Y243.973 E15.97809 ; perimeter
G1 Z117.843 X224.063 Y245.803 E15.97793 ; perimeter
G1 Z117.864 X218.171 Y248.488 E26.96584 ; perimeter
G1 Z117.885 X212.068 Y250.650 E26.96454 ; perimeter
G1 Z117.897 X208.371 Y251.675 E15.97748 ; perimeter
G1 Z117.910 X204.595 Y252.512 E16.10743 ; perimeter
G1 Z117.922 X200.781 Y253.150 E16.10466 ; perimeter
G1 Z117.935 X196.938 Y253.588 E16.10835 ; perimeter
G1 Z117.947 X193.078 Y253.824 E16.10555 ; perimeter
G1 Z117.960 X189.211 Y253.858 E16.10531 ; perimeter
G1 Z117.972 X185.347 Y253.689 E16.10757 ; perimeter
G1 Z117.985 X181.528 Y253.322 E15.97805 ; perimeter
G1 Z118.006 X175.142 Y252.253 E26.96547 ; perimeter
G1 Z118.027 X168.874 Y250.632 E26.96283 ; perimeter
G1 Z118.039 X165.235 Y249.414 E15.98152 ; perimeter
G1 Z118.052 X161.637 Y247.997 E16.10458 ; perimeter
G1 Z118.064 X158.118 Y246.393 E16.10602 ; perimeter
G1 Z118.076 X154.715 Y244.622 E15.97664 ; perimeter
G1 Z118.098 X149.168 Y241.223 E27.09335 ; perimeter
G1 Z118.110 X146.044 Y238.995 E15.98021 ; perimeter
G1 Z118.122 X143.018 Y236.587 E16.10547 ; perimeter
G1 Z118.135 X140.121 Y234.025 E16.10617 ; perimeter
G1 Z118.147 X137.385 Y231.335 E15.97932 ; perimeter
G1 Z118.168 X133.074 Y226.463 E27.09301 ; perimeter
G1 Z118.181 X130.738 Y223.419 E15.97984 ; perimeter
G1 Z118.193 X128.548 Y220.232 E16.10435 ; perimeter
G1 Z118.206 X126.543 Y216.925 E16.10342 ; perimeter
G1 Z118.218 X124.699 Y213.562 E15.97541 ; perimeter
G1 Z118.239 X122.012 Y207.671 E26.96576 ; perimeter
G1 Z118.260 X119.850 Y201.568 E26.96459 ; perimeter
G1 Z118.272 X118.825 Y197.871 E15.97750 ; perimeter
G1 Z118.285 X117.988 Y194.095 E16.10741 ; perimeter
G1 Z118.297 X117.350 Y190.281 E16.10466 ; perimeter
G1 Z118.310 X116.912 Y186.438 E16.10835 ; perimeter
G1 Z118.322 X116.676 Y182.578 E16.10555 ; perimeter
G1 Z118.335 X116.642 Y178.711 E16.10531 ; perimeter
G1 Z118.359 X117.157 Y171.214 E31.29590 ; perimeter
G1 Z118.381 X118.253 Y164.610 E27.87947 ; perimeter
G1 Z118.393 X119.148 Y160.881 E15.97108 ; perimeter
G1 Z118.406 X120.237 Y157.202 E15.97881 ; perimeter
G1 Z118.427 X122.516 Y151.109 E27.09213 ; perimeter
G1 Z118.439 X124.107 Y147.618 E15.97745 ; perimeter
G1 Z118.452 X125.892 Y144.187 E16.10702 ; perimeter
G1 Z118.476 X129.867 Y137.810 E31.29494 ; perimeter
G1 Z118.498 X133.935 Y132.493 E27.88109 ; perimeter
G1 Z118.500 X134.441 Y131.921 E3.18049 ; perimeter
;LAYER_CHANGE
;Z:120
;HEIGHT:1.5
G1 Z118.500 F960 ; simple layer change
G1 F2400
G1 Z118.510 X136.475 Y129.621 E12.78699 ; perimeter
G1 Z118.522 X139.165 Y126.885 E15.97934 ; perimeter
G1 Z118.543 X144.037 Y122.574 E27.09296 ; perimeter
G1 Z118.556 X147.081 Y120.238 E15.97990 ; perimeter
G1 Z118.568 X150.268 Y118.048 E16.10431 ; perimeter
G1 Z118.593 X156.784 Y114.277 E31.35536 ; perimeter
G1 Z118.614 X162.831 Y111.511 E27.69144 ; perimeter
G1 Z118.635 X168.932 Y109.350 E26.95529 ; perimeter
G1 Z118.647 X172.629 Y108.325 E15.97751 ; perimeter
G1 Z118.660 X176.405 Y107.488 E16.10742 ; perimeter
G1 Z118.672 X180.219 Y106.850 E16.10466 ; perimeter
G1 Z118.685 X184.062 Y106.412 E16.10835 ; perimeter
G1 Z118.709 X191.586 Y106.142 E31.35487 ; perimeter
G1 Z118.731 X198.254 Y106.540 E27.81940 ; perimeter
G1 Z118.743 X202.056 Y107.040 E15.97038 ; perimeter
G1 Z118.756 X205.858 Y107.745 E16.10391 ; perimeter
G1 Z118.780 X213.133 Y109.686 E31.35754 ; perimeter
G1 Z118.802 X219.393 Y112.017 E27.81947 ; perimeter
G1 Z118.826 X226.133 Y115.298 E31.21870 ; perimeter
G1 Z118.848 X231.834 Y118.779 E27.81896 ; perimeter
G1 Z118.860 X234.956 Y121.005 E15.96854 ; perimeter
G1 Z118.872 X237.982 Y123.413 E16.10547 ; perimeter
G1 Z118.885 X240.879 Y125.975 E16.10617 ; perimeter
G1 Z118.897 X243.615 Y128.665 E15.97932 ; perimeter
G1 Z118.918 X247.926 Y133.537 E27.09296 ; perimeter
G1 Z118.931 X250.261 Y136.581 E15.97735 ; perimeter
G1 Z118.943 X252.452 Y139.768 E16.10675 ; perimeter
G1 Z118.968 X256.223 Y146.284 E31.35548 ; perimeter
G1 Z118.989 X259.002 Y152.359 E27.81995 ; perimeter
G1 Z119.002 X260.345 Y155.951 E15.97081 ; perimeter
G1 Z119.014 X261.508 Y159.639 E16.10480 ; perimeter
G1 Z119.027 X262.476 Y163.383 E16.10515 ; perimeter
G1 Z119.039 X263.241 Y167.143 E15.97988 ; perimeter
G1 Z119.060 X264.090 Y173.592 E27.08954 ; perimeter
G1 Z119.072 X264.324 Y177.422 E15.98033 ; perimeter
G1 Z119.085 X264.358 Y181.289 E16.10531 ; perimeter
G1 Z119.097 X264.189 Y185.153 E16.10752 ; perimeter
G1 Z119.110 X263.822 Y188.972 E15.97804 ; perimeter
G1 Z119.131 X262.748 Y195.388 E27.09220 ; perimeter
G1 Z119.143 X261.852 Y199.119 E15.98013 ; perimeter
G1 Z119.156 X260.754 Y202.827 E16.10526 ; perimeter
G1 Z119.168 X259.463 Y206.472 E16.10415 ; perimeter
G1 Z119.181 X257.995 Y210.017 E15.97946 ; perimeter
G1 Z119.202 X255.092 Y215.839 E27.09357 ; perimeter
G1 Z119.214 X253.145 Y219.145 E15.97861 ; perimeter
G1 Z119.226 X251.027 Y222.344 E15.97806 ; perimeter
G1 Z119.248 X247.067 Y227.505 E27.09182 ; perimeter
G1 Z119.260 X244.525 Y230.379 E15.97928 ; perimeter
G1 Z119.272 X241.814 Y233.137 E16.10597 ; perimeter
G1 Z119.285 X238.963 Y235.750 E16.10591 ; perimeter
G1 Z119.297 X236.002 Y238.190 E15.97896 ; perimeter
G1 Z119.318 X230.706 Y241.968 E27.09286 ; perimeter
G1 Z119.331 X227.435 Y243.973 E15.97806 ; perimeter
G1 Z119.343 X224.063 Y245.803 E15.97799 ; perimeter
G1 Z119.364 X218.171 Y248.488 E26.96584 ; perimeter
G1 Z119.385 X212.068 Y250.650 E26.96454 ; perimeter
G1 Z119.397 X208.371 Y251.675 E15.97750 ; perimeter
G1 Z119.410 X204.595 Y252.512 E16.10741 ; perimeter
G1 Z119.422 X200.781 Y253.150 E16.10466 ; perimeter
G1 Z119.435 X196.938 Y253.588 E16.10835 ; perimeter
G1 Z119.447 X193.078 Y253.824 E16.10555 ; perimeter
G1 Z119.460 X189.211 Y253.858 E16.10531 ; perimeter
G1 Z119.472 X185.347 Y253.689 E16.10757 ; perimeter
G1 Z119.485 X181.528 Y253.322 E15.97805 ; perimeter
G1 Z119.506 X175.142 Y252.253 E26.96548 ; perimeter
G1 Z119.527 X168.874 Y250.632 E26.96279 ; perimeter
G1 Z119.539 X165.235 Y249.414 E15.98154 ; perimeter
G1 Z119.552 X161.637 Y247.997 E16.10456 ; perimeter
G1 Z119.564 X158.118 Y246.393 E16.10605 ; perimeter
G1 Z119.577 X154.715 Y244.622 E15.97664 ; perimeter
G1 Z119.598 X149.168 Y241.223 E27.09335 ; perimeter
G1 Z119.610 X146.044 Y238.995 E15.98021 ; perimeter
G1 Z119.622 X143.018 Y236.587 E16.10547 ; perimeter
G1 Z119.635 X140.121 Y234.025 E16.10617 ; perimeter
G1 Z119.647 X137.385 Y231.335 E15.97932 ; perimeter
G1 Z119.668 X133.074 Y226.463 E27.09296 ; perimeter
G1 Z119.681 X130.738 Y223.419 E15.97989 ; perimeter
G1 Z119.693 X128.548 Y220.232 E16.10435 ; perimeter
G1 Z119.718 X124.777 Y213.716 E31.35566 ; perimeter
G1 Z119.739 X122.011 Y207.669 E27.69121 ; perimeter
G1 Z119.760 X119.850 Y201.568 E26.95530 ; perimeter
G1 Z119.772 X118.825 Y197.871 E15.97750 ; perimeter
G1 Z119.785 X117.988 Y194.095 E16.10742 ; perimeter
G1 Z119.797 X117.350 Y190.281 E16.10466 ; perimeter
G1 Z119.810 X116.912 Y186.438 E16.10829 ; perimeter
G1 Z119.822 X116.676 Y182.578 E16.10561 ; perimeter
G1 Z119.835 X116.642 Y178.711 E16.10531 ; perimeter
G1 Z119.859 X117.159 Y171.200 E31.35461 ; perimeter
G1 Z119.881 X118.253 Y164.610 E27.82066 ; perimeter
G1 Z119.905 X120.186 Y157.367 E31.22022 ; perimeter
G1 Z119.927 X122.517 Y151.107 E27.81944 ; perimeter
G1 Z119.939 X124.107 Y147.618 E15.96815 ; perimeter
G1 Z119.952 X125.892 Y144.187 E16.10700 ; perimeter
G1 Z119.976 X129.875 Y137.798 E31.35498 ; perimeter
G1 Z119.998 X133.935 Y132.493 E27.82116 ; perimeter
G1 Z120.000 X134.441 Y131.921 E3.18049 ; perimeter
;LAYER_CHANGE
;Z:121.5
;HEIGHT:1.5
G1 Z120.000 F960 ; simple layer change
G1 F2400
G1 Z120.010 X136.475 Y129.621 E12.78699 ; perimeter
G1 Z120.022 X139.165 Y126.885 E15.97932 ; perimeter
G1 Z120.043 X144.037 Y122.574 E27.09298 ; perimeter
G1 Z120.056 X147.081 Y120.238 E15.97989 ; perimeter
G1 Z120.068 X150.268 Y118.048 E16.10433 ; perimeter
G1 Z120.093 X156.797 Y114.270 E31.41508 ; perimeter
G1 Z120.114 X162.831 Y111.511 E27.63175 ; perimeter
G1 Z120.135 X168.932 Y109.350 E26.95536 ; perimeter
G1 Z120.147 X172.629 Y108.325 E15.97750 ; perimeter
G1 Z120.160 X176.405 Y107.488 E16.10742 ; perimeter
G1 Z120.172 X180.219 Y106.850 E16.10466 ; perimeter
G1 Z120.185 X184.062 Y106.412 E16.10829 ; perimeter
G1 Z120.209 X191.600 Y106.142 E31.41321 ; perimeter
G1 Z120.231 X198.254 Y106.540 E27.76128 ; perimeter
G1 Z120.243 X202.056 Y107.040 E15.97032 ; perimeter
G1 Z120.256 X205.858 Y107.745 E16.10391 ; perimeter
G1 Z120.268 X209.598 Y108.725 E16.10342 ; perimeter
G1 Z120.281 X213.295 Y109.744 E15.97044 ; perimeter
G1 Z120.302 X219.391 Y112.016 E27.09219 ; perimeter
G1 Z120.326 X226.146 Y115.303 E31.28584 ; perimeter
G1 Z120.348 X231.834 Y118.779 E27.76153 ; perimeter
G1 Z120.360 X234.956 Y121.005 E15.96858 ; perimeter
G1 Z120.372 X237.982 Y123.413 E16.10549 ; perimeter
G1 Z120.385 X240.879 Y125.975 E16.10613 ; perimeter
G1 Z120.397 X243.615 Y128.665 E15.97934 ; perimeter
G1 Z120.418 X247.926 Y133.537 E27.09296 ; perimeter
G1 Z120.431 X250.261 Y136.581 E15.97739 ; perimeter
G1 Z120.443 X252.452 Y139.768 E16.10667 ; perimeter
G1 Z120.468 X256.230 Y146.297 E31.41515 ; perimeter
G1 Z120.489 X259.002 Y152.359 E27.76035 ; perimeter
G1 Z120.502 X260.345 Y155.951 E15.97075 ; perimeter
G1 Z120.514 X261.508 Y159.639 E16.10480 ; perimeter
G1 Z120.527 X262.476 Y163.383 E16.10515 ; perimeter
G1 Z120.539 X263.241 Y167.143 E15.97986 ; perimeter
G1 Z120.560 X264.090 Y173.592 E27.08962 ; perimeter
G1 Z120.572 X264.324 Y177.422 E15.98027 ; perimeter
G1 Z120.585 X264.358 Y181.289 E16.10531 ; perimeter
G1 Z120.597 X264.189 Y185.153 E16.10757 ; perimeter
G1 Z120.610 X263.822 Y188.972 E15.97800 ; perimeter
G1 Z120.631 X262.748 Y195.388 E27.09218 ; perimeter
G1 Z120.643 X261.852 Y199.119 E15.98007 ; perimeter
G1 Z120.656 X260.754 Y202.827 E16.10532 ; perimeter
G1 Z120.668 X259.463 Y206.472 E16.10415 ; perimeter
G1 Z120.681 X257.995 Y210.017 E15.97946 ; perimeter
G1 Z120.702 X255.092 Y215.839 E27.09360 ; perimeter
G1 Z120.714 X253.145 Y219.145 E15.97862 ; perimeter
G1 Z120.726 X251.027 Y222.344 E15.97806 ; perimeter
G1 Z120.748 X247.067 Y227.505 E27.09182 ; perimeter
G1 Z120.760 X244.525 Y230.379 E15.97924 ; perimeter
G1 Z120.772 X241.814 Y233.137 E16.10597 ; perimeter
G1 Z120.785 X238.963 Y235.750 E16.10591 ; perimeter
G1 Z120.797 X236.002 Y238.190 E15.97896 ; perimeter
G1 Z120.818 X230.706 Y241.968 E27.09290 ; perimeter
G1 Z120.831 X227.435 Y243.973 E15.97809 ; perimeter
G1 Z120.843 X224.063 Y245.803 E15.97790 ; perimeter
G1 Z120.864 X218.171 Y248.488 E26.96587 ; perimeter
G1 Z120.885 X212.068 Y250.650 E26.96454 ; perimeter
G1 Z120.897 X208.371 Y251.675 E15.97748 ; perimeter
G1 Z120.910 X204.595 Y252.512 E16.10743 ; perimeter
G1 Z120.922 X200.781 Y253.150 E16.10466 ; perimeter
G1 Z120.935 X196.938 Y253.588 E16.10835 ; perimeter
G1 Z120.947 X193.078 Y253.824 E16.10555 ; perimeter
G1 Z120.960 X189.211 Y253.858 E16.10531 ; perimeter
G1 Z120.972 X185.347 Y253.689 E16.10757 ; perimeter
G1 Z120.985 X181.528 Y253.322 E15.97806 ; perimeter
G1 Z121.006 X175.142 Y252.253 E26.96546 ; perimeter
G1 Z121.027 X168.874 Y250.632 E26.96283 ; perimeter
G1 Z121.039 X165.235 Y249.414 E15.98152 ; perimeter
G1 Z121.052 X161.637 Y247.997 E16.10456 ; perimeter
G1 Z121.064 X158.118 Y246.393 E16.10605 ; perimeter
G1 Z121.077 X154.715 Y244.622 E15.97664 ; perimeter
G1 Z121.098 X149.168 Y241.223 E27.09341 ; perimeter
G1 Z121.110 X146.044 Y238.995 E15.98013 ; perimeter
G1 Z121.122 X143.018 Y236.587 E16.10547 ; perimeter
G1 Z121.135 X140.121 Y234.025 E16.10617 ; perimeter
G1 Z121.147 X137.385 Y231.335 E15.97932 ; perimeter
G1 Z121.168 X133.074 Y226.463 E27.09296 ; perimeter
G1 Z121.181 X130.738 Y223.419 E15.97989 ; perimeter
G1 Z121.193 X128.548 Y220.232 E16.10435 ; perimeter
G1 Z121.218 X124.770 Y213.703 E31.41508 ; perimeter
G1 Z121.239 X122.011 Y207.669 E27.63181 ; perimeter
G1 Z121.260 X119.850 Y201.568 E26.95530 ; perimeter
G1 Z121.272 X118.825 Y197.871 E15.97750 ; perimeter
G1 Z121.285 X117.988 Y194.095 E16.10741 ; perimeter
G1 Z121.297 X117.350 Y190.281 E16.10466 ; perimeter
G1 Z121.310 X116.912 Y186.438 E16.10835 ; perimeter
G1 Z121.322 X116.676 Y182.578 E16.10555 ; perimeter
G1 Z121.335 X116.642 Y178.711 E16.10531 ; perimeter
G1 Z121.359 X117.160 Y171.185 E31.41718 ; perimeter
G1 Z121.381 X118.253 Y164.610 E27.75834 ; perimeter
G1 Z121.405 X120.190 Y157.353 E31.28084 ; perimeter
G1 Z121.427 X122.517 Y151.107 E27.75902 ; perimeter
G1 Z121.439 X124.107 Y147.618 E15.96815 ; perimeter
G1 Z121.452 X125.892 Y144.187 E16.10700 ; perimeter
G1 Z121.476 X129.883 Y137.786 E31.41506 ; perimeter
G1 Z121.498 X133.935 Y132.493 E27.76117 ; perimeter
G1 Z121.500 X134.441 Y131.921 E3.18049 ; perimeter
;LAYER_CHANGE
;Z:123
;HEIGHT:1.5
G1 Z121.500 F960 ; simple layer change
G1 F2400
G1 Z121.510 X136.475 Y129.621 E12.78699 ; perimeter
G1 Z121.522 X139.165 Y126.885 E15.97934 ; perimeter
G1 Z121.543 X144.037 Y122.574 E27.09294 ; perimeter
G1 Z121.556 X147.081 Y120.238 E15.97987 ; perimeter
G1 Z121.568 X150.268 Y118.048 E16.10435 ; perimeter
G1 Z121.593 X156.810 Y114.264 E31.47621 ; perimeter
G1 Z121.614 X162.831 Y111.511 E27.57045 ; perimeter
G1 Z121.635 X168.932 Y109.350 E26.95530 ; perimeter
G1 Z121.647 X172.629 Y108.325 E15.97750 ; perimeter
G1 Z121.660 X176.405 Y107.488 E16.10741 ; perimeter
G1 Z121.672 X180.219 Y106.850 E16.10466 ; perimeter
G1 Z121.685 X184.062 Y106.412 E16.10835 ; perimeter
G1 Z121.709 X191.615 Y106.142 E31.47544 ; perimeter
G1 Z121.731 X198.254 Y106.540 E27.69903 ; perimeter
G1 Z121.743 X202.056 Y107.040 E15.97032 ; perimeter
G1 Z121.756 X205.858 Y107.745 E16.10391 ; perimeter
G1 Z121.768 X209.619 Y108.648 E16.10830 ; perimeter
G1 Z121.781 X213.298 Y109.737 E15.97893 ; perimeter
G1 Z121.802 X219.391 Y112.016 E27.09220 ; perimeter
G1 Z121.814 X222.848 Y113.676 E15.97246 ; perimeter
G1 Z121.826 X226.282 Y115.384 E15.96891 ; perimeter
G1 Z121.848 X231.832 Y118.777 E27.09328 ; perimeter
G1 Z121.860 X234.956 Y121.005 E15.98007 ; perimeter
G1 Z121.872 X237.982 Y123.413 E16.10543 ; perimeter
G1 Z121.885 X240.879 Y125.975 E16.10617 ; perimeter
G1 Z121.897 X243.615 Y128.665 E15.97934 ; perimeter
G1 Z121.918 X247.926 Y133.537 E27.09300 ; perimeter
G1 Z121.931 X250.261 Y136.581 E15.97727 ; perimeter
G1 Z121.943 X252.452 Y139.768 E16.10675 ; perimeter
G1 Z121.968 X256.236 Y146.310 E31.47634 ; perimeter
G1 Z121.989 X259.002 Y152.359 E27.69891 ; perimeter
G1 Z122.002 X260.345 Y155.951 E15.97087 ; perimeter
G1 Z122.014 X261.508 Y159.639 E16.10480 ; perimeter
G1 Z122.027 X262.476 Y163.383 E16.10515 ; perimeter
G1 Z122.039 X263.241 Y167.143 E15.97991 ; perimeter
G1 Z122.060 X264.090 Y173.592 E27.08953 ; perimeter
G1 Z122.072 X264.324 Y177.422 E15.98033 ; perimeter
G1 Z122.085 X264.358 Y181.289 E16.10531 ; perimeter
G1 Z122.097 X264.189 Y185.153 E16.10757 ; perimeter
G1 Z122.110 X263.822 Y188.972 E15.97805 ; perimeter
G1 Z122.131 X262.748 Y195.388 E27.09214 ; perimeter
G1 Z122.143 X261.852 Y199.119 E15.98007 ; perimeter
G1 Z122.156 X260.754 Y202.827 E16.10532 ; perimeter
G1 Z122.168 X259.463 Y206.472 E16.10421 ; perimeter
G1 Z122.181 X257.995 Y210.017 E15.97940 ; perimeter
G1 Z122.202 X255.092 Y215.839 E27.09360 ; perimeter
G1 Z122.214 X253.145 Y219.145 E15.97859 ; perimeter
G1 Z122.226 X251.027 Y222.344 E15.97809 ; perimeter
G1 Z122.248 X247.067 Y227.505 E27.09186 ; perimeter
G1 Z122.260 X244.525 Y230.379 E15.97920 ; perimeter
G1 Z122.272 X241.814 Y233.137 E16.10597 ; perimeter
G1 Z122.285 X238.963 Y235.750 E16.10591 ; perimeter
G1 Z122.297 X236.002 Y238.190 E15.97896 ; perimeter
G1 Z122.318 X230.706 Y241.968 E27.09294 ; perimeter
G1 Z122.331 X227.435 Y243.973 E15.97806 ; perimeter
G1 Z122.343 X224.063 Y245.803 E15.97790 ; perimeter
G1 Z122.364 X218.171 Y248.488 E26.96587 ; perimeter
G1 Z122.385 X212.068 Y250.650 E26.96454 ; perimeter
G1 Z122.397 X208.371 Y251.675 E15.97750 ; perimeter
G1 Z122.410 X204.595 Y252.512 E16.10741 ; perimeter
G1 Z122.422 X200.781 Y253.150 E16.10466 ; perimeter
G1 Z122.435 X196.938 Y253.588 E16.10836 ; perimeter
G1 Z122.447 X193.078 Y253.824 E16.10555 ; perimeter
G1 Z122.460 X189.211 Y253.858 E16.10531 ; perimeter
G1 Z122.472 X185.347 Y253.689 E16.10757 ; perimeter
G1 Z122.485 X181.528 Y253.322 E15.97804 ; perimeter
G1 Z122.506 X175.142 Y252.253 E26.96549 ; perimeter
G1 Z122.527 X168.874 Y250.632 E26.96281 ; perimeter
G1 Z122.539 X165.235 Y249.414 E15.98152 ; perimeter
G1 Z122.552 X161.637 Y247.997 E16.10458 ; perimeter
G1 Z122.564 X158.118 Y246.393 E16.10602 ; perimeter
G1 Z122.576 X154.715 Y244.622 E15.97667 ; perimeter
G1 Z122.598 X149.168 Y241.223 E27.09338 ; perimeter
G1 Z122.610 X146.044 Y238.995 E15.98013 ; perimeter
G1 Z122.622 X143.018 Y236.587 E16.10547 ; perimeter
G1 Z122.635 X140.121 Y234.025 E16.10617 ; perimeter
G1 Z122.647 X137.385 Y231.335 E15.97932 ; perimeter
G1 Z122.668 X133.074 Y226.463 E27.09296 ; perimeter
G1 Z122.681 X130.738 Y223.419 E15.97989 ; perimeter
G1 Z122.693 X128.548 Y220.232 E16.10435 ; perimeter
G1 Z122.706 X126.544 Y216.925 E16.10337 ; perimeter
G1 Z122.718 X124.698 Y213.562 E15.97546 ; perimeter
G1 Z122.739 X122.012 Y207.671 E26.96589 ; perimeter
G1 Z122.760 X119.850 Y201.568 E26.96452 ; perimeter
G1 Z122.772 X118.825 Y197.871 E15.97751 ; perimeter
G1 Z122.785 X117.988 Y194.095 E16.10740 ; perimeter
G1 Z122.797 X117.350 Y190.281 E16.10467 ; perimeter
G1 Z122.810 X116.912 Y186.438 E16.10829 ; perimeter
G1 Z122.822 X116.676 Y182.578 E16.10561 ; perimeter
G1 Z122.835 X116.642 Y178.741 E15.98037 ; perimeter
G1 Z122.856 X117.044 Y172.248 E27.09137 ; perimeter
G1 Z122.868 X117.546 Y168.445 E15.97700 ; perimeter
G1 Z122.881 X118.245 Y164.642 E16.10349 ; perimeter
G1 Z122.905 X120.194 Y157.340 E31.47469 ; perimeter
G1 Z122.927 X122.516 Y151.107 E27.70104 ; perimeter
G1 Z122.939 X124.107 Y147.618 E15.96989 ; perimeter
G1 Z122.952 X125.892 Y144.187 E16.10699 ; perimeter
G1 Z122.976 X129.891 Y137.774 E31.47510 ; perimeter
G1 Z122.998 X133.934 Y132.493 E27.69871 ; perimeter
G1 Z123.000 X134.441 Y131.921 E3.18325 ; perimeter
;LAYER_CHANGE
;Z:124.5
;HEIGHT:1.5
G1 Z123.000 F960 ; simple layer change
G1 F2400
G1 Z123.010 X136.475 Y129.621 E12.78699 ; perimeter
G1 Z123.022 X139.165 Y126.885 E15.97932 ; perimeter
G1 Z123.043 X144.037 Y122.574 E27.09298 ; perimeter
G1 Z123.056 X147.081 Y120.238 E15.97984 ; perimeter
G1 Z123.068 X150.268 Y118.048 E16.10438 ; perimeter
G1 Z123.093 X156.823 Y114.257 E31.53395 ; perimeter
G1 Z123.114 X162.831 Y111.511 E27.51283 ; perimeter
G1 Z123.135 X168.932 Y109.350 E26.95531 ; perimeter
G1 Z123.147 X172.629 Y108.325 E15.97749 ; perimeter
G1 Z123.160 X176.405 Y107.488 E16.10747 ; perimeter
G1 Z123.172 X180.219 Y106.850 E16.10460 ; perimeter
G1 Z123.185 X184.062 Y106.412 E16.10835 ; perimeter
G1 Z123.209 X191.629 Y106.142 E31.53378 ; perimeter
G1 Z123.231 X198.253 Y106.540 E27.63660 ; perimeter
G1 Z123.243 X202.056 Y107.040 E15.97447 ; perimeter
G1 Z123.256 X205.858 Y107.745 E16.10390 ; perimeter
G1 Z123.280 X213.174 Y109.700 E31.53644 ; perimeter
G1 Z123.302 X219.392 Y112.016 E27.63479 ; perimeter
G1 Z123.326 X226.171 Y115.318 E31.40492 ; perimeter
G1 Z123.348 X231.834 Y118.778 E27.63624 ; perimeter
G1 Z123.360 X234.956 Y121.005 E15.97090 ; perimeter
G1 Z123.372 X237.982 Y123.413 E16.10547 ; perimeter
G1 Z123.385 X240.879 Y125.975 E16.10615 ; perimeter
G1 Z123.397 X243.615 Y128.665 E15.97934 ; perimeter
G1 Z123.418 X247.926 Y133.537 E27.09296 ; perimeter
G1 Z123.431 X250.261 Y136.581 E15.97739 ; perimeter
G1 Z123.443 X252.452 Y139.768 E16.10667 ; perimeter
G1 Z123.456 X254.414 Y143.099 E16.10053 ; perimeter
G1 Z123.468 X256.298 Y146.439 E15.97083 ; perimeter
G1 Z123.489 X259.001 Y152.357 E27.09450 ; perimeter
G1 Z123.502 X260.345 Y155.951 E15.98004 ; perimeter
G1 Z123.514 X261.508 Y159.639 E16.10480 ; perimeter
G1 Z123.527 X262.476 Y163.383 E16.10515 ; perimeter
G1 Z123.539 X263.241 Y167.143 E15.97988 ; perimeter
G1 Z123.560 X264.090 Y173.592 E27.08961 ; perimeter
G1 Z123.572 X264.324 Y177.422 E15.98027 ; perimeter
G1 Z123.585 X264.358 Y181.289 E16.10531 ; perimeter
G1 Z123.597 X264.189 Y185.153 E16.10757 ; perimeter
G1 Z123.610 X263.822 Y188.972 E15.97805 ; perimeter
G1 Z123.631 X262.748 Y195.388 E27.09214 ; perimeter
G1 Z123.643 X261.852 Y199.119 E15.98007 ; perimeter
G1 Z123.656 X260.754 Y202.827 E16.10532 ; perimeter
G1 Z123.680 X258.045 Y209.898 E31.53378 ; perimeter
G1 Z123.702 X255.091 Y215.840 E27.63730 ; perimeter
G1 Z123.714 X253.145 Y219.145 E15.97295 ; perimeter
G1 Z123.726 X251.027 Y222.344 E15.97809 ; perimeter
G1 Z123.748 X247.067 Y227.505 E27.09178 ; perimeter
G1 Z123.760 X244.525 Y230.379 E15.97924 ; perimeter
G1 Z123.772 X241.814 Y233.137 E16.10597 ; perimeter
G1 Z123.785 X238.963 Y235.750 E16.10591 ; perimeter
G1 Z123.797 X236.002 Y238.190 E15.97896 ; perimeter
G1 Z123.818 X230.706 Y241.968 E27.09286 ; perimeter
G1 Z123.831 X227.435 Y243.973 E15.97809 ; perimeter
G1 Z123.843 X224.063 Y245.803 E15.97793 ; perimeter
G1 Z123.864 X218.171 Y248.488 E26.96587 ; perimeter
G1 Z123.885 X212.068 Y250.650 E26.96454 ; perimeter
G1 Z123.897 X208.371 Y251.675 E15.97750 ; perimeter
G1 Z123.910 X204.595 Y252.512 E16.10741 ; perimeter
G1 Z123.922 X200.781 Y253.150 E16.10466 ; perimeter
G1 Z123.935 X196.938 Y253.588 E16.10835 ; perimeter
G1 Z123.947 X193.078 Y253.824 E16.10555 ; perimeter
G1 Z123.960 X189.211 Y253.858 E16.10531 ; perimeter
G1 Z123.972 X185.347 Y253.689 E16.10757 ; perimeter
G1 Z123.985 X181.528 Y253.322 E15.97804 ; perimeter
G1 Z124.006 X175.142 Y252.253 E26.96549 ; perimeter
G1 Z124.027 X168.874 Y250.632 E26.96281 ; perimeter
G1 Z124.039 X165.235 Y249.414 E15.98152 ; perimeter
G1 Z124.052 X161.637 Y247.997 E16.10458 ; perimeter
G1 Z124.064 X158.118 Y246.393 E16.10602 ; perimeter
G1 Z124.076 X154.715 Y244.622 E15.97667 ; perimeter
G1 Z124.098 X149.168 Y241.223 E27.09335 ; perimeter
G1 Z124.110 X146.044 Y238.995 E15.98017 ; perimeter
G1 Z124.122 X143.018 Y236.587 E16.10547 ; perimeter
G1 Z124.135 X140.121 Y234.025 E16.10617 ; perimeter
G1 Z124.147 X137.385 Y231.335 E15.97936 ; perimeter
G1 Z124.168 X133.074 Y226.463 E27.09286 ; perimeter
G1 Z124.181 X130.738 Y223.419 E15.97994 ; perimeter
G1 Z124.193 X128.548 Y220.232 E16.10435 ; perimeter
G1 Z124.206 X126.527 Y216.935 E16.10520 ; perimeter
G1 Z124.218 X124.697 Y213.563 E15.97796 ; perimeter
G1 Z124.239 X122.012 Y207.671 E26.96584 ; perimeter
G1 Z124.260 X119.850 Y201.568 E26.96454 ; perimeter
G1 Z124.272 X118.825 Y197.871 E15.97750 ; perimeter
G1 Z124.285 X117.988 Y194.095 E16.10741 ; perimeter
G1 Z124.297 X117.350 Y190.281 E16.10466 ; perimeter
G1 Z124.310 X116.912 Y186.438 E16.10835 ; perimeter
G1 Z124.322 X116.676 Y182.578 E16.10555 ; perimeter
G1 Z124.335 X116.642 Y178.711 E16.10524 ; perimeter
G1 Z124.359 X117.166 Y171.157 E31.53430 ; perimeter
G1 Z124.381 X118.252 Y164.610 E27.63959 ; perimeter
G1 Z124.405 X120.199 Y157.326 E31.40029 ; perimeter
G1 Z124.427 X122.516 Y151.108 E27.63515 ; perimeter
G1 Z124.439 X124.107 Y147.618 E15.97370 ; perimeter
G1 Z124.452 X125.892 Y144.187 E16.10700 ; perimeter
G1 Z124.476 X129.900 Y137.762 E31.53726 ; perimeter
G1 Z124.498 X133.934 Y132.493 E27.63633 ; perimeter
G1 Z124.500 X134.441 Y131.921 E3.18325 ; perimeter
;LAYER_CHANGE
;Z:126
;HEIGHT:1.5
G1 Z124.500 F960 ; simple layer change
G1 F2400
G1 Z124.510 X136.475 Y129.621 E12.78699 ; perimeter
G1 Z124.522 X139.165 Y126.885 E15.97934 ; perimeter
G1 Z124.543 X144.037 Y122.574 E27.09294 ; perimeter
G1 Z124.556 X147.081 Y120.238 E15.97989 ; perimeter
G1 Z124.568 X150.268 Y118.048 E16.10435 ; perimeter
G1 Z124.593 X156.835 Y114.250 E31.59377 ; perimeter
G1 Z124.614 X162.830 Y111.511 E27.44938 ; perimeter
G1 Z124.635 X168.932 Y109.350 E26.95917 ; perimeter
G1 Z124.647 X172.629 Y108.325 E15.97750 ; perimeter
G1 Z124.660 X176.405 Y107.488 E16.10741 ; perimeter
G1 Z124.672 X180.219 Y106.850 E16.10466 ; perimeter
G1 Z124.685 X184.062 Y106.412 E16.10835 ; perimeter
G1 Z124.709 X191.644 Y106.142 E31.59613 ; perimeter
G1 Z124.731 X198.253 Y106.540 E27.57433 ; perimeter
G1 Z124.743 X202.056 Y107.040 E15.97445 ; perimeter
G1 Z124.756 X205.858 Y107.745 E16.10390 ; perimeter
G1 Z124.780 X213.188 Y109.704 E31.59684 ; perimeter
G1 Z124.802 X219.392 Y112.016 E27.57473 ; perimeter
G1 Z124.826 X226.184 Y115.324 E31.46271 ; perimeter
G1 Z124.848 X231.833 Y118.778 E27.57527 ; perimeter
G1 Z124.860 X234.956 Y121.005 E15.97448 ; perimeter
G1 Z124.872 X237.982 Y123.413 E16.10554 ; perimeter
G1 Z124.885 X240.879 Y125.975 E16.10610 ; perimeter
G1 Z124.897 X243.615 Y128.665 E15.97936 ; perimeter
G1 Z124.918 X247.926 Y133.537 E27.09292 ; perimeter
G1 Z124.931 X250.261 Y136.581 E15.97735 ; perimeter
G1 Z124.943 X252.452 Y139.768 E16.10671 ; perimeter
G1 Z124.968 X256.249 Y146.336 E31.59368 ; perimeter
G1 Z124.989 X259.002 Y152.358 E27.57747 ; perimeter
G1 Z125.002 X260.345 Y155.951 E15.97477 ; perimeter
G1 Z125.014 X261.508 Y159.639 E16.10474 ; perimeter
G1 Z125.027 X262.476 Y163.383 E16.10515 ; perimeter
G1 Z125.039 X263.241 Y167.143 E15.97988 ; perimeter
G1 Z125.060 X264.090 Y173.592 E27.08953 ; perimeter
G1 Z125.072 X264.324 Y177.422 E15.98034 ; perimeter
G1 Z125.085 X264.358 Y181.289 E16.10531 ; perimeter
G1 Z125.097 X264.189 Y185.153 E16.10758 ; perimeter
G1 Z125.110 X263.822 Y188.972 E15.97805 ; perimeter
G1 Z125.131 X262.748 Y195.388 E27.09214 ; perimeter
G1 Z125.143 X261.852 Y199.119 E15.98007 ; perimeter
G1 Z125.156 X260.754 Y202.827 E16.10532 ; perimeter
G1 Z125.168 X259.412 Y206.453 E16.10005 ; perimeter
G1 Z125.181 X257.991 Y210.015 E15.97358 ; perimeter
G1 Z125.202 X255.092 Y215.839 E27.09356 ; perimeter
G1 Z125.214 X253.145 Y219.145 E15.97855 ; perimeter
G1 Z125.226 X251.027 Y222.344 E15.97807 ; perimeter
G1 Z125.248 X247.067 Y227.505 E27.09182 ; perimeter
G1 Z125.260 X244.525 Y230.379 E15.97924 ; perimeter
G1 Z125.272 X241.814 Y233.137 E16.10597 ; perimeter
G1 Z125.285 X238.963 Y235.750 E16.10591 ; perimeter
G1 Z125.297 X236.002 Y238.190 E15.97896 ; perimeter
G1 Z125.318 X230.706 Y241.968 E27.09294 ; perimeter
G1 Z125.331 X227.435 Y243.973 E15.97806 ; perimeter
G1 Z125.343 X224.063 Y245.803 E15.97793 ; perimeter
G1 Z125.364 X218.171 Y248.488 E26.96584 ; perimeter
G1 Z125.385 X212.068 Y250.650 E26.96454 ; perimeter
G1 Z125.397 X208.371 Y251.675 E15.97750 ; perimeter
G1 Z125.410 X204.595 Y252.512 E16.10741 ; perimeter
G1 Z125.422 X200.781 Y253.150 E16.10466 ; perimeter
G1 Z125.435 X196.938 Y253.588 E16.10835 ; perimeter
G1 Z125.447 X193.078 Y253.824 E16.10555 ; perimeter
G1 Z125.460 X189.211 Y253.858 E16.10531 ; perimeter
G1 Z125.472 X185.347 Y253.689 E16.10757 ; perimeter
G1 Z125.485 X181.528 Y253.322 E15.97805 ; perimeter
G1 Z125.506 X175.142 Y252.253 E26.96548 ; perimeter
G1 Z125.527 X168.874 Y250.632 E26.96279 ; perimeter
G1 Z125.539 X165.235 Y249.414 E15.98154 ; perimeter
G1 Z125.552 X161.637 Y247.997 E16.10456 ; perimeter
G1 Z125.576 X154.816 Y244.676 E31.59323 ; perimeter
G1 Z125.598 X149.167 Y241.222 E27.57735 ; perimeter
G1 Z125.610 X146.044 Y238.995 E15.97432 ; perimeter
G1 Z125.622 X143.018 Y236.587 E16.10547 ; perimeter
G1 Z125.635 X140.121 Y234.025 E16.10617 ; perimeter
G1 Z125.647 X137.385 Y231.335 E15.97936 ; perimeter
G1 Z125.668 X133.074 Y226.463 E27.09291 ; perimeter
G1 Z125.681 X130.738 Y223.419 E15.97989 ; perimeter
G1 Z125.693 X128.548 Y220.232 E16.10435 ; perimeter
G1 Z125.718 X124.750 Y213.665 E31.59382 ; perimeter
G1 Z125.739 X122.011 Y207.670 E27.44928 ; perimeter
G1 Z125.760 X119.850 Y201.568 E26.95919 ; perimeter
G1 Z125.772 X118.825 Y197.871 E15.97750 ; perimeter
G1 Z125.785 X117.988 Y194.095 E16.10741 ; perimeter
G1 Z125.797 X117.350 Y190.281 E16.10466 ; perimeter
G1 Z125.810 X116.912 Y186.438 E16.10835 ; perimeter
G1 Z125.822 X116.676 Y182.578 E16.10555 ; perimeter
G1 Z125.835 X116.642 Y178.741 E15.98037 ; perimeter
G1 Z125.856 X117.044 Y172.248 E27.09141 ; perimeter
G1 Z125.868 X117.546 Y168.445 E15.97694 ; perimeter
G1 Z125.881 X118.245 Y164.642 E16.10347 ; perimeter
G1 Z125.905 X120.203 Y157.312 E31.59713 ; perimeter
G1 Z125.927 X122.516 Y151.108 E27.57469 ; perimeter
G1 Z125.939 X124.107 Y147.618 E15.97367 ; perimeter
G1 Z125.952 X125.892 Y144.187 E16.10700 ; perimeter
G1 Z125.976 X129.908 Y137.751 E31.59381 ; perimeter
G1 Z125.998 X133.934 Y132.494 E27.57635 ; perimeter
G1 Z126.000 X134.441 Y131.921 E3.18637 ; perimeter
;LAYER_CHANGE
;Z:127.5
;HEIGHT:1.5
G1 Z126.000 F960 ; simple layer change
G1 F2400
G1 Z126.010 X136.475 Y129.621 E12.78699 ; perimeter
G1 Z126.022 X139.165 Y126.885 E15.97934 ; perimeter
G1 Z126.043 X144.037 Y122.574 E27.09294 ; perimeter
G1 Z126.056 X147.081 Y120.238 E15.97989 ; perimeter
G1 Z126.068 X150.268 Y118.048 E16.10435 ; perimeter
G1 Z126.093 X156.848 Y114.244 E31.65492 ; perimeter
G1 Z126.114 X162.830 Y111.511 E27.38807 ; perimeter
G1 Z126.135 X168.932 Y109.350 E26.95923 ; perimeter
G1 Z126.147 X172.629 Y108.325 E15.97750 ; perimeter
G1 Z126.160 X176.405 Y107.488 E16.10741 ; perimeter
G1 Z126.172 X180.219 Y106.850 E16.10466 ; perimeter
G1 Z126.185 X184.062 Y106.412 E16.10835 ; perimeter
G1 Z126.209 X191.658 Y106.142 E31.65447 ; perimeter
G1 Z126.231 X198.253 Y106.540 E27.51607 ; perimeter
G1 Z126.243 X202.056 Y107.040 E15.97445 ; perimeter
G1 Z126.256 X205.858 Y107.745 E16.10390 ; perimeter
G1 Z126.280 X213.202 Y109.708 E31.65746 ; perimeter
G1 Z126.302 X219.392 Y112.016 E27.51427 ; perimeter
G1 Z126.326 X226.196 Y115.331 E31.52190 ; perimeter
G1 Z126.348 X231.833 Y118.778 E27.51607 ; perimeter
G1 Z126.360 X234.956 Y121.005 E15.97436 ; perimeter
G1 Z126.372 X237.982 Y123.413 E16.10549 ; perimeter
G1 Z126.385 X240.879 Y125.975 E16.10615 ; perimeter
G1 Z126.397 X243.615 Y128.665 E15.97932 ; perimeter
G1 Z126.418 X247.926 Y133.537 E27.09296 ; perimeter
G1 Z126.431 X250.261 Y136.581 E15.97735 ; perimeter
G1 Z126.443 X252.452 Y139.768 E16.10671 ; perimeter
G1 Z126.468 X256.256 Y146.348 E31.65499 ; perimeter
G1 Z126.489 X259.002 Y152.358 E27.51668 ; perimeter
G1 Z126.502 X260.345 Y155.951 E15.97471 ; perimeter
G1 Z126.514 X261.508 Y159.639 E16.10480 ; perimeter
G1 Z126.527 X262.476 Y163.383 E16.10515 ; perimeter
G1 Z126.539 X263.241 Y167.143 E15.97988 ; perimeter
G1 Z126.560 X264.090 Y173.592 E27.08948 ; perimeter
G1 Z126.572 X264.324 Y177.422 E15.98039 ; perimeter
G1 Z126.585 X264.358 Y181.289 E16.10531 ; perimeter
G1 Z126.597 X264.189 Y185.153 E16.10757 ; perimeter
G1 Z126.610 X263.822 Y188.972 E15.97805 ; perimeter
G1 Z126.631 X262.748 Y195.388 E27.09214 ; perimeter
G1 Z126.643 X261.852 Y199.119 E15.98007 ; perimeter
G1 Z126.656 X260.754 Y202.827 E16.10532 ; perimeter
G1 Z126.668 X259.463 Y206.472 E16.10415 ; perimeter
G1 Z126.681 X257.995 Y210.017 E15.97946 ; perimeter
G1 Z126.702 X255.092 Y215.839 E27.09357 ; perimeter
G1 Z126.714 X253.145 Y219.145 E15.97861 ; perimeter
G1 Z126.726 X251.027 Y222.344 E15.97809 ; perimeter
G1 Z126.748 X247.067 Y227.505 E27.09182 ; perimeter
G1 Z126.760 X244.525 Y230.379 E15.97924 ; perimeter
G1 Z126.772 X241.814 Y233.137 E16.10597 ; perimeter
G1 Z126.785 X238.963 Y235.750 E16.10591 ; perimeter
G1 Z126.797 X236.002 Y238.190 E15.97896 ; perimeter
G1 Z126.818 X230.706 Y241.968 E27.09286 ; perimeter
G1 Z126.831 X227.435 Y243.973 E15.97806 ; perimeter
G1 Z126.843 X224.063 Y245.803 E15.97799 ; perimeter
G1 Z126.864 X218.171 Y248.488 E26.96584 ; perimeter
G1 Z126.885 X212.068 Y250.650 E26.96454 ; perimeter
G1 Z126.897 X208.371 Y251.675 E15.97750 ; perimeter
G1 Z126.910 X204.595 Y252.512 E16.10741 ; perimeter
G1 Z126.922 X200.781 Y253.150 E16.10466 ; perimeter
G1 Z126.935 X196.938 Y253.588 E16.10835 ; perimeter
G1 Z126.947 X193.078 Y253.824 E16.10555 ; perimeter
G1 Z126.960 X189.211 Y253.858 E16.10531 ; perimeter
G1 Z126.972 X185.347 Y253.689 E16.10757 ; perimeter
G1 Z126.985 X181.528 Y253.322 E15.97805 ; perimeter
G1 Z127.006 X175.142 Y252.253 E26.96548 ; perimeter
G1 Z127.027 X168.874 Y250.632 E26.96279 ; perimeter
G1 Z127.039 X165.235 Y249.414 E15.98154 ; perimeter
G1 Z127.052 X161.637 Y247.997 E16.10456 ; perimeter
G1 Z127.064 X158.130 Y246.367 E16.10353 ; perimeter
G1 Z127.077 X154.716 Y244.621 E15.97332 ; perimeter
G1 Z127.098 X149.168 Y241.223 E27.09340 ; perimeter
G1 Z127.110 X146.044 Y238.995 E15.98014 ; perimeter
G1 Z127.122 X143.018 Y236.587 E16.10547 ; perimeter
G1 Z127.135 X140.121 Y234.025 E16.10617 ; perimeter
G1 Z127.147 X137.385 Y231.335 E15.97932 ; perimeter
G1 Z127.168 X133.074 Y226.463 E27.09296 ; perimeter
G1 Z127.181 X130.738 Y223.419 E15.97989 ; perimeter
G1 Z127.193 X128.548 Y220.232 E16.10435 ; perimeter
G1 Z127.218 X124.743 Y213.652 E31.65519 ; perimeter
G1 Z127.239 X122.011 Y207.670 E27.38809 ; perimeter
G1 Z127.260 X119.850 Y201.568 E26.95923 ; perimeter
G1 Z127.272 X118.825 Y197.871 E15.97750 ; perimeter
G1 Z127.285 X117.988 Y194.095 E16.10741 ; perimeter
G1 Z127.297 X117.350 Y190.281 E16.10466 ; perimeter
G1 Z127.310 X116.912 Y186.438 E16.10835 ; perimeter
G1 Z127.322 X116.676 Y182.578 E16.10555 ; perimeter
G1 Z127.335 X116.642 Y178.711 E16.10530 ; perimeter
G1 Z127.360 X117.169 Y171.128 E31.65561 ; perimeter
G1 Z127.381 X118.252 Y164.611 E27.51422 ; perimeter
G1 Z127.405 X120.207 Y157.298 E31.52555 ; perimeter
G1 Z127.427 X122.516 Y151.108 E27.51430 ; perimeter
G1 Z127.439 X124.107 Y147.618 E15.97367 ; perimeter
G1 Z127.452 X125.892 Y144.187 E16.10700 ; perimeter
G1 Z127.476 X129.916 Y137.739 E31.65383 ; perimeter
G1 Z127.498 X133.934 Y132.494 E27.51642 ; perimeter
G1 Z127.500 X134.441 Y131.921 E3.18637 ; perimeter
;LAYER_CHANGE
;Z:129
;HEIGHT:1.5
G1 Z127.500 F960 ; simple layer change
G1 F2400
G1 Z127.510 X136.475 Y129.621 E12.78694 ; perimeter
G1 Z127.522 X139.165 Y126.885 E15.97939 ; perimeter
G1 Z127.543 X144.037 Y122.574 E27.09294 ; perimeter
G1 Z127.556 X147.081 Y120.238 E15.97989 ; perimeter
G1 Z127.568 X150.268 Y118.048 E16.10431 ; perimeter
G1 Z127.593 X156.861 Y114.237 E31.71642 ; perimeter
G1 Z127.614 X162.830 Y111.511 E27.32671 ; perimeter
G1 Z127.635 X168.932 Y109.350 E26.95924 ; perimeter
G1 Z127.647 X172.629 Y108.325 E15.97749 ; perimeter
G1 Z127.660 X176.405 Y107.488 E16.10740 ; perimeter
G1 Z127.672 X180.219 Y106.850 E16.10467 ; perimeter
G1 Z127.685 X184.062 Y106.412 E16.10829 ; perimeter
G1 Z127.710 X191.673 Y106.142 E31.71689 ; perimeter
G1 Z127.731 X198.253 Y106.540 E27.45376 ; perimeter
G1 Z127.743 X202.056 Y107.040 E15.97445 ; perimeter
G1 Z127.756 X205.858 Y107.745 E16.10391 ; perimeter
G1 Z127.768 X209.598 Y108.726 E16.10337 ; perimeter
G1 Z127.781 X213.296 Y109.741 E15.97169 ; perimeter
G1 Z127.802 X219.391 Y112.016 E27.09218 ; perimeter
G1 Z127.814 X222.848 Y113.676 E15.97257 ; perimeter
G1 Z127.826 X226.283 Y115.381 E15.96988 ; perimeter
G1 Z127.848 X231.832 Y118.777 E27.09338 ; perimeter
G1 Z127.860 X234.956 Y121.005 E15.98003 ; perimeter
G1 Z127.872 X237.982 Y123.413 E16.10542 ; perimeter
G1 Z127.885 X240.879 Y125.975 E16.10624 ; perimeter
G1 Z127.897 X243.615 Y128.665 E15.97932 ; perimeter
G1 Z127.918 X247.926 Y133.537 E27.09296 ; perimeter
G1 Z127.931 X250.261 Y136.581 E15.97731 ; perimeter
G1 Z127.943 X252.452 Y139.768 E16.10675 ; perimeter
G1 Z127.968 X256.263 Y146.361 E31.71638 ; perimeter
G1 Z127.989 X259.002 Y152.358 E27.45537 ; perimeter
G1 Z128.002 X260.345 Y155.951 E15.97471 ; perimeter
G1 Z128.014 X261.508 Y159.639 E16.10480 ; perimeter
G1 Z128.027 X262.476 Y163.383 E16.10515 ; perimeter
G1 Z128.039 X263.241 Y167.143 E15.97986 ; perimeter
G1 Z128.060 X264.090 Y173.592 E27.08956 ; perimeter
G1 Z128.072 X264.324 Y177.422 E15.98033 ; perimeter
G1 Z128.085 X264.358 Y181.289 E16.10531 ; perimeter
G1 Z128.097 X264.189 Y185.153 E16.10751 ; perimeter
G1 Z128.110 X263.822 Y188.972 E15.97810 ; perimeter
G1 Z128.131 X262.748 Y195.388 E27.09214 ; perimeter
G1 Z128.143 X261.852 Y199.119 E15.98007 ; perimeter
G1 Z128.156 X260.754 Y202.827 E16.10532 ; perimeter
G1 Z128.168 X259.463 Y206.472 E16.10415 ; perimeter
G1 Z128.181 X257.995 Y210.017 E15.97946 ; perimeter
G1 Z128.202 X255.092 Y215.839 E27.09363 ; perimeter
G1 Z128.214 X253.145 Y219.145 E15.97855 ; perimeter
G1 Z128.227 X251.027 Y222.344 E15.97811 ; perimeter
G1 Z128.248 X247.067 Y227.505 E27.09182 ; perimeter
G1 Z128.260 X244.525 Y230.379 E15.97924 ; perimeter
G1 Z128.272 X241.814 Y233.137 E16.10597 ; perimeter
G1 Z128.285 X238.963 Y235.750 E16.10591 ; perimeter
G1 Z128.297 X236.002 Y238.190 E15.97896 ; perimeter
G1 Z128.318 X230.706 Y241.968 E27.09294 ; perimeter
G1 Z128.331 X227.435 Y243.973 E15.97799 ; perimeter
G1 Z128.343 X224.063 Y245.803 E15.97802 ; perimeter
G1 Z128.364 X218.171 Y248.488 E26.96581 ; perimeter
G1 Z128.385 X212.068 Y250.650 E26.96454 ; perimeter
G1 Z128.397 X208.371 Y251.675 E15.97750 ; perimeter
G1 Z128.410 X204.595 Y252.512 E16.10741 ; perimeter
G1 Z128.422 X200.781 Y253.150 E16.10466 ; perimeter
G1 Z128.435 X196.938 Y253.588 E16.10836 ; perimeter
G1 Z128.447 X193.078 Y253.824 E16.10555 ; perimeter
G1 Z128.460 X189.211 Y253.858 E16.10531 ; perimeter
G1 Z128.472 X185.347 Y253.689 E16.10757 ; perimeter
G1 Z128.485 X181.528 Y253.322 E15.97805 ; perimeter
G1 Z128.506 X175.142 Y252.253 E26.96548 ; perimeter
G1 Z128.527 X168.874 Y250.632 E26.96283 ; perimeter
G1 Z128.539 X165.235 Y249.414 E15.98150 ; perimeter
G1 Z128.552 X161.637 Y247.997 E16.10458 ; perimeter
G1 Z128.576 X154.790 Y244.663 E31.71611 ; perimeter
G1 Z128.598 X149.167 Y241.222 E27.45451 ; perimeter
G1 Z128.610 X146.044 Y238.995 E15.97437 ; perimeter
G1 Z128.622 X143.018 Y236.587 E16.10547 ; perimeter
G1 Z128.635 X140.121 Y234.025 E16.10617 ; perimeter
G1 Z128.647 X137.385 Y231.335 E15.97932 ; perimeter
G1 Z128.668 X133.074 Y226.463 E27.09296 ; perimeter
G1 Z128.681 X130.738 Y223.419 E15.97989 ; perimeter
G1 Z128.693 X128.548 Y220.232 E16.10435 ; perimeter
G1 Z128.718 X124.736 Y213.639 E31.71666 ; perimeter
G1 Z128.739 X122.011 Y207.670 E27.32672 ; perimeter
G1 Z128.760 X119.850 Y201.568 E26.95923 ; perimeter
G1 Z128.772 X118.825 Y197.871 E15.97750 ; perimeter
G1 Z128.785 X117.988 Y194.095 E16.10741 ; perimeter
G1 Z128.797 X117.350 Y190.281 E16.10466 ; perimeter
G1 Z128.810 X116.912 Y186.438 E16.10835 ; perimeter
G1 Z128.822 X116.676 Y182.578 E16.10555 ; perimeter
G1 Z128.835 X116.642 Y178.741 E15.98037 ; perimeter
G1 Z128.856 X117.044 Y172.248 E27.09137 ; perimeter
G1 Z128.868 X117.546 Y168.445 E15.97696 ; perimeter
G1 Z128.881 X118.245 Y164.642 E16.10342 ; perimeter
G1 Z128.905 X120.212 Y157.285 E31.71553 ; perimeter
G1 Z128.927 X122.516 Y151.108 E27.45622 ; perimeter
G1 Z128.939 X124.107 Y147.618 E15.97367 ; perimeter
G1 Z128.952 X125.892 Y144.187 E16.10700 ; perimeter
G1 Z128.976 X129.924 Y137.727 E31.71386 ; perimeter
G1 Z128.998 X133.934 Y132.494 E27.45649 ; perimeter
G1 Z129.000 X134.441 Y131.921 E3.18637 ; perimeter
;LAYER_CHANGE
;Z:130.5
;HEIGHT:1.5
G1 Z129.000 F960 ; simple layer change
G1 F2400
G1 Z129.010 X136.475 Y129.621 E12.78694 ; perimeter
G1 Z129.022 X139.165 Y126.885 E15.97937 ; perimeter
G1 Z129.043 X144.037 Y122.574 E27.09296 ; perimeter
G1 Z129.056 X147.081 Y120.238 E15.97984 ; perimeter
G1 Z129.068 X150.268 Y118.048 E16.10440 ; perimeter
G1 Z129.093 X156.874 Y114.230 E31.77611 ; perimeter
G1 Z129.114 X162.830 Y111.511 E27.26709 ; perimeter
G1 Z129.135 X168.932 Y109.350 E26.95921 ; perimeter
G1 Z129.147 X172.629 Y108.325 E15.97751 ; perimeter
G1 Z129.160 X176.405 Y107.488 E16.10741 ; perimeter
G1 Z129.172 X180.219 Y106.850 E16.10467 ; perimeter
G1 Z129.185 X184.062 Y106.412 E16.10835 ; perimeter
G1 Z129.210 X191.687 Y106.142 E31.77547 ; perimeter
G1 Z129.231 X198.253 Y106.540 E27.39493 ; perimeter
G1 Z129.243 X202.056 Y107.040 E15.97472 ; perimeter
G1 Z129.256 X205.828 Y107.739 E15.97652 ; perimeter
G1 Z129.277 X212.121 Y109.385 E27.08960 ; perimeter
G1 Z129.289 X215.745 Y110.638 E15.97167 ; perimeter
G1 Z129.302 X219.362 Y112.005 E16.10229 ; perimeter
G1 Z129.326 X226.222 Y115.345 E31.77304 ; perimeter
G1 Z129.348 X231.833 Y118.778 E27.39659 ; perimeter
G1 Z129.360 X234.956 Y121.005 E15.97437 ; perimeter
G1 Z129.372 X237.982 Y123.413 E16.10538 ; perimeter
G1 Z129.385 X240.879 Y125.975 E16.10631 ; perimeter
G1 Z129.397 X243.615 Y128.665 E15.97930 ; perimeter
G1 Z129.418 X247.926 Y133.537 E27.09292 ; perimeter
G1 Z129.431 X250.261 Y136.581 E15.97735 ; perimeter
G1 Z129.443 X252.452 Y139.768 E16.10671 ; perimeter
G1 Z129.468 X256.270 Y146.374 E31.77604 ; perimeter
G1 Z129.489 X259.002 Y152.358 E27.39402 ; perimeter
G1 Z129.502 X260.345 Y155.951 E15.97632 ; perimeter
G1 Z129.514 X261.508 Y159.639 E16.10480 ; perimeter
G1 Z129.539 X263.227 Y167.072 E31.77364 ; perimeter
G1 Z129.560 X264.090 Y173.593 E27.39371 ; perimeter
G1 Z129.572 X264.324 Y177.422 E15.97617 ; perimeter
G1 Z129.585 X264.358 Y181.289 E16.10531 ; perimeter
G1 Z129.597 X264.189 Y185.153 E16.10751 ; perimeter
G1 Z129.610 X263.822 Y188.972 E15.97818 ; perimeter
G1 Z129.631 X262.748 Y195.388 E27.09208 ; perimeter
G1 Z129.643 X261.852 Y199.119 E15.98007 ; perimeter
G1 Z129.656 X260.754 Y202.827 E16.10532 ; perimeter
G1 Z129.668 X259.463 Y206.472 E16.10415 ; perimeter
G1 Z129.681 X257.995 Y210.017 E15.97946 ; perimeter
G1 Z129.702 X255.092 Y215.839 E27.09360 ; perimeter
G1 Z129.714 X253.145 Y219.145 E15.97864 ; perimeter
G1 Z129.726 X251.027 Y222.344 E15.97807 ; perimeter
G1 Z129.748 X247.067 Y227.505 E27.09174 ; perimeter
G1 Z129.760 X244.525 Y230.379 E15.97928 ; perimeter
G1 Z129.772 X241.814 Y233.137 E16.10597 ; perimeter
G1 Z129.785 X238.963 Y235.750 E16.10591 ; perimeter
G1 Z129.797 X236.002 Y238.190 E15.97896 ; perimeter
G1 Z129.818 X230.706 Y241.968 E27.09294 ; perimeter
G1 Z129.831 X227.435 Y243.973 E15.97803 ; perimeter
G1 Z129.843 X224.063 Y245.803 E15.97796 ; perimeter
G1 Z129.864 X218.171 Y248.488 E26.96584 ; perimeter
G1 Z129.885 X212.068 Y250.650 E26.96454 ; perimeter
G1 Z129.897 X208.371 Y251.675 E15.97750 ; perimeter
G1 Z129.910 X204.595 Y252.512 E16.10741 ; perimeter
G1 Z129.922 X200.781 Y253.150 E16.10466 ; perimeter
G1 Z129.935 X196.938 Y253.588 E16.10836 ; perimeter
G1 Z129.947 X193.078 Y253.824 E16.10555 ; perimeter
G1 Z129.960 X189.211 Y253.858 E16.10531 ; perimeter
G1 Z129.972 X185.347 Y253.689 E16.10757 ; perimeter
G1 Z129.985 X181.528 Y253.322 E15.97805 ; perimeter
G1 Z130.006 X175.142 Y252.253 E26.96548 ; perimeter
G1 Z130.027 X168.874 Y250.632 E26.96283 ; perimeter
G1 Z130.039 X165.235 Y249.414 E15.98150 ; perimeter
G1 Z130.052 X161.637 Y247.997 E16.10456 ; perimeter
G1 Z130.076 X154.778 Y244.656 E31.77383 ; perimeter
G1 Z130.098 X149.167 Y241.222 E27.39688 ; perimeter
G1 Z130.110 X146.044 Y238.995 E15.97432 ; perimeter
G1 Z130.122 X143.018 Y236.587 E16.10547 ; perimeter
G1 Z130.135 X140.121 Y234.025 E16.10617 ; perimeter
G1 Z130.147 X137.385 Y231.335 E15.97928 ; perimeter
G1 Z130.168 X133.074 Y226.463 E27.09301 ; perimeter
G1 Z130.181 X130.738 Y223.419 E15.97989 ; perimeter
G1 Z130.193 X128.548 Y220.232 E16.10435 ; perimeter
G1 Z130.218 X124.730 Y213.626 E31.77608 ; perimeter
G1 Z130.239 X122.011 Y207.670 E27.26718 ; perimeter
G1 Z130.260 X119.850 Y201.568 E26.95917 ; perimeter
G1 Z130.272 X118.825 Y197.871 E15.97750 ; perimeter
G1 Z130.285 X117.988 Y194.095 E16.10741 ; perimeter
G1 Z130.297 X117.350 Y190.281 E16.10466 ; perimeter
G1 Z130.310 X116.912 Y186.438 E16.10835 ; perimeter
G1 Z130.322 X116.676 Y182.578 E16.10555 ; perimeter
G1 Z130.335 X116.642 Y178.711 E16.10524 ; perimeter
G1 Z130.360 X117.172 Y171.099 E31.77698 ; perimeter
G1 Z130.381 X118.252 Y164.611 E27.39311 ; perimeter
G1 Z130.405 X120.216 Y157.271 E31.64386 ; perimeter
G1 Z130.427 X122.516 Y151.108 E27.39578 ; perimeter
G1 Z130.439 X124.107 Y147.618 E15.97367 ; perimeter
G1 Z130.452 X125.892 Y144.187 E16.10700 ; perimeter
G1 Z130.476 X129.932 Y137.715 E31.77390 ; perimeter
G1 Z130.498 X133.934 Y132.494 E27.39655 ; perimeter
G1 Z130.500 X134.441 Y131.921 E3.18637 ; perimeter
;LAYER_CHANGE
;Z:132
;HEIGHT:1.5
G1 Z130.500 F960 ; simple layer change
G1 F2400
G1 Z130.510 X136.475 Y129.621 E12.78699 ; perimeter
G1 Z130.522 X139.165 Y126.885 E15.97932 ; perimeter
G1 Z130.543 X144.037 Y122.574 E27.09296 ; perimeter
G1 Z130.556 X147.081 Y120.238 E15.97989 ; perimeter
G1 Z130.568 X150.268 Y118.048 E16.10433 ; perimeter
G1 Z130.593 X156.887 Y114.224 E31.83348 ; perimeter
G1 Z130.614 X162.830 Y111.511 E27.20955 ; perimeter
G1 Z130.635 X168.932 Y109.350 E26.95918 ; perimeter
G1 Z130.647 X172.629 Y108.325 E15.97750 ; perimeter
G1 Z130.660 X176.405 Y107.488 E16.10742 ; perimeter
G1 Z130.672 X180.219 Y106.850 E16.10466 ; perimeter
G1 Z130.685 X184.062 Y106.412 E16.10841 ; perimeter
G1 Z130.710 X191.701 Y106.143 E31.83323 ; perimeter
G1 Z130.731 X198.252 Y106.539 E27.33263 ; perimeter
G1 Z130.743 X202.056 Y107.040 E15.97915 ; perimeter
G1 Z130.756 X205.858 Y107.746 E16.10356 ; perimeter
G1 Z130.768 X209.605 Y108.703 E16.10595 ; perimeter
G1 Z130.781 X213.292 Y109.754 E15.96876 ; perimeter
G1 Z130.802 X219.391 Y112.016 E27.08951 ; perimeter
G1 Z130.826 X226.235 Y115.352 E31.70655 ; perimeter
G1 Z130.848 X231.833 Y118.778 E27.33530 ; perimeter
G1 Z130.860 X234.956 Y121.005 E15.97439 ; perimeter
G1 Z130.872 X237.982 Y123.413 E16.10551 ; perimeter
G1 Z130.885 X240.879 Y125.975 E16.10613 ; perimeter
G1 Z130.897 X243.615 Y128.665 E15.97934 ; perimeter
G1 Z130.918 X247.926 Y133.537 E27.09296 ; perimeter
G1 Z130.931 X250.261 Y136.581 E15.97735 ; perimeter
G1 Z130.943 X252.452 Y139.768 E16.10671 ; perimeter
G1 Z130.968 X256.276 Y146.386 E31.83354 ; perimeter
G1 Z130.989 X259.001 Y152.357 E27.33259 ; perimeter
G1 Z131.002 X260.345 Y155.951 E15.98001 ; perimeter
G1 Z131.014 X261.508 Y159.639 E16.10480 ; perimeter
G1 Z131.039 X263.230 Y167.087 E31.83726 ; perimeter
G1 Z131.060 X264.090 Y173.593 E27.33022 ; perimeter
G1 Z131.072 X264.324 Y177.422 E15.97624 ; perimeter
G1 Z131.085 X264.358 Y181.289 E16.10531 ; perimeter
G1 Z131.097 X264.189 Y185.153 E16.10758 ; perimeter
G1 Z131.110 X263.822 Y188.972 E15.97805 ; perimeter
G1 Z131.131 X262.748 Y195.388 E27.09214 ; perimeter
G1 Z131.143 X261.852 Y199.119 E15.98001 ; perimeter
G1 Z131.156 X260.754 Y202.827 E16.10538 ; perimeter
G1 Z131.168 X259.463 Y206.472 E16.10415 ; perimeter
G1 Z131.181 X257.995 Y210.017 E15.97946 ; perimeter
G1 Z131.202 X255.092 Y215.839 E27.09354 ; perimeter
G1 Z131.214 X253.145 Y219.145 E15.97868 ; perimeter
G1 Z131.226 X251.027 Y222.344 E15.97809 ; perimeter
G1 Z131.248 X247.067 Y227.505 E27.09174 ; perimeter
G1 Z131.260 X244.525 Y230.379 E15.97928 ; perimeter
G1 Z131.272 X241.814 Y233.137 E16.10597 ; perimeter
G1 Z131.285 X238.963 Y235.750 E16.10591 ; perimeter
G1 Z131.297 X236.002 Y238.190 E15.97896 ; perimeter
G1 Z131.318 X230.706 Y241.968 E27.09286 ; perimeter
G1 Z131.331 X227.435 Y243.973 E15.97809 ; perimeter
G1 Z131.343 X224.063 Y245.803 E15.97793 ; perimeter
G1 Z131.364 X218.171 Y248.488 E26.96587 ; perimeter
G1 Z131.385 X212.068 Y250.650 E26.96454 ; perimeter
G1 Z131.397 X208.371 Y251.675 E15.97750 ; perimeter
G1 Z131.410 X204.595 Y252.512 E16.10741 ; perimeter
G1 Z131.422 X200.781 Y253.150 E16.10466 ; perimeter
G1 Z131.435 X196.938 Y253.588 E16.10835 ; perimeter
G1 Z131.447 X193.078 Y253.824 E16.10555 ; perimeter
G1 Z131.460 X189.211 Y253.858 E16.10531 ; perimeter
G1 Z131.472 X185.347 Y253.689 E16.10757 ; perimeter
G1 Z131.485 X181.528 Y253.322 E15.97806 ; perimeter
G1 Z131.506 X175.142 Y252.253 E26.96547 ; perimeter
G1 Z131.527 X168.874 Y250.632 E26.96281 ; perimeter
G1 Z131.539 X165.235 Y249.414 E15.98152 ; perimeter
G1 Z131.552 X161.637 Y247.997 E16.10458 ; perimeter
G1 Z131.564 X158.131 Y246.367 E16.10338 ; perimeter
G1 Z131.576 X154.716 Y244.621 E15.97360 ; perimeter
G1 Z131.598 X149.168 Y241.223 E27.09336 ; perimeter
G1 Z131.610 X146.044 Y238.995 E15.98014 ; perimeter
G1 Z131.622 X143.018 Y236.587 E16.10547 ; perimeter
G1 Z131.635 X140.121 Y234.025 E16.10617 ; perimeter
G1 Z131.647 X137.385 Y231.335 E15.97928 ; perimeter
G1 Z131.668 X133.074 Y226.463 E27.09296 ; perimeter
G1 Z131.681 X130.738 Y223.419 E15.97994 ; perimeter
G1 Z131.693 X128.548 Y220.232 E16.10435 ; perimeter
G1 Z131.718 X124.723 Y213.614 E31.83384 ; perimeter
G1 Z131.739 X122.011 Y207.670 E27.20954 ; perimeter
G1 Z131.760 X119.850 Y201.568 E26.95923 ; perimeter
G1 Z131.772 X118.825 Y197.871 E15.97750 ; perimeter
G1 Z131.785 X117.988 Y194.095 E16.10741 ; perimeter
G1 Z131.797 X117.350 Y190.281 E16.10466 ; perimeter
G1 Z131.810 X116.912 Y186.438 E16.10835 ; perimeter
G1 Z131.822 X116.676 Y182.578 E16.10555 ; perimeter
G1 Z131.835 X116.642 Y178.741 E15.98037 ; perimeter
G1 Z131.856 X117.044 Y172.248 E27.09132 ; perimeter
G1 Z131.868 X117.546 Y168.445 E15.97701 ; perimeter
G1 Z131.881 X118.245 Y164.642 E16.10343 ; perimeter
G1 Z131.905 X120.220 Y157.257 E31.83668 ; perimeter
G1 Z131.927 X122.516 Y151.108 E27.33539 ; perimeter
G1 Z131.939 X124.107 Y147.618 E15.97367 ; perimeter
G1 Z131.952 X125.892 Y144.187 E16.10700 ; perimeter
G1 Z131.976 X129.941 Y137.703 E31.83616 ; perimeter
G1 Z131.998 X133.934 Y132.494 E27.33408 ; perimeter
G1 Z132.000 X134.441 Y131.921 E3.18637 ; perimeter
;LAYER_CHANGE
;Z:133.5
;HEIGHT:1.5
G1 Z132.000 F960 ; simple layer change
G1 F2400
G1 Z132.010 X136.475 Y129.621 E12.78699 ; perimeter
G1 Z132.022 X139.165 Y126.885 E15.97934 ; perimeter
G1 Z132.043 X144.037 Y122.574 E27.09294 ; perimeter
G1 Z132.056 X147.081 Y120.238 E15.97991 ; perimeter
G1 Z132.068 X150.268 Y118.048 E16.10433 ; perimeter
G1 Z132.093 X156.899 Y114.217 E31.89502 ; perimeter
G1 Z132.114 X162.829 Y111.511 E27.14440 ; perimeter
G1 Z132.135 X168.932 Y109.350 E26.96303 ; perimeter
G1 Z132.147 X172.629 Y108.325 E15.97751 ; perimeter
G1 Z132.160 X176.405 Y107.488 E16.10740 ; perimeter
G1 Z132.172 X180.219 Y106.850 E16.10467 ; perimeter
G1 Z132.185 X184.062 Y106.412 E16.10835 ; perimeter
G1 Z132.210 X191.716 Y106.143 E31.89572 ; perimeter
G1 Z132.231 X198.252 Y106.539 E27.27028 ; perimeter
G1 Z132.243 X202.056 Y107.040 E15.97912 ; perimeter
G1 Z132.256 X205.828 Y107.739 E15.97652 ; perimeter
G1 Z132.277 X212.121 Y109.385 E27.08954 ; perimeter
G1 Z132.289 X215.745 Y110.638 E15.97174 ; perimeter
G1 Z132.302 X219.362 Y112.005 E16.10228 ; perimeter
G1 Z132.326 X226.248 Y115.359 E31.89570 ; perimeter
G1 Z132.348 X231.833 Y118.778 E27.27409 ; perimeter
G1 Z132.360 X234.956 Y121.005 E15.97436 ; perimeter
G1 Z132.372 X237.982 Y123.413 E16.10544 ; perimeter
G1 Z132.385 X240.879 Y125.975 E16.10613 ; perimeter
G1 Z132.397 X243.615 Y128.665 E15.97934 ; perimeter
G1 Z132.418 X247.926 Y133.537 E27.09296 ; perimeter
G1 Z132.431 X250.261 Y136.581 E15.97731 ; perimeter
G1 Z132.443 X252.452 Y139.768 E16.10675 ; perimeter
G1 Z132.468 X256.283 Y146.399 E31.89514 ; perimeter
G1 Z132.489 X259.001 Y152.357 E27.27124 ; perimeter
G1 Z132.502 X260.345 Y155.951 E15.98007 ; perimeter
G1 Z132.514 X261.508 Y159.639 E16.10480 ; perimeter
G1 Z132.527 X262.413 Y163.398 E16.10054 ; perimeter
G1 Z132.539 X263.239 Y167.143 E15.97433 ; perimeter
G1 Z132.560 X264.090 Y173.592 E27.08957 ; perimeter
G1 Z132.572 X264.324 Y177.422 E15.98029 ; perimeter
G1 Z132.585 X264.358 Y181.289 E16.10531 ; perimeter
G1 Z132.610 X263.826 Y188.930 E31.89907 ; perimeter
G1 Z132.631 X262.748 Y195.389 E27.27144 ; perimeter
G1 Z132.643 X261.852 Y199.119 E15.97609 ; perimeter
G1 Z132.656 X260.754 Y202.827 E16.10532 ; perimeter
G1 Z132.668 X259.463 Y206.472 E16.10421 ; perimeter
G1 Z132.681 X257.995 Y210.017 E15.97940 ; perimeter
G1 Z132.702 X255.092 Y215.839 E27.09357 ; perimeter
G1 Z132.714 X253.145 Y219.145 E15.97868 ; perimeter
G1 Z132.726 X251.027 Y222.344 E15.97807 ; perimeter
G1 Z132.748 X247.067 Y227.505 E27.09178 ; perimeter
G1 Z132.760 X244.525 Y230.379 E15.97924 ; perimeter
G1 Z132.772 X241.814 Y233.137 E16.10597 ; perimeter
G1 Z132.785 X238.963 Y235.750 E16.10591 ; perimeter
G1 Z132.797 X236.002 Y238.190 E15.97896 ; perimeter
G1 Z132.818 X230.706 Y241.968 E27.09286 ; perimeter
G1 Z132.831 X227.435 Y243.973 E15.97809 ; perimeter
G1 Z132.843 X224.063 Y245.803 E15.97793 ; perimeter
G1 Z132.864 X218.143 Y248.500 E27.09398 ; perimeter
G1 Z132.877 X214.539 Y249.818 E15.97845 ; perimeter
G1 Z132.889 X210.859 Y250.999 E16.09947 ; perimeter
G1 Z132.902 X207.115 Y251.967 E16.10318 ; perimeter
G1 Z132.914 X203.326 Y252.738 E16.10537 ; perimeter
G1 Z132.927 X199.501 Y253.310 E16.10496 ; perimeter
G1 Z132.939 X195.683 Y253.678 E15.97630 ; perimeter
G1 Z132.960 X189.180 Y253.857 E27.09090 ; perimeter
G1 Z132.972 X185.347 Y253.689 E15.97839 ; perimeter
G1 Z132.985 X181.528 Y253.322 E15.97806 ; perimeter
G1 Z133.006 X175.142 Y252.253 E26.96547 ; perimeter
G1 Z133.027 X168.874 Y250.632 E26.96281 ; perimeter
G1 Z133.039 X165.235 Y249.414 E15.98152 ; perimeter
G1 Z133.052 X161.637 Y247.997 E16.10456 ; perimeter
G1 Z133.064 X158.118 Y246.393 E16.10605 ; perimeter
G1 Z133.076 X154.715 Y244.622 E15.97667 ; perimeter
G1 Z133.098 X149.168 Y241.223 E27.09335 ; perimeter
G1 Z133.110 X146.044 Y238.995 E15.98017 ; perimeter
G1 Z133.122 X143.018 Y236.587 E16.10547 ; perimeter
G1 Z133.135 X140.121 Y234.025 E16.10617 ; perimeter
G1 Z133.147 X137.385 Y231.335 E15.97932 ; perimeter
G1 Z133.168 X133.074 Y226.463 E27.09301 ; perimeter
G1 Z133.181 X130.738 Y223.419 E15.97984 ; perimeter
G1 Z133.193 X128.548 Y220.232 E16.10435 ; perimeter
G1 Z133.218 X124.716 Y213.601 E31.89535 ; perimeter
G1 Z133.239 X122.011 Y207.671 E27.14445 ; perimeter
G1 Z133.260 X119.850 Y201.568 E26.96307 ; perimeter
G1 Z133.272 X118.825 Y197.871 E15.97750 ; perimeter
G1 Z133.285 X117.988 Y194.095 E16.10741 ; perimeter
G1 Z133.297 X117.350 Y190.281 E16.10466 ; perimeter
G1 Z133.310 X116.912 Y186.438 E16.10835 ; perimeter
G1 Z133.322 X116.676 Y182.578 E16.10555 ; perimeter
G1 Z133.335 X116.642 Y178.741 E15.98037 ; perimeter
G1 Z133.356 X117.039 Y172.248 E27.09154 ; perimeter
G1 Z133.368 X117.540 Y168.444 E15.97912 ; perimeter
G1 Z133.381 X118.245 Y164.642 E16.10390 ; perimeter
G1 Z133.406 X120.225 Y157.243 E31.89849 ; perimeter
G1 Z133.427 X122.516 Y151.109 E27.26953 ; perimeter
G1 Z133.439 X124.107 Y147.618 E15.97743 ; perimeter
G1 Z133.452 X125.892 Y144.187 E16.10706 ; perimeter
G1 Z133.476 X129.949 Y137.691 E31.89618 ; perimeter
G1 Z133.498 X133.934 Y132.494 E27.27416 ; perimeter
G1 Z133.500 X134.441 Y131.921 E3.18637 ; perimeter
;LAYER_CHANGE
;Z:135
;HEIGHT:1.5
G1 Z133.500 F960 ; simple layer change
G1 F2400
G1 Z133.510 X136.475 Y129.621 E12.78699 ; perimeter
G1 Z133.522 X139.165 Y126.885 E15.97936 ; perimeter
G1 Z133.543 X144.037 Y122.574 E27.09293 ; perimeter
G1 Z133.556 X147.081 Y120.238 E15.97987 ; perimeter
G1 Z133.568 X150.268 Y118.048 E16.10435 ; perimeter
G1 Z133.581 X153.613 Y116.109 E16.10336 ; perimeter
G1 Z133.593 X156.912 Y114.210 E15.85142 ; perimeter
G1 Z133.614 X162.829 Y111.511 E27.08478 ; perimeter
G1 Z133.635 X168.932 Y109.350 E26.96316 ; perimeter
G1 Z133.647 X172.629 Y108.325 E15.97750 ; perimeter
G1 Z133.660 X176.405 Y107.488 E16.10741 ; perimeter
G1 Z133.672 X180.219 Y106.850 E16.10460 ; perimeter
G1 Z133.685 X184.062 Y106.412 E16.10841 ; perimeter
G1 Z133.697 X187.925 Y106.263 E16.10027 ; perimeter
G1 Z133.710 X191.730 Y106.143 E15.85399 ; perimeter
G1 Z133.731 X198.252 Y106.539 E27.21203 ; perimeter
G1 Z133.743 X202.056 Y107.040 E15.97912 ; perimeter
G1 Z133.756 X205.858 Y107.746 E16.10344 ; perimeter
G1 Z133.768 X209.605 Y108.703 E16.10607 ; perimeter
G1 Z133.781 X213.266 Y109.745 E15.85168 ; perimeter
G1 Z133.802 X219.391 Y112.016 E27.20652 ; perimeter
G1 Z133.826 X226.261 Y115.366 E31.82936 ; perimeter
G1 Z133.848 X231.832 Y118.778 E27.20917 ; perimeter
G1 Z133.860 X234.956 Y121.005 E15.97787 ; perimeter
G1 Z133.872 X237.982 Y123.413 E16.10543 ; perimeter
G1 Z133.885 X240.879 Y125.975 E16.10619 ; perimeter
G1 Z133.897 X243.615 Y128.665 E15.97936 ; perimeter
G1 Z133.918 X247.926 Y133.537 E27.09292 ; perimeter
G1 Z133.931 X250.262 Y136.581 E15.97976 ; perimeter
G1 Z133.943 X252.452 Y139.768 E16.10439 ; perimeter
G1 Z133.956 X254.413 Y143.101 E16.10379 ; perimeter
G1 Z133.968 X256.290 Y146.412 E15.85200 ; perimeter
G1 Z133.989 X259.001 Y152.357 E27.21159 ; perimeter
G1 Z134.002 X260.345 Y155.950 E15.97622 ; perimeter
G1 Z134.014 X261.508 Y159.639 E16.10868 ; perimeter
G1 Z134.027 X262.476 Y163.383 E16.10515 ; perimeter
G1 Z134.039 X263.241 Y167.143 E15.97988 ; perimeter
G1 Z134.060 X264.090 Y173.592 E27.08954 ; perimeter
G1 Z134.072 X264.324 Y177.422 E15.98033 ; perimeter
G1 Z134.085 X264.358 Y181.289 E16.10531 ; perimeter
G1 Z134.097 X264.129 Y185.149 E16.10308 ; perimeter
G1 Z134.110 X263.820 Y188.972 E15.97279 ; perimeter
G1 Z134.131 X262.748 Y195.388 E27.09214 ; perimeter
G1 Z134.143 X261.852 Y199.119 E15.98004 ; perimeter
G1 Z134.156 X260.754 Y202.827 E16.10538 ; perimeter
G1 Z134.168 X259.463 Y206.472 E16.10415 ; perimeter
G1 Z134.181 X257.995 Y210.017 E15.97946 ; perimeter
G1 Z134.202 X255.092 Y215.839 E27.09357 ; perimeter
G1 Z134.214 X253.145 Y219.145 E15.97861 ; perimeter
G1 Z134.226 X251.027 Y222.344 E15.97813 ; perimeter
G1 Z134.248 X247.067 Y227.505 E27.09174 ; perimeter
G1 Z134.260 X244.525 Y230.379 E15.97928 ; perimeter
G1 Z134.272 X241.814 Y233.137 E16.10597 ; perimeter
G1 Z134.285 X238.963 Y235.750 E16.10591 ; perimeter
G1 Z134.297 X236.002 Y238.190 E15.97896 ; perimeter
G1 Z134.318 X230.706 Y241.968 E27.09286 ; perimeter
G1 Z134.331 X227.435 Y243.973 E15.97806 ; perimeter
G1 Z134.343 X224.063 Y245.803 E15.97799 ; perimeter
G1 Z134.364 X218.171 Y248.488 E26.96580 ; perimeter
G1 Z134.385 X212.065 Y250.642 E26.96335 ; perimeter
G1 Z134.397 X208.369 Y251.666 E15.97555 ; perimeter
G1 Z134.410 X204.593 Y252.503 E16.10550 ; perimeter
G1 Z134.422 X200.780 Y253.142 E16.10273 ; perimeter
G1 Z134.435 X196.937 Y253.580 E16.10649 ; perimeter
G1 Z134.447 X193.077 Y253.798 E16.10078 ; perimeter
G1 Z134.460 X189.241 Y253.857 E15.97894 ; perimeter
G1 Z134.481 X182.749 Y253.454 E27.09011 ; perimeter
G1 Z134.493 X178.948 Y252.937 E15.97476 ; perimeter
G1 Z134.506 X175.172 Y252.260 E15.97516 ; perimeter
G1 Z134.527 X168.874 Y250.632 E27.09171 ; perimeter
G1 Z134.539 X165.235 Y249.414 E15.98154 ; perimeter
G1 Z134.552 X161.637 Y247.997 E16.10460 ; perimeter
G1 Z134.564 X158.118 Y246.393 E16.10599 ; perimeter
G1 Z134.576 X154.739 Y244.635 E15.86296 ; perimeter
G1 Z134.598 X149.168 Y241.222 E27.20909 ; perimeter
G1 Z134.610 X146.044 Y238.995 E15.97779 ; perimeter
G1 Z134.622 X143.018 Y236.587 E16.10547 ; perimeter
G1 Z134.635 X140.121 Y234.025 E16.10617 ; perimeter
G1 Z134.647 X137.385 Y231.335 E15.97932 ; perimeter
G1 Z134.668 X133.074 Y226.463 E27.09301 ; perimeter
G1 Z134.681 X130.738 Y223.419 E15.97984 ; perimeter
G1 Z134.693 X128.548 Y220.232 E16.10435 ; perimeter
G1 Z134.706 X126.544 Y216.924 E16.10685 ; perimeter
G1 Z134.718 X124.710 Y213.588 E15.85501 ; perimeter
G1 Z134.739 X122.011 Y207.671 E27.08477 ; perimeter
G1 Z134.760 X119.850 Y201.568 E26.96316 ; perimeter
G1 Z134.772 X118.825 Y197.871 E15.97749 ; perimeter
G1 Z134.785 X117.988 Y194.095 E16.10741 ; perimeter
G1 Z134.797 X117.350 Y190.281 E16.10466 ; perimeter
G1 Z134.810 X116.912 Y186.438 E16.10835 ; perimeter
G1 Z134.822 X116.676 Y182.578 E16.10555 ; perimeter
G1 Z134.835 X116.642 Y178.741 E15.98037 ; perimeter
G1 Z134.856 X117.039 Y172.248 E27.09154 ; perimeter
G1 Z134.868 X117.540 Y168.444 E15.97912 ; perimeter
G1 Z134.881 X118.245 Y164.642 E16.10390 ; perimeter
G1 Z134.893 X119.155 Y160.883 E16.10760 ; perimeter
G1 Z134.906 X120.229 Y157.229 E15.86082 ; perimeter
G1 Z134.927 X122.516 Y151.109 E27.20914 ; perimeter
G1 Z134.939 X124.107 Y147.618 E15.97746 ; perimeter
G1 Z134.952 X125.892 Y144.187 E16.10700 ; perimeter
G1 Z134.964 X127.857 Y140.856 E16.10540 ; perimeter
G1 Z134.976 X129.957 Y137.679 E15.86121 ; perimeter
G1 Z134.998 X133.933 Y132.495 E27.20839 ; perimeter
G1 Z135.000 X134.441 Y131.921 E3.19225 ; perimeter
;LAYER_CHANGE
;Z:136.5
;HEIGHT:1.5
G1 Z135.000 F960 ; simple layer change
G1 F2400
G1 Z135.010 X136.475 Y129.621 E12.78699 ; perimeter
G1 Z135.022 X139.165 Y126.885 E15.97934 ; perimeter
G1 Z135.043 X144.037 Y122.574 E27.09291 ; perimeter
G1 Z135.056 X147.081 Y120.238 E15.97995 ; perimeter
G1 Z135.068 X150.268 Y118.048 E16.10431 ; perimeter
G1 Z135.081 X153.565 Y116.027 E16.10521 ; perimeter
G1 Z135.093 X156.925 Y114.204 E15.92171 ; perimeter
G1 Z135.114 X162.829 Y111.511 E27.02345 ; perimeter
G1 Z135.135 X168.932 Y109.350 E26.96315 ; perimeter
G1 Z135.147 X172.629 Y108.325 E15.97750 ; perimeter
G1 Z135.160 X176.405 Y107.488 E16.10741 ; perimeter
G1 Z135.172 X180.219 Y106.850 E16.10460 ; perimeter
G1 Z135.185 X184.062 Y106.412 E16.10835 ; perimeter
G1 Z135.197 X187.922 Y106.176 E16.10568 ; perimeter
G1 Z135.210 X191.745 Y106.143 E15.92179 ; perimeter
G1 Z135.231 X198.252 Y106.539 E27.14973 ; perimeter
G1 Z135.243 X202.056 Y107.040 E15.97912 ; perimeter
G1 Z135.256 X205.828 Y107.739 E15.97646 ; perimeter
G1 Z135.277 X212.121 Y109.385 E27.08966 ; perimeter
G1 Z135.289 X215.745 Y110.639 E15.97163 ; perimeter
G1 Z135.302 X219.362 Y112.005 E16.10217 ; perimeter
G1 Z135.314 X222.848 Y113.678 E16.10019 ; perimeter
G1 Z135.326 X226.284 Y115.379 E15.97088 ; perimeter
G1 Z135.348 X231.832 Y118.778 E27.09348 ; perimeter
G1 Z135.360 X234.956 Y121.005 E15.97998 ; perimeter
G1 Z135.372 X237.982 Y123.413 E16.10543 ; perimeter
G1 Z135.385 X240.879 Y125.975 E16.10619 ; perimeter
G1 Z135.397 X243.615 Y128.665 E15.97932 ; perimeter
G1 Z135.418 X247.926 Y133.537 E27.09296 ; perimeter
G1 Z135.431 X250.261 Y136.581 E15.97736 ; perimeter
G1 Z135.443 X252.452 Y139.768 E16.10682 ; perimeter
G1 Z135.456 X254.473 Y143.065 E16.10519 ; perimeter
G1 Z135.468 X256.296 Y146.425 E15.92179 ; perimeter
G1 Z135.489 X259.001 Y152.357 E27.15031 ; perimeter
G1 Z135.502 X260.345 Y155.951 E15.98014 ; perimeter
G1 Z135.514 X261.508 Y159.639 E16.10477 ; perimeter
G1 Z135.527 X262.476 Y163.383 E16.10515 ; perimeter
G1 Z135.539 X263.238 Y167.129 E15.92019 ; perimeter
G1 Z135.560 X264.090 Y173.593 E27.15321 ; perimeter
G1 Z135.572 X264.324 Y177.422 E15.97617 ; perimeter
G1 Z135.585 X264.358 Y181.289 E16.10531 ; perimeter
G1 Z135.597 X264.189 Y185.153 E16.10751 ; perimeter
G1 Z135.610 X263.823 Y188.958 E15.91966 ; perimeter
G1 Z135.631 X262.748 Y195.388 E27.15042 ; perimeter
G1 Z135.643 X261.852 Y199.119 E15.98001 ; perimeter
G1 Z135.656 X260.754 Y202.827 E16.10538 ; perimeter
G1 Z135.668 X259.463 Y206.472 E16.10421 ; perimeter
G1 Z135.681 X257.995 Y210.017 E15.97940 ; perimeter
G1 Z135.702 X255.092 Y215.839 E27.09360 ; perimeter
G1 Z135.714 X253.145 Y219.145 E15.97856 ; perimeter
G1 Z135.727 X251.027 Y222.344 E15.97816 ; perimeter
G1 Z135.748 X247.067 Y227.505 E27.09178 ; perimeter
G1 Z135.760 X244.525 Y230.379 E15.97924 ; perimeter
G1 Z135.772 X241.814 Y233.137 E16.10597 ; perimeter
G1 Z135.785 X238.963 Y235.750 E16.10591 ; perimeter
G1 Z135.797 X236.002 Y238.190 E15.97896 ; perimeter
G1 Z135.818 X230.706 Y241.968 E27.09290 ; perimeter
G1 Z135.831 X227.435 Y243.973 E15.97809 ; perimeter
G1 Z135.843 X224.075 Y245.797 E15.92209 ; perimeter
G1 Z135.864 X218.171 Y248.488 E27.02163 ; perimeter
G1 Z135.885 X212.068 Y250.650 E26.96454 ; perimeter
G1 Z135.897 X208.371 Y251.675 E15.97750 ; perimeter
G1 Z135.910 X204.595 Y252.512 E16.10741 ; perimeter
G1 Z135.922 X200.781 Y253.150 E16.10466 ; perimeter
G1 Z135.935 X196.938 Y253.588 E16.10835 ; perimeter
G1 Z135.947 X193.078 Y253.824 E16.10555 ; perimeter
G1 Z135.960 X189.241 Y253.858 E15.98037 ; perimeter
G1 Z135.981 X182.748 Y253.461 E27.09154 ; perimeter
G1 Z135.993 X178.944 Y252.960 E15.97912 ; perimeter
G1 Z136.006 X175.172 Y252.261 E15.97651 ; perimeter
G1 Z136.027 X168.874 Y250.632 E27.09209 ; perimeter
G1 Z136.039 X165.235 Y249.414 E15.98152 ; perimeter
G1 Z136.052 X161.637 Y247.997 E16.10456 ; perimeter
G1 Z136.064 X158.118 Y246.393 E16.10605 ; perimeter
G1 Z136.076 X154.727 Y244.628 E15.92075 ; perimeter
G1 Z136.098 X149.168 Y241.223 E27.14904 ; perimeter
G1 Z136.110 X146.044 Y238.995 E15.98010 ; perimeter
G1 Z136.122 X143.018 Y236.587 E16.10547 ; perimeter
G1 Z136.135 X140.121 Y234.025 E16.10617 ; perimeter
G1 Z136.147 X137.385 Y231.335 E15.97932 ; perimeter
G1 Z136.168 X133.074 Y226.463 E27.09296 ; perimeter
G1 Z136.181 X130.738 Y223.419 E15.97989 ; perimeter
G1 Z136.193 X128.548 Y220.232 E16.10435 ; perimeter
G1 Z136.206 X126.527 Y216.935 E16.10522 ; perimeter
G1 Z136.218 X124.703 Y213.575 E15.92204 ; perimeter
G1 Z136.239 X122.012 Y207.671 E27.02163 ; perimeter
G1 Z136.260 X119.850 Y201.568 E26.96464 ; perimeter
G1 Z136.272 X118.825 Y197.871 E15.97750 ; perimeter
G1 Z136.285 X117.988 Y194.095 E16.10741 ; perimeter
G1 Z136.297 X117.350 Y190.281 E16.10466 ; perimeter
G1 Z136.310 X116.912 Y186.438 E16.10835 ; perimeter
G1 Z136.322 X116.676 Y182.578 E16.10555 ; perimeter
G1 Z136.335 X116.642 Y178.741 E15.98037 ; perimeter
G1 Z136.356 X117.039 Y172.248 E27.09154 ; perimeter
G1 Z136.368 X117.540 Y168.444 E15.97912 ; perimeter
G1 Z136.381 X118.245 Y164.642 E16.10390 ; perimeter
G1 Z136.393 X119.148 Y160.881 E16.10837 ; perimeter
G1 Z136.406 X120.233 Y157.216 E15.91823 ; perimeter
G1 Z136.427 X122.516 Y151.109 E27.15257 ; perimeter
G1 Z136.439 X124.107 Y147.618 E15.97746 ; perimeter
G1 Z136.452 X125.892 Y144.187 E16.10700 ; perimeter
G1 Z136.464 X127.855 Y140.855 E16.10571 ; perimeter
G1 Z136.476 X129.965 Y137.667 E15.92148 ; perimeter
G1 Z136.498 X133.933 Y132.495 E27.14845 ; perimeter
G1 Z136.500 X134.441 Y131.921 E3.19225 ; perimeter
;LAYER_CHANGE
;Z:136.5
;HEIGHT:1.5
G1 X136.475 Y129.621 E12.70238 ; perimeter
G1 X139.165 Y126.885 E15.74147 ; perimeter
G1 X144.037 Y122.574 E26.30987 ; perimeter
G1 X147.081 Y120.238 E15.38588 ; perimeter
G1 X150.268 Y118.048 E15.37151 ; perimeter
G1 X153.565 Y116.027 E15.23811 ; perimeter
G1 X156.925 Y114.203 E14.93371 ; perimeter
G1 X162.829 Y111.511 E24.96799 ; perimeter
G1 X168.932 Y109.35 E24.53613 ; perimeter
G1 X172.629 Y108.325 E14.40723 ; perimeter
G1 X176.405 Y107.488 E14.39012 ; perimeter
G1 X180.219 Y106.85 E14.25346 ; perimeter
G1 X184.062 Y106.412 E14.12246 ; perimeter
G1 X187.922 Y106.176 E13.98579 ; perimeter
G1 X191.745 Y106.142 E13.69528 ; perimeter
G1 X198.252 Y106.539 E22.97129 ; perimeter
G1 X202.056 Y107.04 E13.38775 ; perimeter
G1 X205.828 Y107.739 E13.25348 ; perimeter
G1 X212.126 Y109.368 E22.09477 ; perimeter
G1 X215.765 Y110.586 E12.90145 ; perimeter
G1 X219.363 Y112.003 E12.86659 ; perimeter
G1 X222.882 Y113.607 E12.73352 ; perimeter
G1 X226.285 Y115.378 E12.49915 ; perimeter
G1 X231.832 Y118.777 E20.81638 ; perimeter
G1 X234.956 Y121.005 E12.14574 ; perimeter
G1 X237.982 Y123.413 E12.10676 ; perimeter
G1 X240.879 Y125.975 E11.97306 ; perimeter
G1 X243.615 Y128.665 E11.74664 ; perimeter
G1 X247.926 Y133.537 E19.53663 ; perimeter
G1 X250.261 Y136.581 E11.38911 ; perimeter
G1 X252.452 Y139.768 E11.34709 ; perimeter
G1 X254.473 Y143.065 E11.21181 ; perimeter
G1 X256.297 Y146.425 E10.95318 ; perimeter
G1 X259.001 Y152.357 E18.29583 ; perimeter
G1 X260.345 Y155.951 E10.63641 ; perimeter
G1 X261.508 Y159.639 E10.58523 ; perimeter
G1 X262.476 Y163.383 E10.45125 ; perimeter
G1 X263.238 Y167.129 E10.20011 ; perimeter
G1 X264.09 Y173.593 E17.01549 ; perimeter
G1 X264.324 Y177.422 E9.87941 ; perimeter
G1 X264.358 Y181.289 E9.82504 ; perimeter
G1 X264.189 Y185.153 E9.69217 ; perimeter
G1 X263.823 Y188.958 E9.44794 ; perimeter
G1 X262.748 Y195.388 E15.73169 ; perimeter
G1 X261.852 Y199.119 E9.12718 ; perimeter
G1 X260.754 Y202.827 E9.06450 ; perimeter
G1 X259.463 Y206.472 E8.92965 ; perimeter
G1 X257.995 Y210.017 E8.72838 ; perimeter
G1 X255.092 Y215.839 E14.41937 ; perimeter
G1 X253.145 Y219.145 E8.37179 ; perimeter
G1 X251.027 Y222.344 E8.23943 ; perimeter
G1 X247.067 Y227.505 E13.59066 ; perimeter
G1 X244.525 Y230.379 E7.88389 ; perimeter
G1 X241.814 Y233.137 E7.81220 ; perimeter
G1 X238.963 Y235.75 E7.67794 ; perimeter
G1 X236.002 Y238.19 E7.48531 ; perimeter
G1 X230.706 Y241.968 E12.31179 ; perimeter
G1 X227.435 Y243.973 E7.12879 ; perimeter
G1 X224.075 Y245.797 E6.97265 ; perimeter
G1 X218.171 Y248.488 E11.45558 ; perimeter
G1 X212.068 Y250.65 E11.05513 ; perimeter
G1 X208.371 Y251.675 E6.41848 ; perimeter
G1 X204.595 Y252.512 E6.33642 ; perimeter
G1 X200.781 Y253.15 E6.20114 ; perimeter
G1 X196.938 Y253.588 E6.06829 ; perimeter
G1 X193.078 Y253.824 E5.93302 ; perimeter
G1 X189.241 Y253.858 E5.75477 ; perimeter
G1 X182.748 Y253.461 E9.37628 ; perimeter
G1 X178.944 Y252.96 E5.39820 ; perimeter
G1 X175.172 Y252.261 E5.26523 ; perimeter
G1 X168.874 Y250.632 E8.54872 ; perimeter
G1 X165.235 Y249.414 E4.91069 ; perimeter
G1 X161.637 Y247.997 E4.81430 ; perimeter
G1 X158.118 Y246.393 E4.68051 ; perimeter
G1 X154.727 Y244.628 E4.49552 ; perimeter
G1 X149.168 Y241.223 E7.28463 ; perimeter
G1 X146.044 Y238.995 E4.15566 ; perimeter
G1 X143.018 Y236.587 E4.05403 ; perimeter
G1 X140.121 Y234.025 E3.91998 ; perimeter
G1 X137.385 Y231.335 E3.75698 ; perimeter
G1 X133.074 Y226.463 E5.99015 ; perimeter
G1 X130.738 Y223.419 E3.40096 ; perimeter
G1 X128.548 Y220.232 E3.29325 ; perimeter
G1 X126.527 Y216.935 E3.15921 ; perimeter
G1 X124.703 Y213.575 E2.99212 ; perimeter
G1 X122.012 Y207.671 E4.70015 ; perimeter
G1 X119.85 Y201.568 E4.31399 ; perimeter
G1 X118.825 Y197.871 E2.42411 ; perimeter
G1 X117.988 Y194.095 E2.30957 ; perimeter
G1 X117.35 Y190.281 E2.17497 ; perimeter
G1 X116.912 Y186.438 E2.04121 ; perimeter
G1 X116.676 Y182.578 E1.90663 ; perimeter
G1 X116.642 Y178.741 E1.75967 ; perimeter
G1 X117.039 Y172.248 E2.60340 ; perimeter
G1 X117.54 Y168.444 E1.40341 ; perimeter
G1 X118.245 Y164.642 E1.28018 ; perimeter
G1 X119.148 Y160.881 E1.14627 ; perimeter
G1 X120.233 Y157.216 E1.00163 ; perimeter
G1 X122.516 Y151.109 E1.32704 ; perimeter
G1 X124.107 Y147.618 E0.64878 ; perimeter
G1 X125.892 Y144.187 E0.51980 ; perimeter
G1 X127.855 Y140.855 E0.38554 ; perimeter
G1 X129.965 Y137.667 E0.24996 ; perimeter
G1 X133.933 Y132.495 E0.04484 ; perimeter
G1 X134.441 Y131.921 E0.00000 ; perimeter
G1 E-80 F1020 ; retract
M107 ; disable fan
;TYPE:Custom
; Filament-specific end gcode
G91
G0 Z10 E-500 F1000 ;lift and retract clay
G90
G28 ;Home all
; objects_info = {"objects":[]}
; filament used [mm] = 183334.68
; filament used [cm3] = 440.97
; filament used [g] = 546.80
; total filament used [g] = 546.80
; total filament cost = 0.00
; total filament used for wipe tower [g] = 0.00
; estimated printing time (normal mode) = 19m 5s
; estimated first layer printing time (normal mode) = 1m 9s

; prusaslicer_config = begin
; arc_fitting = disabled
; autoemit_temperature_commands = 0
; automatic_extrusion_widths = 0
; automatic_infill_combination = 0
; automatic_infill_combination_max_layer_height = 100%
; avoid_crossing_curled_overhangs = 0
; avoid_crossing_perimeters = 0
; avoid_crossing_perimeters_max_detour = 0
; bed_custom_model = 
; bed_custom_texture = 
; bed_shape = 0x0,381x0,381x360,0x360
; bed_temperature = 0
; bed_temperature_extruder = 0
; before_layer_gcode = 
; between_objects_gcode = 
; binary_gcode = 0
; bottom_fill_pattern = archimedeanchords
; bottom_solid_layers = 0
; bottom_solid_min_thickness = 0
; bridge_acceleration = 1000
; bridge_angle = 0
; bridge_fan_speed = 0
; bridge_flow_ratio = 1
; bridge_speed = 40
; brim_separation = 0
; brim_type = outer_only
; brim_width = 0
; chamber_minimal_temperature = 0
; chamber_temperature = 0
; color_change_gcode = 
; colorprint_heights = 
; compatible_printers_condition_cummulative = "printer_notes=~/.*PRINTER_VENDOR_POTTERBOT.*/ and printer_notes=~/.*PRINTER_MODEL_9.*/ and nozzle_diameter[0]==7";"printer_notes=~/.*PRINTER_VENDOR_POTTERBOT.*/ and printer_notes=~/.*PRINTER_MODEL_9.*/"
; complete_objects = 0
; cooling = 0
; cooling_perimeter_transition_distance = 0
; cooling_slowdown_logic = uniform_cooling
; cooling_tube_length = 5
; cooling_tube_retraction = 91.5
; custom_parameters_filament = ""
; custom_parameters_print = 
; custom_parameters_printer = 
; default_acceleration = 1000
; default_filament_profile = "Clay Potterbot"
; default_print_profile = Vase Hollow @Potterbot 7mm
; deretract_speed = 17
; disable_fan_first_layers = 1
; dont_support_bridges = 1
; draft_shield = disabled
; duplicate_distance = 6
; elefant_foot_compensation = 0
; enable_dynamic_fan_speeds = 0
; enable_dynamic_overhang_speeds = 0
; end_filament_gcode = "; Filament-specific end gcode"
; end_gcode = G91\nG0 Z10 E-500 F1000 ;lift and retract clay\nG90\nG28 ;Home all
; ensure_vertical_shell_thickness = partial
; external_perimeter_acceleration = 1000
; external_perimeter_extrusion_width = 7
; external_perimeter_speed = 40
; external_perimeters_first = 0
; extra_loading_move = -2
; extra_perimeters = 0
; extra_perimeters_on_overhangs = 0
; extruder_clearance_height = 40
; extruder_clearance_radius = 40
; extruder_colour = #C4A574
; extruder_offset = 0x0
; extrusion_axis = E
; extrusion_multiplier = 1
; extrusion_width = 7
; fan_always_on = 0
; fan_below_layer_time = 0
; filament_abrasive = 0
; filament_colour = #55AAFF
; filament_cooling_final_speed = 3.4
; filament_cooling_initial_speed = 2.2
; filament_cooling_moves = 4
; filament_cost = 0
; filament_density = 1.24
; filament_deretract_speed = nil
; filament_diameter = 1.75
; filament_flush_speed = 0
; filament_flush_volume = 0
; filament_infill_max_crossing_speed = 0
; filament_infill_max_speed = 0
; filament_load_time = 0
; filament_loading_speed = 28
; filament_loading_speed_start = 3
; filament_max_volumetric_speed = 0
; filament_minimal_purge_on_wipe_tower = 15
; filament_multitool_ramming = 0
; filament_multitool_ramming_flow = 10
; filament_multitool_ramming_volume = 10
; filament_notes = "EXPERIMENTAL. Official 3D Potter Clay material: 1.75 mm volumetric model, 0 C, no fan. Mid-print retract lives on the printer (E-80 at 17 mm/s, 5 mm hop). End G-code retracts E-500. Prime clay from Duet macros if the ram is not already charged."
; filament_purge_multiplier = 100%
; filament_ramming_parameters = "120 100 6.6 6.8 7.2 7.6 7.9 8.2 8.7 9.4 9.9 10.0| 0.05 6.6 0.45 6.8 0.95 7.8 1.45 8.3 1.95 9.7 2.45 10 2.95 7.6 3.45 7.6 3.95 7.6 4.45 7.6 4.95 7.6"
; filament_retract_before_travel = nil
; filament_retract_before_wipe = nil
; filament_retract_layer_change = 0
; filament_retract_length = nil
; filament_retract_length_toolchange = nil
; filament_retract_lift = nil
; filament_retract_lift_above = nil
; filament_retract_lift_below = nil
; filament_retract_restart_extra = nil
; filament_retract_restart_extra_toolchange = nil
; filament_retract_speed = nil
; filament_seam_gap_distance = nil
; filament_settings_id = "Clay Potterbot"
; filament_shrinkage_compensation_xy = 0%
; filament_shrinkage_compensation_z = 0%
; filament_soluble = 0
; filament_spool_weight = 0
; filament_stamping_distance = 0
; filament_stamping_loading_speed = 20
; filament_toolchange_delay = 0
; filament_travel_lift_before_obstacle = nil
; filament_travel_max_lift = nil
; filament_travel_ramping_lift = nil
; filament_travel_slope = nil
; filament_type = FLEX
; filament_unload_time = 0
; filament_unloading_speed = 90
; filament_unloading_speed_start = 100
; filament_vendor = 3D Potter
; filament_wipe = nil
; fill_angle = 45
; fill_density = 0%
; fill_pattern = grid
; first_layer_acceleration = 500
; first_layer_acceleration_over_raft = 0
; first_layer_bed_temperature = 0
; first_layer_extrusion_width = 7
; first_layer_height = 1.5
; first_layer_infill_speed = 20
; first_layer_speed = 40
; first_layer_speed_over_raft = 30
; first_layer_temperature = 0
; full_fan_speed_layer = 0
; fuzzy_skin = none
; fuzzy_skin_point_dist = 0.8
; fuzzy_skin_thickness = 0.3
; gap_fill_enabled = 0
; gap_fill_speed = 40
; gcode_comments = 1
; gcode_flavor = reprapfirmware
; gcode_label_objects = disabled
; gcode_resolution = 0.1
; gcode_substitutions = 
; high_current_on_filament_swap = 0
; host_type = duet
; idle_temperature = 0
; infill_acceleration = 1000
; infill_anchor = 0
; infill_anchor_max = 0
; infill_every_layers = 1
; infill_extruder = 1
; infill_extrusion_width = 7
; infill_first = 0
; infill_overlap = 15%
; infill_speed = 40
; interface_shells = 0
; interlocking_beam = 0
; interlocking_beam_layer_count = 2
; interlocking_beam_width = 0.8
; interlocking_boundary_avoidance = 2
; interlocking_depth = 2
; interlocking_orientation = 22.5
; ironing = 0
; ironing_flowrate = 15%
; ironing_spacing = 0.1
; ironing_speed = 15
; ironing_type = top
; layer_gcode = 
; layer_height = 1.5
; machine_limits_usage = time_estimate_only
; machine_max_acceleration_e = 3000,3000
; machine_max_acceleration_extruding = 3000,3000
; machine_max_acceleration_retracting = 3000,3000
; machine_max_acceleration_travel = 3000,3000
; machine_max_acceleration_x = 3000,3000
; machine_max_acceleration_y = 3000,3000
; machine_max_acceleration_z = 1000,1000
; machine_max_feedrate_e = 366.67,366.67
; machine_max_feedrate_x = 100,100
; machine_max_feedrate_y = 100,100
; machine_max_feedrate_z = 16.67,16.67
; machine_max_jerk_e = 50,50
; machine_max_jerk_x = 50,50
; machine_max_jerk_y = 50,50
; machine_max_jerk_z = 16.67,16.67
; machine_max_junction_deviation = 0,0
; machine_min_extruding_rate = 0,0
; machine_min_travel_rate = 0,0
; max_fan_speed = 0
; max_layer_height = 7
; max_print_height = 400
; max_print_speed = 85
; max_volumetric_extrusion_rate_slope_negative = 0
; max_volumetric_extrusion_rate_slope_positive = 0
; max_volumetric_speed = 0
; min_bead_width = 85%
; min_fan_speed = 0
; min_feature_size = 25%
; min_layer_height = 0.2
; min_print_speed = 10
; min_skirt_length = 0
; mmu_segmented_region_interlocking_depth = 0
; mmu_segmented_region_max_width = 0
; multimaterial_purging = 140
; notes = EXPERIMENTAL. Clay profiles for Potterbot 9. Layer height 1.5 mm from official 3D Potter Fine except the 1 mm nozzle (0.8 mm so extrusion width stays above layer height). Line width equals the installed nozzle. Bottoms are Archimedean chords; tops are rectilinear; sparse infill is grid. 15% infill overlap so bottoms meet the wall. PrusaSlicer Preview draws flat clay beads as rounder tubes — the dark grid is the viewer, not missing clay. Speeds from official Cura (40 mm/s print, 80 travel, 20 bottom). Printer retract is E-80 at 17 mm/s with 5 mm Z-hop (official end feed, not FAQ 1000 mm/s). Spiral vase walls do not travel so they do not retract; skirt, bottoms, infill, and hops between objects do. End G-code still pulls E-500.
; nozzle_diameter = 7
; nozzle_high_flow = 0
; only_one_perimeter_first_layer = 0
; only_retract_when_crossing_perimeters = 1
; ooze_prevention = 0
; output_filename_format = {input_filename_base}_{layer_height}mm_{printer_variant}n_{print_time}.gcode
; over_bridge_speed = 0
; overhang_fan_speed_0 = 0
; overhang_fan_speed_1 = 0
; overhang_fan_speed_2 = 0
; overhang_fan_speed_3 = 0
; overhang_speed_0 = 15
; overhang_speed_1 = 15
; overhang_speed_2 = 20
; overhang_speed_3 = 25
; overhangs = 0
; parking_pos_retraction = 92
; pause_print_gcode = M25
; perimeter_acceleration = 1000
; perimeter_extruder = 1
; perimeter_extrusion_width = 7
; perimeter_generator = arachne
; perimeter_speed = 40
; perimeters = 1
; physical_printer_settings_id = 
; post_process = "C:\\Windows\\py.exe -3 C:\\Repos\\Prusa-Slicer-Print-Profiles\\Potterbot\\scripts\\validate_gcode.py"
; prefer_clockwise_movements = 0
; print_settings_id = Vase Hollow @Potterbot 7mm
; printer_model = POTTERBOT9
; printer_notes = Don't remove the following keywords! These keywords are used in the compatible printer condition of the print and filament profiles.\nPRINTER_VENDOR_POTTERBOT\nPRINTER_MODEL_9\nEXPERIMENTAL\nNot production-ready. 3D Potterbot 9, Duet 2 WiFi, RRF 2.04RC1, 7 mm nozzle. Clay is cold (no heaters). Layer height is the official 1.5 mm Fine value. Match line width to the nozzle on the machine. Bed is the 15x15 in bat (381 mm) clipped to Y 360. After G28 the head is at X420 Y0 Z400.
; printer_settings_id = 7mm Nozzle
; printer_technology = FFF
; printer_variant = 7
; printer_vendor = 
; profile_vendor = 3D Potter (experimental)
; profile_version = 0.1.11
; raft_contact_distance = 0.1
; raft_expansion = 1.5
; raft_first_layer_density = 90%
; raft_first_layer_expansion = 3
; raft_layers = 0
; remaining_times = 0
; resolution = 0
; retract_before_travel = 15
; retract_before_wipe = 0%
; retract_layer_change = 0
; retract_length = 80
; retract_length_toolchange = 0
; retract_lift = 5
; retract_lift_above = 0
; retract_lift_below = 0
; retract_restart_extra = 10
; retract_restart_extra_toolchange = 0
; retract_speed = 17
; scarf_seam_entire_loop = 0
; scarf_seam_length = 20
; scarf_seam_max_segment_length = 1
; scarf_seam_on_inner_perimeters = 0
; scarf_seam_only_on_smooth = 1
; scarf_seam_placement = nowhere
; scarf_seam_start_height = 0%
; seam_gap_distance = 15%
; seam_position = nearest
; silent_mode = 0
; single_extruder_multi_material = 0
; single_extruder_multi_material_priming = 0
; skirt_distance = 8
; skirt_height = 1
; skirts = 3
; slice_closing_radius = 0.049
; slicing_mode = regular
; slowdown_below_layer_time = 5
; small_perimeter_speed = 40
; solid_infill_acceleration = 1000
; solid_infill_below_area = 0
; solid_infill_every_layers = 0
; solid_infill_extruder = 1
; solid_infill_extrusion_width = 7
; solid_infill_speed = 20
; spiral_vase = 1
; staggered_inner_seams = 0
; standby_temperature_delta = -5
; start_filament_gcode = ""
; start_gcode = ; EXPERIMENTAL PrusaSlicer Potterbot 9 - not production-ready\n; Start matches official Cura 3D Potter Standard\nT0\nG21\nG90\nM83\nM107\nG28 ;Home all
; support_material = 0
; support_material_angle = 0
; support_material_auto = 0
; support_material_bottom_contact_distance = 0
; support_material_bottom_interface_layers = -1
; support_material_buildplate_only = 0
; support_material_closing_radius = 2
; support_material_contact_distance = 0.2
; support_material_enforce_layers = 0
; support_material_extruder = 1
; support_material_extrusion_width = 7
; support_material_interface_contact_loops = 0
; support_material_interface_extruder = 1
; support_material_interface_layers = 3
; support_material_interface_pattern = rectilinear
; support_material_interface_spacing = 0
; support_material_interface_speed = 100%
; support_material_pattern = rectilinear
; support_material_spacing = 2.5
; support_material_speed = 60
; support_material_style = grid
; support_material_synchronize_layers = 0
; support_material_threshold = 0
; support_material_with_sheath = 1
; support_material_xy_spacing = 50%
; support_tree_angle = 40
; support_tree_angle_slow = 25
; support_tree_branch_diameter = 2
; support_tree_branch_diameter_angle = 5
; support_tree_branch_diameter_double_wall = 3
; support_tree_branch_distance = 1
; support_tree_tip_diameter = 0.8
; support_tree_top_rate = 15%
; temperature = 0
; template_custom_gcode = 
; thick_bridges = 0
; thin_walls = 0
; thumbnails = 
; thumbnails_format = PNG
; toolchange_gcode = 
; toolchange_ordering = optimized
; top_fill_pattern = rectilinear
; top_infill_extrusion_width = 7
; top_one_perimeter_type = none
; top_solid_infill_acceleration = 1000
; top_solid_infill_speed = 20
; top_solid_layers = 0
; top_solid_min_thickness = 0
; travel_acceleration = 2000
; travel_lift_before_obstacle = 0
; travel_max_lift = 0
; travel_ramping_lift = 0
; travel_short_distance_acceleration = 500
; travel_slope = 0
; travel_speed = 80
; travel_speed_z = 16
; use_firmware_retraction = 0
; use_relative_e_distances = 1
; use_volumetric_e = 0
; variable_layer_height = 0
; wall_distribution_count = 1
; wall_transition_angle = 10
; wall_transition_filter_deviation = 25%
; wall_transition_length = 100%
; wipe = 0
; wipe_into_infill = 0
; wipe_into_objects = 0
; wipe_tower = 0
; wipe_tower_acceleration = 0
; wipe_tower_bridging = 10
; wipe_tower_brim_width = 2
; wipe_tower_cone_angle = 0
; wipe_tower_extra_flow = 100%
; wipe_tower_extra_spacing = 100%
; wipe_tower_extruder = 0
; wipe_tower_no_sparse_layers = 0
; wipe_tower_width = 60
; wiping_volumes_matrix = 0
; wiping_volumes_use_custom_matrix = 0
; xy_size_compensation = 0
; z_offset = 0
; prusaslicer_config = end
